time_index,elapsed_hours,cell_000,cell_001,cell_002,cell_003,cell_004,cell_005,cell_006,cell_007,cell_008,cell_009,cell_010,cell_011,cell_012,cell_013,cell_014,cell_015,cell_016,cell_017,cell_018,cell_019,cell_020,cell_021,cell_022,cell_023,cell_024,cell_025,cell_026,cell_027,cell_028,cell_029,cell_030,cell_031,cell_032,cell_033,cell_034,cell_035,cell_036,cell_037,cell_038,cell_039,cell_040,cell_041,cell_042,cell_043,cell_044,cell_045,cell_046,cell_047,cell_048,cell_049,cell_050,cell_051,cell_052,cell_053,cell_054,cell_055,cell_056,cell_057,cell_058,cell_059,cell_060,cell_061,cell_062,cell_063,cell_064,cell_065,cell_066,cell_067,cell_068,cell_069,cell_070,cell_071,cell_072,cell_073,cell_074,cell_075,cell_076,cell_077,cell_078,cell_079,cell_080,cell_081,cell_082,cell_083,cell_084,cell_085,cell_086,cell_087,cell_088,cell_089,cell_090,cell_091,cell_092,cell_093,cell_094,cell_095,cell_096,cell_097,cell_098,cell_099,cell_100,cell_101,cell_102,cell_103,cell_104,cell_105,cell_106,cell_107,cell_108,cell_109,cell_110,cell_111,cell_112,cell_113,cell_114,cell_115,cell_116,cell_117,cell_118,cell_119,cell_120,cell_121,cell_122,cell_123,cell_124,cell_125,cell_126,cell_127,cell_128,cell_129,cell_130,cell_131,cell_132,cell_133,cell_134,cell_135,cell_136,cell_137,cell_138,cell_139,cell_140,cell_141,cell_142,cell_143,cell_144,cell_145,cell_146,cell_147,cell_148,cell_149,cell_150,cell_151,cell_152,cell_153,cell_154,cell_155,cell_156,cell_157,cell_158,cell_159,cell_160,cell_161,cell_162,cell_163,cell_164,cell_165,cell_166,cell_167,cell_168,cell_169,cell_170,cell_171,cell_172,cell_173,cell_174,cell_175,cell_176,cell_177,cell_178,cell_179,cell_180,cell_181,cell_182,cell_183,cell_184,cell_185,cell_186,cell_187,cell_188,cell_189,cell_190,cell_191,cell_192,cell_193,cell_194,cell_195,cell_196,cell_197,cell_198,cell_199,cell_200,cell_201,cell_202,cell_203,cell_204,cell_205,cell_206,cell_207,cell_208,cell_209
0,0.0,0.0,0.0,0.0,0.0,0.0,0.0,0.0,0.0,0.0,0.0,0.0,0.0,0.0,0.0,0.0,0.0,0.0,0.0,0.0,0.0,0.0,0.0,1.0,0.0,0.0,0.0,0.0,0.0,0.0,0.0,1.0,0.0,0.0,0.0,0.0,0.0,0.0,0.0,0.0,0.0,0.0,0.0,0.0,0.0,0.0,0.0,0.0,0.0,0.0,0.0,0.0,0.0,0.0,1.0,0.0,0.0,1.0,0.0,1.0,0.0,0.0,0.0,0.0,0.0,0.0,0.0,1.0,0.0,0.0,0.0,0.0,0.0,0.0,0.0,0.0,0.0,0.0,0.0,0.0,0.0,1.0,0.0,1.0,0.0,2.0,0.0,0.0,0.0,0.0,0.0,0.0,0.0,0.0,0.0,3.0,0.0,0.0,0.0,0.0,1.0,0.0,1.0,0.0,1.0,0.0,0.0,0.0,0.0,0.0,0.0,0.0,3.0,1.0,0.0,0.0,0.0,0.0,1.0,0.0,0.0,1.0,0.0,1.0,0.0,1.0,1.0,3.0,5.0,4.0,0.0,0.0,0.0,2.0,1.0,2.0,2.0,0.0,1.0,2.0,0.0,0.0,1.0,0.0,1.0,0.0,0.0,0.0,1.0,0.0,1.0,3.0,1.0,0.0,0.0,1.0,0.0,1.0,0.0,3.0,4.0,3.0,3.0,0.0,0.0,0.0,2.0,2.0,1.0,1.0,0.0,9.0,0.0,2.0,2.0,1.0,2.0,3.0,2.0,1.0,2.0,10.0,7.0,0.0,1.0,5.0,9.0,5.0,3.0,5.0,9.0,2.0,4.0,10.0,6.0,3.0,4.0,18.0,54.0,13.0,4.0,11.0,26.0,7.0,1.0,2.0,13.0,23.0,10.0,2.0,4.0
1,0.25,0.0,0.0,0.0,0.0,0.0,0.0,0.0,0.0,0.0,0.0,0.0,0.0,0.0,0.0,0.0,0.0,0.0,0.0,0.0,0.0,0.0,0.0,1.0,0.0,0.0,0.0,0.0,0.0,0.0,0.0,1.0,0.0,0.0,0.0,0.0,0.0,0.0,0.0,0.0,0.0,0.0,0.0,0.0,0.0,0.0,0.0,0.0,0.0,0.0,0.0,0.0,0.0,0.0,1.0,0.0,0.0,1.0,0.0,1.0,0.0,0.0,0.0,0.0,0.0,0.0,2.0,3.0,1.0,0.0,0.0,0.0,0.0,1.0,1.0,0.0,1.0,0.0,0.0,0.0,1.0,3.0,1.0,1.0,1.0,3.0,0.0,0.0,1.0,0.0,1.0,0.0,0.0,0.0,1.0,3.0,0.0,0.0,0.0,0.0,1.0,0.0,1.0,0.0,1.0,0.0,1.0,0.0,1.0,0.0,0.0,1.0,3.0,1.0,0.0,0.0,0.0,1.0,1.0,0.0,0.0,2.0,0.0,1.0,1.0,1.0,1.0,3.0,5.0,4.0,1.0,0.0,0.0,2.0,4.0,2.0,2.0,1.0,3.0,2.0,0.0,1.0,2.0,1.0,1.0,2.0,1.0,0.0,1.0,0.0,3.0,3.0,1.0,1.0,1.0,1.0,0.0,3.0,3.0,3.0,5.0,3.0,3.0,2.0,1.0,0.0,6.0,2.0,2.0,1.0,0.0,9.0,1.0,3.0,2.0,3.0,2.0,3.0,2.0,1.0,2.0,10.0,7.0,0.0,1.0,8.0,9.0,5.0,4.0,5.0,9.0,2.0,4.0,10.0,9.0,3.0,4.0,21.0,54.0,13.0,7.0,11.0,26.0,8.0,1.0,2.0,13.0,23.0,10.0,3.0,4.0
2,0.5,0.0,0.0,0.0,0.0,0.0,0.0,0.0,0.0,0.0,0.0,0.0,0.0,0.0,0.0,0.0,0.0,0.0,0.0,0.0,0.0,0.0,0.0,1.0,0.0,0.0,0.0,0.0,0.0,0.0,0.0,0.0,0.0,0.0,0.0,0.0,0.0,1.0,0.0,0.0,0.0,0.0,0.0,1.0,0.0,0.0,0.0,0.0,0.0,0.0,0.0,0.0,0.0,0.0,0.0,0.0,0.0,0.0,0.0,1.0,0.0,0.0,0.0,0.0,0.0,0.0,0.0,3.0,1.0,0.0,0.0,0.0,0.0,1.0,1.0,0.0,1.0,0.0,0.0,0.0,0.0,3.0,1.0,0.0,1.0,2.0,0.0,0.0,1.0,0.0,1.0,0.0,1.0,0.0,1.0,1.0,0.0,0.0,0.0,0.0,0.0,0.0,1.0,0.0,1.0,0.0,3.0,0.0,3.0,0.0,0.0,1.0,1.0,1.0,0.0,0.0,0.0,0.0,1.0,3.0,0.0,2.0,0.0,1.0,1.0,0.0,0.0,0.0,3.0,1.0,0.0,0.0,0.0,2.0,4.0,2.0,1.0,1.0,3.0,2.0,1.0,1.0,1.0,1.0,1.0,0.0,1.0,0.0,2.0,0.0,3.0,1.0,0.0,0.0,2.0,1.0,0.0,3.0,3.0,1.0,5.0,1.0,1.0,1.0,2.0,1.0,8.0,2.0,1.0,1.0,2.0,1.0,1.0,3.0,1.0,3.0,2.0,1.0,2.0,1.0,1.0,6.0,7.0,0.0,0.0,8.0,5.0,6.0,5.0,3.0,9.0,2.0,3.0,7.0,7.0,1.0,3.0,21.0,33.0,7.0,4.0,5.0,12.0,7.0,1.0,2.0,16.0,23.0,7.0,2.0,4.0
3,0.75,0.0,0.0,0.0,0.0,0.0,0.0,0.0,0.0,0.0,0.0,0.0,0.0,0.0,0.0,0.0,0.0,0.0,0.0,0.0,0.0,0.0,0.0,1.0,0.0,0.0,0.0,0.0,0.0,0.0,0.0,0.0,0.0,0.0,0.0,0.0,0.0,1.0,0.0,0.0,0.0,0.0,0.0,0.0,0.0,0.0,0.0,0.0,0.0,0.0,0.0,0.0,0.0,0.0,0.0,0.0,0.0,0.0,0.0,0.0,0.0,0.0,0.0,0.0,0.0,0.0,0.0,2.0,1.0,0.0,0.0,0.0,0.0,0.0,1.0,0.0,0.0,0.0,2.0,0.0,0.0,3.0,0.0,0.0,0.0,0.0,0.0,0.0,1.0,0.0,1.0,0.0,1.0,2.0,1.0,0.0,0.0,0.0,0.0,0.0,0.0,0.0,1.0,0.0,1.0,0.0,2.0,0.0,2.0,0.0,0.0,1.0,1.0,1.0,0.0,0.0,0.0,0.0,1.0,1.0,0.0,2.0,1.0,0.0,0.0,0.0,0.0,0.0,2.0,1.0,1.0,0.0,0.0,1.0,1.0,1.0,0.0,1.0,3.0,1.0,0.0,1.0,2.0,2.0,1.0,1.0,1.0,0.0,1.0,1.0,1.0,0.0,0.0,0.0,2.0,2.0,0.0,2.0,4.0,1.0,5.0,1.0,0.0,2.0,2.0,1.0,8.0,2.0,1.0,1.0,2.0,1.0,1.0,3.0,1.0,3.0,2.0,1.0,3.0,0.0,1.0,6.0,5.0,0.0,0.0,4.0,2.0,7.0,5.0,2.0,7.0,1.0,2.0,5.0,7.0,1.0,3.0,10.0,33.0,7.0,7.0,5.0,9.0,4.0,1.0,1.0,10.0,16.0,3.0,3.0,2.0
4,1.0,0.0,0.0,0.0,0.0,0.0,0.0,0.0,0.0,0.0,0.0,0.0,0.0,0.0,0.0,0.0,0.0,0.0,0.0,0.0,0.0,0.0,0.0,1.0,0.0,0.0,0.0,0.0,0.0,0.0,0.0,0.0,0.0,0.0,0.0,0.0,0.0,0.0,0.0,0.0,1.0,0.0,0.0,0.0,0.0,0.0,0.0,0.0,0.0,0.0,0.0,0.0,0.0,0.0,0.0,0.0,0.0,0.0,0.0,0.0,0.0,0.0,0.0,0.0,0.0,0.0,0.0,2.0,0.0,0.0,0.0,0.0,0.0,0.0,0.0,0.0,0.0,0.0,2.0,0.0,0.0,1.0,0.0,0.0,0.0,0.0,0.0,0.0,0.0,0.0,0.0,0.0,0.0,2.0,1.0,0.0,0.0,0.0,0.0,0.0,0.0,0.0,1.0,1.0,1.0,0.0,2.0,0.0,2.0,0.0,0.0,0.0,2.0,1.0,0.0,0.0,0.0,0.0,0.0,1.0,0.0,1.0,1.0,0.0,0.0,0.0,0.0,0.0,1.0,1.0,1.0,0.0,0.0,0.0,1.0,0.0,0.0,1.0,1.0,1.0,1.0,2.0,1.0,1.0,1.0,1.0,0.0,1.0,2.0,0.0,1.0,0.0,0.0,0.0,2.0,2.0,1.0,0.0,3.0,1.0,3.0,1.0,1.0,1.0,2.0,1.0,2.0,0.0,1.0,1.0,1.0,3.0,1.0,2.0,1.0,2.0,3.0,1.0,3.0,1.0,1.0,9.0,4.0,0.0,0.0,4.0,2.0,7.0,5.0,3.0,5.0,1.0,2.0,4.0,4.0,1.0,3.0,10.0,29.0,7.0,4.0,5.0,5.0,4.0,1.0,0.0,7.0,14.0,3.0,2.0,2.0
5,1.25,0.0,0.0,0.0,0.0,0.0,0.0,0.0,0.0,0.0,0.0,0.0,0.0,0.0,0.0,0.0,0.0,0.0,0.0,0.0,0.0,0.0,0.0,0.0,0.0,0.0,0.0,0.0,0.0,0.0,0.0,0.0,0.0,0.0,0.0,0.0,0.0,0.0,0.0,0.0,0.0,0.0,0.0,0.0,0.0,0.0,0.0,0.0,0.0,0.0,0.0,0.0,0.0,0.0,0.0,0.0,0.0,0.0,0.0,0.0,0.0,0.0,0.0,0.0,0.0,0.0,0.0,1.0,0.0,0.0,0.0,0.0,0.0,0.0,0.0,0.0,0.0,0.0,0.0,0.0,0.0,0.0,0.0,0.0,0.0,0.0,0.0,0.0,0.0,0.0,0.0,0.0,0.0,0.0,0.0,0.0,0.0,0.0,0.0,0.0,0.0,0.0,0.0,1.0,1.0,0.0,1.0,0.0,0.0,1.0,0.0,0.0,2.0,1.0,0.0,0.0,0.0,0.0,0.0,1.0,0.0,1.0,0.0,0.0,0.0,0.0,0.0,0.0,0.0,2.0,1.0,0.0,0.0,0.0,1.0,0.0,0.0,0.0,1.0,1.0,0.0,1.0,0.0,0.0,1.0,1.0,0.0,1.0,1.0,0.0,1.0,0.0,0.0,0.0,1.0,1.0,1.0,1.0,1.0,3.0,3.0,1.0,2.0,0.0,2.0,0.0,2.0,0.0,0.0,1.0,1.0,3.0,0.0,2.0,1.0,2.0,3.0,2.0,2.0,1.0,1.0,10.0,1.0,0.0,0.0,5.0,2.0,2.0,3.0,2.0,3.0,1.0,2.0,4.0,4.0,1.0,3.0,9.0,29.0,8.0,7.0,6.0,3.0,1.0,1.0,1.0,5.0,13.0,4.0,3.0,2.0
6,1.5,0.0,0.0,0.0,0.0,0.0,0.0,0.0,0.0,0.0,0.0,0.0,0.0,0.0,0.0,0.0,0.0,0.0,0.0,0.0,0.0,0.0,0.0,0.0,0.0,0.0,0.0,0.0,0.0,0.0,0.0,0.0,0.0,0.0,0.0,0.0,0.0,0.0,0.0,0.0,0.0,0.0,0.0,0.0,0.0,0.0,0.0,0.0,0.0,0.0,0.0,0.0,0.0,0.0,0.0,0.0,0.0,0.0,0.0,0.0,0.0,0.0,0.0,0.0,0.0,0.0,0.0,0.0,0.0,0.0,0.0,0.0,0.0,0.0,0.0,0.0,0.0,0.0,0.0,0.0,0.0,0.0,0.0,0.0,0.0,0.0,0.0,0.0,0.0,0.0,0.0,0.0,0.0,0.0,0.0,0.0,0.0,0.0,0.0,0.0,1.0,0.0,0.0,1.0,1.0,0.0,1.0,1.0,0.0,1.0,0.0,0.0,2.0,1.0,0.0,0.0,0.0,0.0,0.0,1.0,0.0,0.0,0.0,0.0,0.0,0.0,0.0,0.0,1.0,1.0,0.0,0.0,0.0,0.0,1.0,0.0,0.0,2.0,1.0,0.0,0.0,1.0,0.0,0.0,1.0,1.0,1.0,1.0,0.0,0.0,0.0,0.0,0.0,0.0,1.0,1.0,1.0,1.0,1.0,3.0,3.0,0.0,2.0,0.0,0.0,0.0,1.0,0.0,2.0,2.0,0.0,2.0,1.0,2.0,1.0,2.0,2.0,1.0,2.0,1.0,1.0,10.0,1.0,0.0,0.0,5.0,1.0,2.0,1.0,2.0,0.0,1.0,2.0,4.0,3.0,2.0,2.0,8.0,30.0,8.0,4.0,6.0,2.0,1.0,1.0,1.0,6.0,10.0,4.0,2.0,2.0
7,1.75,0.0,0.0,0.0,0.0,0.0,0.0,0.0,0.0,0.0,0.0,0.0,0.0,0.0,0.0,0.0,0.0,0.0,0.0,0.0,0.0,0.0,0.0,0.0,0.0,0.0,0.0,0.0,0.0,0.0,0.0,1.0,0.0,0.0,0.0,0.0,0.0,0.0,0.0,0.0,0.0,0.0,0.0,0.0,0.0,0.0,0.0,0.0,0.0,0.0,0.0,0.0,0.0,0.0,0.0,0.0,0.0,0.0,0.0,0.0,0.0,0.0,0.0,0.0,0.0,0.0,0.0,0.0,0.0,0.0,0.0,0.0,0.0,0.0,0.0,0.0,0.0,0.0,0.0,0.0,0.0,0.0,0.0,0.0,0.0,0.0,0.0,0.0,1.0,0.0,0.0,0.0,0.0,1.0,0.0,0.0,0.0,0.0,0.0,0.0,0.0,0.0,0.0,0.0,0.0,0.0,0.0,1.0,1.0,0.0,0.0,0.0,0.0,1.0,0.0,0.0,0.0,0.0,0.0,1.0,0.0,0.0,0.0,0.0,0.0,0.0,0.0,0.0,1.0,1.0,0.0,0.0,0.0,1.0,1.0,0.0,0.0,1.0,1.0,0.0,0.0,1.0,0.0,0.0,1.0,1.0,1.0,0.0,0.0,0.0,0.0,0.0,0.0,0.0,0.0,1.0,0.0,1.0,1.0,3.0,3.0,0.0,1.0,0.0,0.0,0.0,1.0,0.0,0.0,2.0,0.0,2.0,0.0,2.0,1.0,3.0,2.0,1.0,1.0,1.0,1.0,7.0,1.0,0.0,0.0,7.0,1.0,2.0,2.0,1.0,0.0,2.0,2.0,4.0,2.0,2.0,2.0,8.0,30.0,8.0,4.0,6.0,2.0,0.0,1.0,1.0,6.0,10.0,3.0,2.0,3.0
8,2.0,0.0,0.0,0.0,0.0,0.0,0.0,0.0,0.0,0.0,0.0,0.0,0.0,0.0,0.0,0.0,0.0,0.0,0.0,0.0,0.0,0.0,0.0,0.0,0.0,0.0,0.0,0.0,0.0,0.0,0.0,1.0,0.0,0.0,0.0,0.0,0.0,0.0,0.0,0.0,0.0,0.0,0.0,0.0,0.0,0.0,0.0,0.0,0.0,0.0,0.0,0.0,0.0,0.0,0.0,0.0,0.0,0.0,0.0,0.0,0.0,0.0,0.0,0.0,0.0,0.0,0.0,0.0,0.0,0.0,0.0,0.0,0.0,0.0,0.0,0.0,0.0,0.0,0.0,0.0,0.0,0.0,1.0,0.0,0.0,0.0,0.0,0.0,1.0,0.0,0.0,0.0,0.0,1.0,0.0,0.0,0.0,0.0,0.0,0.0,0.0,0.0,0.0,0.0,0.0,0.0,1.0,1.0,1.0,0.0,0.0,0.0,0.0,1.0,0.0,0.0,0.0,0.0,1.0,1.0,0.0,0.0,0.0,0.0,0.0,0.0,0.0,1.0,3.0,1.0,0.0,0.0,0.0,1.0,0.0,1.0,0.0,1.0,0.0,0.0,0.0,1.0,0.0,0.0,1.0,1.0,0.0,0.0,0.0,0.0,0.0,0.0,0.0,0.0,0.0,1.0,0.0,0.0,1.0,1.0,3.0,0.0,1.0,0.0,0.0,0.0,1.0,0.0,0.0,2.0,0.0,4.0,1.0,2.0,1.0,3.0,2.0,0.0,1.0,0.0,1.0,4.0,1.0,0.0,0.0,4.0,1.0,2.0,1.0,1.0,4.0,1.0,3.0,4.0,0.0,2.0,7.0,13.0,30.0,5.0,4.0,3.0,2.0,0.0,1.0,1.0,6.0,11.0,3.0,1.0,3.0
9,2.25,0.0,0.0,0.0,0.0,0.0,0.0,0.0,0.0,0.0,0.0,0.0,0.0,0.0,0.0,0.0,0.0,0.0,0.0,0.0,0.0,0.0,0.0,0.0,0.0,0.0,0.0,0.0,0.0,0.0,0.0,0.0,0.0,0.0,0.0,0.0,0.0,0.0,0.0,0.0,0.0,0.0,0.0,0.0,0.0,0.0,0.0,0.0,0.0,0.0,0.0,0.0,0.0,0.0,0.0,0.0,0.0,0.0,0.0,0.0,0.0,0.0,0.0,0.0,0.0,0.0,0.0,0.0,0.0,0.0,0.0,0.0,0.0,0.0,0.0,0.0,0.0,0.0,0.0,0.0,0.0,1.0,1.0,0.0,0.0,0.0,0.0,0.0,1.0,0.0,0.0,0.0,0.0,0.0,0.0,0.0,0.0,0.0,0.0,0.0,0.0,0.0,0.0,0.0,0.0,0.0,0.0,1.0,1.0,0.0,0.0,0.0,0.0,1.0,0.0,0.0,0.0,0.0,1.0,0.0,0.0,0.0,0.0,0.0,0.0,0.0,0.0,1.0,3.0,1.0,1.0,0.0,0.0,1.0,0.0,1.0,1.0,0.0,0.0,0.0,0.0,2.0,0.0,0.0,1.0,0.0,0.0,0.0,0.0,0.0,0.0,0.0,0.0,2.0,0.0,3.0,0.0,0.0,4.0,0.0,2.0,0.0,1.0,0.0,1.0,0.0,3.0,0.0,0.0,2.0,0.0,4.0,1.0,1.0,1.0,3.0,1.0,0.0,1.0,0.0,1.0,2.0,2.0,0.0,0.0,2.0,2.0,2.0,2.0,1.0,4.0,3.0,3.0,2.0,2.0,2.0,7.0,18.0,28.0,5.0,2.0,3.0,3.0,0.0,0.0,1.0,7.0,11.0,4.0,1.0,3.0
10,2.5,0.0,0.0,0.0,0.0,0.0,0.0,0.0,0.0,0.0,0.0,0.0,0.0,0.0,0.0,0.0,0.0,0.0,0.0,0.0,0.0,0.0,0.0,0.0,0.0,0.0,0.0,0.0,0.0,0.0,0.0,0.0,0.0,0.0,0.0,0.0,0.0,0.0,0.0,0.0,0.0,0.0,0.0,0.0,0.0,0.0,0.0,0.0,0.0,0.0,0.0,0.0,0.0,0.0,0.0,0.0,0.0,0.0,0.0,0.0,0.0,0.0,0.0,0.0,0.0,0.0,0.0,0.0,0.0,0.0,0.0,0.0,0.0,0.0,0.0,0.0,0.0,0.0,0.0,0.0,1.0,0.0,0.0,0.0,0.0,0.0,0.0,0.0,1.0,0.0,0.0,0.0,0.0,0.0,0.0,0.0,0.0,0.0,0.0,1.0,0.0,0.0,0.0,0.0,0.0,0.0,0.0,1.0,0.0,0.0,0.0,0.0,0.0,1.0,0.0,0.0,0.0,0.0,0.0,0.0,0.0,0.0,0.0,0.0,1.0,0.0,0.0,0.0,1.0,0.0,1.0,0.0,0.0,0.0,0.0,1.0,1.0,0.0,0.0,1.0,0.0,0.0,1.0,1.0,1.0,1.0,0.0,0.0,1.0,0.0,0.0,0.0,0.0,2.0,0.0,1.0,0.0,1.0,4.0,0.0,2.0,0.0,1.0,0.0,2.0,0.0,3.0,0.0,0.0,2.0,1.0,0.0,1.0,1.0,0.0,3.0,0.0,0.0,1.0,0.0,0.0,1.0,2.0,0.0,0.0,2.0,2.0,2.0,2.0,1.0,4.0,3.0,1.0,2.0,1.0,1.0,1.0,13.0,24.0,4.0,1.0,3.0,3.0,3.0,0.0,1.0,8.0,12.0,4.0,3.0,4.0
11,2.75,0.0,0.0,0.0,0.0,0.0,0.0,0.0,0.0,0.0,0.0,0.0,0.0,0.0,0.0,0.0,0.0,0.0,0.0,0.0,0.0,0.0,0.0,0.0,0.0,0.0,0.0,0.0,0.0,0.0,0.0,0.0,0.0,0.0,0.0,0.0,0.0,0.0,0.0,0.0,0.0,0.0,0.0,0.0,0.0,0.0,0.0,0.0,0.0,0.0,0.0,0.0,0.0,0.0,0.0,0.0,0.0,0.0,0.0,0.0,0.0,0.0,0.0,0.0,0.0,0.0,0.0,0.0,0.0,0.0,0.0,0.0,0.0,0.0,0.0,0.0,0.0,0.0,0.0,0.0,1.0,0.0,0.0,0.0,0.0,0.0,0.0,0.0,0.0,0.0,0.0,0.0,0.0,0.0,0.0,0.0,0.0,0.0,0.0,1.0,1.0,0.0,0.0,0.0,0.0,0.0,0.0,0.0,0.0,0.0,0.0,0.0,0.0,1.0,0.0,0.0,0.0,0.0,0.0,0.0,0.0,0.0,0.0,0.0,1.0,0.0,0.0,0.0,1.0,0.0,0.0,0.0,0.0,0.0,1.0,0.0,1.0,1.0,0.0,1.0,1.0,0.0,1.0,1.0,0.0,0.0,0.0,0.0,1.0,0.0,0.0,0.0,0.0,1.0,0.0,2.0,0.0,1.0,1.0,0.0,2.0,0.0,1.0,0.0,2.0,0.0,2.0,1.0,0.0,0.0,0.0,0.0,0.0,1.0,0.0,2.0,1.0,2.0,0.0,0.0,0.0,1.0,2.0,0.0,0.0,2.0,3.0,3.0,2.0,1.0,3.0,3.0,1.0,3.0,2.0,1.0,1.0,8.0,17.0,4.0,1.0,2.0,4.0,1.0,0.0,1.0,8.0,7.0,4.0,3.0,4.0
12,3.0,0.0,0.0,0.0,0.0,0.0,0.0,0.0,0.0,0.0,0.0,0.0,0.0,0.0,0.0,0.0,0.0,0.0,0.0,0.0,0.0,0.0,0.0,0.0,0.0,0.0,0.0,0.0,0.0,0.0,0.0,0.0,0.0,0.0,0.0,0.0,0.0,0.0,0.0,0.0,0.0,0.0,0.0,0.0,0.0,0.0,0.0,0.0,0.0,0.0,0.0,0.0,0.0,0.0,0.0,0.0,0.0,0.0,0.0,0.0,0.0,0.0,0.0,0.0,0.0,0.0,0.0,0.0,0.0,0.0,0.0,0.0,0.0,0.0,0.0,0.0,0.0,0.0,0.0,0.0,0.0,0.0,0.0,0.0,0.0,1.0,0.0,0.0,0.0,0.0,0.0,0.0,0.0,0.0,0.0,0.0,0.0,0.0,0.0,1.0,1.0,0.0,0.0,0.0,1.0,0.0,0.0,0.0,0.0,0.0,0.0,0.0,0.0,1.0,0.0,0.0,0.0,1.0,1.0,1.0,0.0,0.0,0.0,0.0,1.0,0.0,0.0,0.0,0.0,0.0,0.0,0.0,0.0,0.0,1.0,0.0,1.0,1.0,0.0,1.0,1.0,0.0,1.0,1.0,0.0,1.0,0.0,0.0,0.0,0.0,0.0,0.0,0.0,1.0,0.0,1.0,0.0,0.0,1.0,0.0,1.0,0.0,1.0,0.0,0.0,0.0,2.0,1.0,0.0,0.0,1.0,0.0,0.0,0.0,0.0,2.0,2.0,0.0,1.0,1.0,0.0,0.0,1.0,0.0,0.0,2.0,3.0,3.0,2.0,1.0,2.0,1.0,1.0,3.0,1.0,1.0,2.0,7.0,10.0,3.0,1.0,2.0,4.0,3.0,1.0,1.0,6.0,4.0,3.0,1.0,4.0
13,3.25,0.0,0.0,0.0,0.0,0.0,0.0,0.0,0.0,0.0,0.0,0.0,0.0,0.0,0.0,0.0,0.0,0.0,0.0,0.0,0.0,0.0,0.0,0.0,0.0,0.0,0.0,0.0,0.0,0.0,0.0,0.0,0.0,0.0,0.0,0.0,0.0,0.0,0.0,0.0,0.0,0.0,0.0,0.0,0.0,0.0,0.0,0.0,0.0,0.0,0.0,0.0,0.0,0.0,0.0,0.0,0.0,0.0,0.0,0.0,0.0,0.0,0.0,0.0,0.0,0.0,0.0,0.0,0.0,0.0,0.0,0.0,0.0,0.0,0.0,0.0,0.0,0.0,0.0,0.0,0.0,0.0,0.0,0.0,0.0,1.0,0.0,0.0,0.0,0.0,0.0,0.0,0.0,0.0,0.0,1.0,0.0,0.0,0.0,1.0,0.0,0.0,0.0,1.0,1.0,0.0,1.0,0.0,1.0,0.0,0.0,0.0,0.0,0.0,0.0,0.0,0.0,1.0,1.0,1.0,0.0,0.0,0.0,0.0,0.0,0.0,0.0,0.0,1.0,0.0,0.0,0.0,0.0,1.0,1.0,1.0,1.0,1.0,0.0,1.0,1.0,0.0,2.0,0.0,0.0,1.0,0.0,0.0,0.0,0.0,0.0,0.0,0.0,1.0,0.0,1.0,0.0,0.0,0.0,0.0,1.0,3.0,1.0,0.0,0.0,0.0,2.0,0.0,0.0,0.0,0.0,1.0,0.0,0.0,0.0,2.0,2.0,0.0,2.0,1.0,0.0,3.0,0.0,0.0,0.0,0.0,3.0,1.0,2.0,1.0,1.0,1.0,1.0,4.0,2.0,1.0,2.0,7.0,10.0,3.0,2.0,2.0,4.0,3.0,1.0,2.0,4.0,4.0,2.0,0.0,7.0
14,3.5,0.0,0.0,0.0,0.0,0.0,0.0,0.0,0.0,0.0,0.0,0.0,0.0,0.0,0.0,0.0,0.0,0.0,0.0,0.0,0.0,0.0,0.0,0.0,0.0,0.0,0.0,0.0,0.0,0.0,0.0,0.0,0.0,0.0,0.0,0.0,0.0,0.0,0.0,0.0,0.0,0.0,0.0,0.0,0.0,0.0,0.0,0.0,0.0,0.0,0.0,0.0,0.0,0.0,0.0,0.0,0.0,0.0,0.0,0.0,0.0,0.0,0.0,0.0,0.0,0.0,0.0,1.0,0.0,0.0,0.0,0.0,0.0,0.0,0.0,0.0,0.0,0.0,0.0,0.0,1.0,0.0,0.0,1.0,0.0,1.0,0.0,0.0,0.0,0.0,1.0,0.0,0.0,0.0,0.0,1.0,0.0,0.0,0.0,0.0,0.0,0.0,0.0,1.0,1.0,0.0,1.0,1.0,1.0,0.0,1.0,0.0,1.0,0.0,0.0,0.0,0.0,0.0,1.0,1.0,0.0,0.0,0.0,0.0,0.0,0.0,0.0,1.0,1.0,0.0,0.0,0.0,0.0,1.0,1.0,1.0,0.0,1.0,0.0,1.0,1.0,0.0,2.0,0.0,1.0,1.0,1.0,0.0,0.0,0.0,0.0,0.0,0.0,1.0,0.0,1.0,0.0,0.0,0.0,0.0,1.0,5.0,1.0,0.0,0.0,0.0,2.0,0.0,0.0,0.0,1.0,0.0,0.0,0.0,1.0,2.0,1.0,0.0,2.0,1.0,0.0,3.0,0.0,0.0,0.0,0.0,2.0,0.0,2.0,0.0,1.0,1.0,1.0,2.0,2.0,1.0,1.0,7.0,10.0,3.0,2.0,2.0,6.0,3.0,1.0,2.0,3.0,3.0,2.0,0.0,8.0
15,3.75,0.0,0.0,0.0,0.0,0.0,0.0,0.0,0.0,0.0,0.0,0.0,0.0,0.0,0.0,0.0,0.0,0.0,0.0,0.0,0.0,0.0,0.0,0.0,0.0,0.0,0.0,0.0,0.0,0.0,0.0,0.0,0.0,0.0,0.0,0.0,0.0,0.0,0.0,0.0,0.0,0.0,0.0,0.0,0.0,0.0,0.0,0.0,0.0,0.0,0.0,0.0,0.0,0.0,0.0,0.0,0.0,0.0,0.0,0.0,0.0,0.0,0.0,0.0,0.0,0.0,0.0,1.0,0.0,0.0,0.0,0.0,0.0,0.0,0.0,0.0,0.0,0.0,0.0,0.0,1.0,0.0,0.0,1.0,0.0,0.0,0.0,0.0,0.0,0.0,1.0,0.0,0.0,0.0,0.0,1.0,1.0,0.0,0.0,0.0,0.0,0.0,0.0,0.0,1.0,0.0,1.0,2.0,2.0,0.0,0.0,0.0,1.0,0.0,0.0,0.0,0.0,0.0,2.0,0.0,0.0,0.0,0.0,0.0,0.0,0.0,0.0,2.0,1.0,0.0,0.0,0.0,0.0,0.0,1.0,1.0,1.0,1.0,0.0,1.0,0.0,0.0,3.0,1.0,2.0,1.0,1.0,1.0,1.0,0.0,0.0,0.0,0.0,0.0,0.0,1.0,0.0,0.0,0.0,1.0,2.0,6.0,1.0,1.0,0.0,0.0,2.0,0.0,0.0,0.0,0.0,0.0,0.0,1.0,1.0,3.0,1.0,1.0,1.0,1.0,1.0,3.0,1.0,0.0,0.0,0.0,0.0,0.0,2.0,1.0,3.0,2.0,2.0,1.0,3.0,1.0,1.0,6.0,12.0,1.0,2.0,2.0,6.0,1.0,1.0,2.0,2.0,5.0,3.0,1.0,8.0
16,4.0,0.0,0.0,0.0,0.0,0.0,0.0,0.0,0.0,0.0,0.0,0.0,0.0,0.0,0.0,0.0,0.0,0.0,0.0,0.0,0.0,0.0,0.0,0.0,0.0,0.0,0.0,0.0,0.0,0.0,0.0,0.0,0.0,0.0,0.0,0.0,0.0,0.0,0.0,0.0,0.0,0.0,0.0,0.0,0.0,0.0,0.0,0.0,0.0,0.0,0.0,0.0,0.0,0.0,0.0,0.0,0.0,0.0,0.0,0.0,0.0,0.0,0.0,0.0,0.0,0.0,0.0,1.0,0.0,0.0,0.0,0.0,0.0,0.0,0.0,0.0,0.0,0.0,0.0,0.0,1.0,0.0,0.0,0.0,0.0,0.0,0.0,0.0,0.0,0.0,1.0,0.0,0.0,0.0,0.0,1.0,1.0,0.0,0.0,0.0,0.0,0.0,0.0,0.0,1.0,0.0,1.0,2.0,2.0,0.0,1.0,1.0,1.0,1.0,0.0,0.0,0.0,0.0,2.0,0.0,0.0,0.0,0.0,0.0,0.0,0.0,1.0,2.0,1.0,0.0,0.0,0.0,0.0,0.0,1.0,1.0,1.0,2.0,0.0,0.0,0.0,0.0,3.0,2.0,3.0,2.0,1.0,2.0,1.0,0.0,0.0,1.0,0.0,0.0,0.0,1.0,0.0,0.0,0.0,1.0,3.0,6.0,1.0,2.0,0.0,0.0,2.0,1.0,2.0,0.0,0.0,0.0,0.0,1.0,1.0,3.0,1.0,2.0,1.0,1.0,1.0,3.0,1.0,0.0,0.0,0.0,2.0,0.0,2.0,2.0,4.0,2.0,2.0,1.0,4.0,1.0,2.0,6.0,12.0,1.0,1.0,1.0,4.0,1.0,0.0,2.0,3.0,5.0,4.0,1.0,7.0
17,4.25,0.0,0.0,0.0,0.0,0.0,0.0,0.0,0.0,0.0,0.0,0.0,0.0,0.0,0.0,0.0,0.0,0.0,0.0,0.0,1.0,0.0,0.0,0.0,0.0,0.0,0.0,0.0,0.0,0.0,0.0,0.0,0.0,0.0,0.0,0.0,0.0,0.0,0.0,0.0,0.0,0.0,0.0,0.0,0.0,0.0,0.0,0.0,0.0,0.0,0.0,0.0,0.0,0.0,0.0,0.0,0.0,0.0,0.0,0.0,0.0,0.0,0.0,0.0,0.0,0.0,0.0,2.0,0.0,0.0,0.0,0.0,0.0,0.0,0.0,0.0,0.0,0.0,0.0,0.0,1.0,1.0,0.0,0.0,0.0,0.0,0.0,0.0,0.0,0.0,1.0,0.0,0.0,0.0,0.0,1.0,1.0,0.0,0.0,0.0,0.0,1.0,0.0,0.0,1.0,0.0,0.0,3.0,4.0,0.0,0.0,1.0,1.0,1.0,0.0,0.0,0.0,0.0,2.0,0.0,0.0,0.0,0.0,0.0,0.0,0.0,1.0,2.0,2.0,0.0,0.0,0.0,0.0,0.0,1.0,1.0,1.0,2.0,0.0,0.0,0.0,1.0,5.0,4.0,4.0,5.0,1.0,2.0,2.0,0.0,2.0,1.0,1.0,3.0,0.0,1.0,1.0,1.0,4.0,1.0,3.0,6.0,4.0,3.0,1.0,0.0,3.0,1.0,2.0,0.0,0.0,3.0,2.0,1.0,1.0,3.0,0.0,3.0,3.0,1.0,3.0,3.0,1.0,0.0,0.0,2.0,1.0,0.0,3.0,3.0,5.0,2.0,3.0,4.0,5.0,1.0,2.0,7.0,13.0,5.0,1.0,1.0,4.0,5.0,0.0,2.0,3.0,5.0,4.0,1.0,7.0
18,4.5,0.0,0.0,0.0,0.0,0.0,0.0,0.0,0.0,0.0,0.0,0.0,0.0,0.0,0.0,0.0,0.0,0.0,0.0,0.0,1.0,0.0,0.0,0.0,0.0,0.0,0.0,0.0,0.0,0.0,0.0,0.0,0.0,0.0,0.0,0.0,0.0,0.0,0.0,0.0,0.0,0.0,0.0,0.0,0.0,0.0,0.0,0.0,0.0,0.0,0.0,0.0,0.0,0.0,0.0,0.0,0.0,0.0,2.0,0.0,0.0,0.0,0.0,0.0,0.0,0.0,0.0,4.0,0.0,0.0,0.0,0.0,0.0,0.0,0.0,0.0,0.0,0.0,0.0,0.0,1.0,3.0,0.0,2.0,0.0,1.0,0.0,0.0,0.0,0.0,1.0,0.0,0.0,0.0,0.0,1.0,1.0,0.0,0.0,0.0,0.0,3.0,1.0,0.0,1.0,0.0,0.0,5.0,8.0,0.0,1.0,1.0,2.0,1.0,0.0,0.0,0.0,0.0,3.0,2.0,1.0,0.0,1.0,0.0,1.0,0.0,2.0,5.0,4.0,3.0,0.0,0.0,0.0,0.0,1.0,2.0,2.0,2.0,1.0,0.0,0.0,1.0,5.0,4.0,8.0,7.0,2.0,2.0,1.0,0.0,4.0,0.0,1.0,3.0,0.0,3.0,1.0,2.0,4.0,1.0,4.0,7.0,6.0,2.0,1.0,0.0,3.0,1.0,1.0,0.0,0.0,4.0,2.0,1.0,4.0,3.0,1.0,3.0,4.0,1.0,4.0,4.0,1.0,0.0,0.0,1.0,1.0,2.0,4.0,3.0,8.0,3.0,4.0,5.0,7.0,1.0,2.0,7.0,14.0,6.0,5.0,1.0,7.0,7.0,0.0,2.0,8.0,5.0,4.0,1.0,14.0
19,4.75,0.0,0.0,0.0,0.0,0.0,0.0,1.0,0.0,0.0,0.0,0.0,0.0,0.0,0.0,0.0,0.0,0.0,0.0,0.0,1.0,0.0,0.0,0.0,0.0,0.0,0.0,0.0,0.0,0.0,0.0,1.0,0.0,0.0,0.0,0.0,0.0,0.0,0.0,0.0,0.0,0.0,0.0,0.0,0.0,0.0,0.0,0.0,0.0,0.0,0.0,0.0,0.0,0.0,0.0,0.0,0.0,0.0,2.0,0.0,0.0,0.0,0.0,0.0,0.0,0.0,0.0,7.0,0.0,0.0,0.0,0.0,0.0,0.0,1.0,0.0,0.0,0.0,0.0,1.0,1.0,3.0,0.0,2.0,0.0,1.0,0.0,0.0,0.0,0.0,1.0,0.0,1.0,1.0,1.0,2.0,1.0,0.0,0.0,0.0,0.0,3.0,1.0,0.0,2.0,1.0,3.0,5.0,8.0,2.0,1.0,1.0,3.0,2.0,0.0,0.0,0.0,1.0,5.0,2.0,1.0,0.0,0.0,0.0,2.0,0.0,1.0,5.0,4.0,3.0,3.0,0.0,0.0,3.0,5.0,3.0,1.0,2.0,2.0,2.0,1.0,1.0,4.0,4.0,8.0,8.0,3.0,3.0,2.0,0.0,4.0,0.0,1.0,4.0,1.0,3.0,0.0,1.0,1.0,3.0,5.0,7.0,6.0,1.0,3.0,1.0,5.0,4.0,1.0,3.0,2.0,4.0,3.0,0.0,5.0,3.0,1.0,3.0,5.0,1.0,3.0,6.0,2.0,0.0,0.0,2.0,1.0,3.0,4.0,3.0,8.0,3.0,4.0,5.0,5.0,1.0,1.0,9.0,17.0,10.0,5.0,1.0,10.0,7.0,0.0,2.0,8.0,12.0,4.0,1.0,16.0
20,5.0,0.0,0.0,0.0,0.0,0.0,0.0,0.0,0.0,0.0,0.0,0.0,0.0,0.0,0.0,0.0,0.0,1.0,0.0,0.0,1.0,1.0,0.0,0.0,1.0,0.0,1.0,0.0,0.0,0.0,0.0,1.0,0.0,0.0,0.0,0.0,0.0,0.0,0.0,0.0,0.0,0.0,0.0,0.0,0.0,0.0,0.0,0.0,0.0,0.0,0.0,0.0,0.0,0.0,0.0,0.0,0.0,0.0,1.0,0.0,0.0,0.0,0.0,0.0,0.0,0.0,1.0,6.0,1.0,0.0,0.0,0.0,0.0,0.0,1.0,0.0,0.0,0.0,0.0,1.0,2.0,3.0,1.0,2.0,1.0,1.0,1.0,0.0,0.0,0.0,1.0,0.0,1.0,0.0,1.0,2.0,1.0,0.0,0.0,0.0,0.0,3.0,1.0,0.0,1.0,1.0,3.0,5.0,4.0,2.0,1.0,1.0,10.0,2.0,0.0,0.0,0.0,1.0,5.0,2.0,2.0,0.0,0.0,0.0,2.0,3.0,1.0,5.0,5.0,5.0,3.0,0.0,0.0,4.0,5.0,3.0,3.0,4.0,2.0,4.0,2.0,1.0,3.0,3.0,9.0,8.0,3.0,5.0,4.0,0.0,3.0,1.0,0.0,4.0,2.0,2.0,0.0,3.0,1.0,3.0,5.0,9.0,7.0,1.0,3.0,1.0,8.0,4.0,2.0,3.0,2.0,3.0,2.0,0.0,5.0,3.0,1.0,3.0,5.0,2.0,2.0,5.0,4.0,2.0,0.0,1.0,4.0,5.0,4.0,4.0,8.0,3.0,2.0,5.0,7.0,2.0,1.0,11.0,18.0,10.0,6.0,1.0,10.0,7.0,1.0,2.0,12.0,12.0,5.0,1.0,20.0
21,5.25,0.0,0.0,0.0,0.0,0.0,0.0,0.0,0.0,0.0,1.0,0.0,0.0,0.0,0.0,0.0,0.0,1.0,0.0,0.0,1.0,1.0,1.0,1.0,0.0,0.0,0.0,0.0,0.0,0.0,0.0,1.0,0.0,0.0,0.0,0.0,0.0,1.0,0.0,0.0,1.0,0.0,0.0,0.0,0.0,0.0,0.0,0.0,1.0,0.0,0.0,0.0,0.0,0.0,0.0,0.0,0.0,0.0,0.0,0.0,0.0,0.0,0.0,0.0,0.0,0.0,1.0,7.0,1.0,0.0,0.0,0.0,0.0,0.0,1.0,0.0,0.0,0.0,0.0,1.0,2.0,3.0,1.0,2.0,1.0,1.0,0.0,1.0,1.0,0.0,1.0,0.0,1.0,1.0,1.0,3.0,1.0,1.0,0.0,2.0,0.0,4.0,1.0,1.0,3.0,1.0,2.0,4.0,4.0,3.0,1.0,1.0,10.0,3.0,1.0,0.0,0.0,1.0,5.0,2.0,2.0,1.0,0.0,1.0,2.0,0.0,1.0,5.0,5.0,5.0,3.0,0.0,1.0,4.0,5.0,5.0,3.0,5.0,2.0,7.0,2.0,4.0,4.0,4.0,9.0,8.0,3.0,5.0,4.0,0.0,3.0,1.0,0.0,4.0,2.0,2.0,2.0,3.0,2.0,4.0,6.0,6.0,7.0,2.0,3.0,1.0,10.0,6.0,4.0,3.0,6.0,3.0,2.0,0.0,5.0,8.0,9.0,5.0,7.0,2.0,2.0,7.0,6.0,3.0,0.0,0.0,4.0,5.0,6.0,5.0,8.0,4.0,2.0,5.0,12.0,2.0,1.0,12.0,21.0,10.0,6.0,6.0,10.0,7.0,1.0,2.0,16.0,17.0,9.0,1.0,25.0
22,5.5,0.0,0.0,1.0,0.0,0.0,0.0,0.0,0.0,0.0,1.0,0.0,0.0,0.0,0.0,0.0,0.0,0.0,0.0,0.0,2.0,1.0,1.0,1.0,0.0,0.0,1.0,0.0,0.0,0.0,0.0,1.0,0.0,0.0,0.0,0.0,0.0,1.0,0.0,1.0,1.0,0.0,1.0,0.0,0.0,0.0,0.0,0.0,2.0,0.0,0.0,0.0,0.0,0.0,1.0,0.0,0.0,0.0,0.0,0.0,0.0,0.0,0.0,0.0,0.0,0.0,2.0,10.0,4.0,0.0,0.0,0.0,0.0,0.0,2.0,0.0,3.0,0.0,0.0,1.0,6.0,5.0,1.0,7.0,1.0,1.0,0.0,1.0,1.0,1.0,1.0,0.0,0.0,3.0,1.0,5.0,1.0,1.0,0.0,2.0,0.0,7.0,1.0,1.0,4.0,1.0,2.0,5.0,12.0,1.0,2.0,0.0,14.0,3.0,0.0,0.0,0.0,2.0,11.0,8.0,2.0,1.0,2.0,5.0,3.0,5.0,1.0,5.0,5.0,8.0,4.0,0.0,1.0,4.0,9.0,7.0,3.0,5.0,2.0,9.0,2.0,4.0,9.0,4.0,12.0,13.0,4.0,5.0,6.0,0.0,8.0,2.0,0.0,5.0,3.0,2.0,3.0,4.0,5.0,5.0,9.0,6.0,18.0,3.0,5.0,1.0,14.0,7.0,5.0,4.0,6.0,8.0,2.0,4.0,7.0,8.0,10.0,5.0,7.0,5.0,4.0,9.0,7.0,3.0,0.0,0.0,4.0,5.0,9.0,5.0,15.0,8.0,6.0,7.0,12.0,6.0,3.0,16.0,42.0,14.0,16.0,7.0,13.0,11.0,1.0,3.0,20.0,20.0,14.0,1.0,42.0
23,5.75,0.0,0.0,1.0,0.0,0.0,0.0,0.0,0.0,1.0,1.0,0.0,0.0,0.0,0.0,0.0,0.0,0.0,1.0,0.0,2.0,2.0,1.0,1.0,0.0,0.0,1.0,0.0,0.0,0.0,0.0,1.0,0.0,0.0,1.0,0.0,0.0,1.0,1.0,1.0,1.0,0.0,1.0,0.0,0.0,1.0,0.0,0.0,1.0,0.0,0.0,0.0,0.0,0.0,3.0,0.0,1.0,0.0,0.0,0.0,0.0,0.0,0.0,0.0,0.0,0.0,3.0,10.0,0.0,0.0,0.0,1.0,0.0,0.0,2.0,2.0,1.0,0.0,0.0,1.0,10.0,5.0,2.0,7.0,1.0,2.0,0.0,1.0,2.0,2.0,3.0,3.0,2.0,3.0,2.0,5.0,4.0,1.0,0.0,2.0,0.0,7.0,1.0,1.0,4.0,1.0,6.0,9.0,12.0,2.0,2.0,0.0,8.0,3.0,1.0,0.0,0.0,2.0,12.0,8.0,3.0,1.0,2.0,5.0,7.0,3.0,1.0,5.0,6.0,8.0,4.0,0.0,1.0,3.0,9.0,9.0,4.0,4.0,3.0,9.0,4.0,4.0,12.0,7.0,12.0,13.0,6.0,6.0,3.0,0.0,8.0,2.0,0.0,7.0,3.0,3.0,5.0,4.0,7.0,5.0,10.0,6.0,18.0,5.0,5.0,1.0,14.0,7.0,6.0,4.0,5.0,10.0,2.0,7.0,7.0,7.0,10.0,10.0,11.0,3.0,6.0,9.0,11.0,0.0,1.0,2.0,4.0,9.0,9.0,5.0,15.0,8.0,6.0,8.0,12.0,7.0,3.0,16.0,42.0,13.0,16.0,7.0,16.0,12.0,2.0,2.0,22.0,25.0,16.0,3.0,47.0
24,6.0,0.0,0.0,0.0,0.0,0.0,0.0,0.0,0.0,1.0,1.0,0.0,0.0,0.0,0.0,1.0,1.0,0.0,0.0,0.0,3.0,3.0,1.0,4.0,0.0,0.0,1.0,0.0,0.0,0.0,0.0,2.0,1.0,0.0,1.0,0.0,0.0,2.0,1.0,0.0,2.0,0.0,1.0,0.0,0.0,1.0,0.0,0.0,1.0,0.0,0.0,0.0,0.0,0.0,3.0,0.0,1.0,0.0,0.0,0.0,0.0,0.0,1.0,0.0,1.0,0.0,4.0,14.0,2.0,0.0,0.0,1.0,0.0,0.0,3.0,2.0,2.0,0.0,1.0,2.0,10.0,9.0,4.0,3.0,3.0,2.0,0.0,2.0,5.0,2.0,5.0,3.0,3.0,3.0,5.0,7.0,5.0,1.0,0.0,1.0,1.0,5.0,2.0,1.0,4.0,2.0,6.0,9.0,17.0,2.0,1.0,1.0,4.0,8.0,1.0,0.0,0.0,4.0,14.0,3.0,4.0,2.0,2.0,4.0,7.0,3.0,2.0,7.0,9.0,10.0,4.0,0.0,0.0,2.0,16.0,11.0,4.0,4.0,4.0,9.0,5.0,4.0,12.0,7.0,16.0,18.0,6.0,6.0,6.0,0.0,8.0,4.0,0.0,7.0,6.0,5.0,5.0,3.0,8.0,6.0,9.0,8.0,11.0,9.0,4.0,3.0,14.0,7.0,6.0,7.0,5.0,11.0,3.0,7.0,7.0,7.0,10.0,6.0,15.0,6.0,8.0,9.0,11.0,0.0,2.0,2.0,8.0,10.0,9.0,8.0,17.0,9.0,7.0,14.0,12.0,7.0,7.0,19.0,45.0,15.0,15.0,9.0,17.0,14.0,3.0,3.0,22.0,31.0,18.0,4.0,47.0
25,6.25,0.0,0.0,0.0,0.0,1.0,0.0,1.0,0.0,0.0,1.0,0.0,0.0,0.0,1.0,0.0,1.0,1.0,0.0,0.0,4.0,5.0,1.0,4.0,1.0,0.0,1.0,0.0,0.0,1.0,0.0,2.0,1.0,0.0,1.0,0.0,1.0,3.0,1.0,0.0,3.0,0.0,1.0,2.0,0.0,4.0,0.0,0.0,1.0,0.0,0.0,1.0,1.0,0.0,4.0,0.0,0.0,0.0,0.0,0.0,1.0,1.0,1.0,0.0,1.0,0.0,4.0,25.0,1.0,0.0,1.0,2.0,0.0,0.0,5.0,2.0,2.0,2.0,2.0,3.0,10.0,15.0,4.0,3.0,5.0,2.0,0.0,2.0,6.0,2.0,6.0,3.0,6.0,7.0,6.0,8.0,6.0,0.0,1.0,1.0,1.0,5.0,2.0,1.0,4.0,2.0,7.0,9.0,17.0,2.0,1.0,1.0,4.0,16.0,1.0,0.0,2.0,5.0,16.0,3.0,6.0,2.0,2.0,4.0,6.0,3.0,2.0,9.0,12.0,10.0,7.0,0.0,0.0,3.0,13.0,11.0,6.0,12.0,6.0,9.0,7.0,4.0,7.0,6.0,21.0,18.0,8.0,8.0,6.0,1.0,11.0,4.0,0.0,13.0,6.0,6.0,4.0,3.0,9.0,10.0,10.0,8.0,11.0,10.0,4.0,3.0,14.0,8.0,11.0,11.0,6.0,11.0,6.0,15.0,7.0,12.0,10.0,10.0,26.0,6.0,11.0,17.0,11.0,0.0,2.0,5.0,11.0,10.0,15.0,10.0,17.0,13.0,8.0,17.0,14.0,12.0,7.0,21.0,69.0,18.0,15.0,9.0,18.0,14.0,4.0,6.0,30.0,31.0,21.0,5.0,47.0
26,6.5,0.0,0.0,0.0,0.0,1.0,0.0,1.0,0.0,0.0,1.0,0.0,0.0,0.0,1.0,1.0,1.0,1.0,0.0,0.0,6.0,4.0,2.0,4.0,1.0,0.0,1.0,0.0,0.0,1.0,0.0,1.0,2.0,0.0,1.0,2.0,2.0,3.0,1.0,0.0,4.0,2.0,1.0,2.0,0.0,4.0,0.0,0.0,0.0,0.0,0.0,1.0,1.0,1.0,5.0,0.0,0.0,0.0,2.0,0.0,1.0,1.0,1.0,0.0,1.0,0.0,6.0,28.0,1.0,1.0,1.0,2.0,1.0,0.0,7.0,2.0,3.0,1.0,5.0,3.0,13.0,18.0,6.0,12.0,5.0,2.0,1.0,1.0,7.0,3.0,6.0,3.0,8.0,12.0,15.0,12.0,6.0,1.0,1.0,3.0,3.0,9.0,2.0,1.0,3.0,2.0,11.0,15.0,20.0,5.0,10.0,2.0,7.0,17.0,3.0,0.0,2.0,9.0,22.0,9.0,8.0,2.0,2.0,7.0,6.0,3.0,5.0,14.0,17.0,17.0,12.0,0.0,0.0,7.0,16.0,19.0,8.0,16.0,6.0,12.0,10.0,11.0,7.0,6.0,28.0,26.0,10.0,14.0,7.0,2.0,16.0,7.0,2.0,19.0,9.0,10.0,4.0,10.0,15.0,10.0,19.0,14.0,16.0,11.0,11.0,4.0,20.0,25.0,12.0,15.0,8.0,13.0,6.0,16.0,18.0,14.0,25.0,16.0,27.0,7.0,11.0,20.0,20.0,3.0,2.0,5.0,13.0,14.0,21.0,10.0,24.0,14.0,12.0,17.0,28.0,13.0,9.0,36.0,90.0,21.0,19.0,12.0,19.0,14.0,4.0,10.0,56.0,54.0,26.0,7.0,45.0
27,6.75,2.0,0.0,0.0,0.0,1.0,0.0,0.0,0.0,1.0,4.0,0.0,0.0,1.0,3.0,1.0,1.0,2.0,0.0,0.0,6.0,9.0,2.0,3.0,1.0,0.0,1.0,1.0,0.0,1.0,1.0,1.0,2.0,0.0,1.0,0.0,4.0,8.0,1.0,1.0,7.0,4.0,0.0,1.0,2.0,4.0,0.0,0.0,0.0,0.0,0.0,3.0,1.0,2.0,6.0,0.0,1.0,1.0,3.0,1.0,3.0,1.0,1.0,0.0,1.0,0.0,6.0,42.0,1.0,1.0,0.0,2.0,1.0,0.0,7.0,2.0,3.0,1.0,6.0,6.0,15.0,32.0,9.0,16.0,5.0,6.0,7.0,1.0,8.0,5.0,9.0,6.0,8.0,18.0,18.0,14.0,7.0,2.0,0.0,3.0,4.0,9.0,5.0,3.0,8.0,3.0,13.0,15.0,27.0,5.0,10.0,5.0,8.0,67.0,3.0,0.0,2.0,9.0,22.0,9.0,7.0,7.0,3.0,13.0,7.0,4.0,5.0,24.0,27.0,19.0,20.0,1.0,4.0,7.0,20.0,19.0,14.0,17.0,8.0,15.0,12.0,48.0,22.0,16.0,29.0,51.0,30.0,18.0,8.0,2.0,19.0,8.0,4.0,16.0,9.0,15.0,9.0,14.0,50.0,17.0,23.0,16.0,31.0,27.0,12.0,8.0,28.0,25.0,12.0,18.0,15.0,13.0,6.0,19.0,22.0,20.0,51.0,25.0,35.0,11.0,12.0,28.0,20.0,4.0,4.0,8.0,16.0,17.0,21.0,21.0,24.0,29.0,10.0,18.0,28.0,19.0,17.0,38.0,123.0,27.0,21.0,18.0,24.0,21.0,5.0,11.0,59.0,54.0,26.0,8.0,45.0
28,7.0,2.0,0.0,0.0,0.0,1.0,0.0,0.0,0.0,1.0,6.0,0.0,0.0,4.0,3.0,2.0,1.0,2.0,0.0,0.0,6.0,10.0,3.0,7.0,1.0,1.0,1.0,0.0,0.0,1.0,1.0,3.0,2.0,1.0,1.0,2.0,4.0,8.0,1.0,1.0,7.0,6.0,2.0,1.0,2.0,14.0,2.0,1.0,0.0,0.0,0.0,3.0,1.0,2.0,7.0,0.0,1.0,1.0,3.0,1.0,3.0,1.0,1.0,0.0,1.0,0.0,6.0,46.0,4.0,3.0,0.0,2.0,2.0,1.0,10.0,6.0,3.0,1.0,7.0,6.0,19.0,67.0,11.0,19.0,5.0,6.0,7.0,4.0,9.0,7.0,13.0,8.0,8.0,23.0,15.0,18.0,7.0,2.0,0.0,4.0,6.0,15.0,5.0,3.0,8.0,3.0,21.0,15.0,36.0,8.0,4.0,6.0,16.0,116.0,6.0,0.0,2.0,13.0,23.0,11.0,12.0,12.0,2.0,16.0,8.0,4.0,5.0,24.0,30.0,18.0,20.0,0.0,4.0,7.0,22.0,19.0,17.0,20.0,11.0,22.0,13.0,48.0,32.0,17.0,29.0,99.0,36.0,24.0,14.0,3.0,20.0,10.0,5.0,24.0,13.0,16.0,11.0,17.0,50.0,24.0,27.0,21.0,31.0,55.0,19.0,10.0,31.0,25.0,12.0,19.0,17.0,13.0,7.0,28.0,19.0,25.0,76.0,25.0,68.0,14.0,14.0,37.0,20.0,10.0,5.0,10.0,15.0,22.0,21.0,25.0,37.0,29.0,19.0,21.0,31.0,22.0,20.0,44.0,125.0,33.0,24.0,19.0,29.0,22.0,20.0,16.0,59.0,56.0,28.0,13.0,44.0
29,7.25,6.0,1.0,1.0,1.0,1.0,0.0,1.0,0.0,4.0,10.0,1.0,0.0,1.0,2.0,2.0,1.0,3.0,1.0,0.0,11.0,16.0,3.0,7.0,2.0,1.0,1.0,2.0,0.0,1.0,1.0,5.0,3.0,2.0,2.0,1.0,4.0,8.0,1.0,1.0,7.0,7.0,4.0,1.0,3.0,33.0,2.0,1.0,1.0,1.0,0.0,2.0,2.0,3.0,11.0,0.0,2.0,2.0,4.0,0.0,4.0,1.0,1.0,1.0,0.0,0.0,8.0,46.0,4.0,3.0,1.0,4.0,2.0,3.0,17.0,6.0,5.0,1.0,7.0,5.0,22.0,67.0,11.0,24.0,5.0,6.0,6.0,4.0,17.0,14.0,14.0,11.0,11.0,33.0,13.0,19.0,7.0,0.0,0.0,4.0,6.0,16.0,6.0,3.0,12.0,4.0,21.0,16.0,36.0,11.0,4.0,9.0,16.0,116.0,9.0,0.0,1.0,13.0,34.0,16.0,8.0,12.0,4.0,17.0,11.0,5.0,5.0,24.0,33.0,20.0,21.0,1.0,2.0,7.0,22.0,19.0,18.0,20.0,11.0,34.0,13.0,37.0,32.0,18.0,35.0,99.0,36.0,24.0,20.0,5.0,22.0,19.0,7.0,29.0,22.0,17.0,16.0,15.0,46.0,28.0,30.0,26.0,31.0,55.0,67.0,16.0,43.0,25.0,26.0,30.0,17.0,22.0,14.0,28.0,19.0,25.0,76.0,25.0,71.0,24.0,26.0,44.0,28.0,10.0,4.0,16.0,16.0,26.0,33.0,28.0,41.0,29.0,40.0,40.0,56.0,31.0,25.0,63.0,130.0,35.0,24.0,27.0,29.0,24.0,20.0,21.0,58.0,56.0,32.0,16.0,42.0
30,7.5,6.0,0.0,1.0,2.0,0.0,0.0,2.0,2.0,8.0,10.0,1.0,0.0,3.0,2.0,2.0,2.0,5.0,1.0,0.0,17.0,37.0,3.0,11.0,2.0,1.0,1.0,2.0,0.0,1.0,1.0,7.0,8.0,2.0,2.0,1.0,3.0,8.0,1.0,1.0,7.0,7.0,4.0,2.0,3.0,33.0,1.0,0.0,1.0,2.0,0.0,1.0,2.0,2.0,11.0,0.0,2.0,5.0,5.0,0.0,5.0,3.0,1.0,0.0,0.0,1.0,6.0,46.0,4.0,6.0,3.0,4.0,2.0,3.0,19.0,6.0,5.0,3.0,7.0,3.0,22.0,65.0,11.0,28.0,7.0,13.0,6.0,2.0,23.0,14.0,16.0,31.0,11.0,23.0,10.0,19.0,6.0,0.0,1.0,7.0,6.0,22.0,6.0,5.0,14.0,5.0,22.0,16.0,40.0,16.0,22.0,18.0,17.0,42.0,6.0,1.0,1.0,22.0,36.0,18.0,12.0,15.0,5.0,21.0,18.0,5.0,12.0,35.0,52.0,25.0,16.0,1.0,2.0,8.0,27.0,32.0,20.0,20.0,9.0,34.0,16.0,37.0,34.0,19.0,42.0,44.0,35.0,19.0,20.0,7.0,26.0,27.0,12.0,38.0,22.0,25.0,24.0,19.0,40.0,28.0,30.0,21.0,28.0,44.0,76.0,16.0,50.0,30.0,34.0,33.0,29.0,27.0,14.0,48.0,18.0,23.0,76.0,31.0,71.0,42.0,26.0,50.0,31.0,8.0,7.0,16.0,17.0,27.0,33.0,45.0,38.0,23.0,40.0,54.0,56.0,32.0,23.0,72.0,153.0,37.0,30.0,28.0,40.0,26.0,20.0,27.0,58.0,98.0,43.0,14.0,42.0
31,7.75,6.0,1.0,1.0,2.0,2.0,1.0,2.0,2.0,8.0,3.0,2.0,2.0,1.0,1.0,1.0,2.0,5.0,1.0,0.0,17.0,57.0,2.0,7.0,4.0,0.0,1.0,2.0,0.0,1.0,0.0,7.0,8.0,1.0,2.0,1.0,0.0,4.0,1.0,1.0,5.0,4.0,4.0,2.0,3.0,27.0,1.0,0.0,1.0,1.0,0.0,2.0,2.0,2.0,11.0,0.0,2.0,5.0,5.0,0.0,5.0,3.0,1.0,0.0,0.0,1.0,6.0,46.0,5.0,6.0,3.0,6.0,2.0,3.0,20.0,6.0,7.0,3.0,6.0,4.0,18.0,36.0,18.0,28.0,7.0,13.0,8.0,2.0,23.0,12.0,24.0,122.0,14.0,12.0,13.0,13.0,6.0,0.0,0.0,7.0,7.0,25.0,8.0,8.0,19.0,9.0,22.0,28.0,41.0,23.0,22.0,18.0,17.0,35.0,4.0,0.0,1.0,30.0,36.0,19.0,15.0,15.0,5.0,23.0,19.0,9.0,12.0,35.0,52.0,25.0,14.0,1.0,2.0,22.0,32.0,36.0,20.0,23.0,8.0,38.0,16.0,38.0,32.0,19.0,51.0,41.0,34.0,18.0,19.0,5.0,29.0,44.0,12.0,38.0,22.0,27.0,24.0,16.0,33.0,15.0,32.0,20.0,28.0,44.0,76.0,11.0,75.0,36.0,36.0,33.0,29.0,50.0,14.0,48.0,14.0,22.0,53.0,31.0,61.0,42.0,22.0,50.0,34.0,8.0,7.0,21.0,22.0,28.0,32.0,45.0,44.0,23.0,40.0,54.0,52.0,41.0,25.0,94.0,154.0,37.0,36.0,28.0,44.0,29.0,16.0,45.0,72.0,100.0,52.0,17.0,46.0
32,8.0,4.0,0.0,1.0,0.0,1.0,1.0,1.0,1.0,5.0,3.0,1.0,2.0,2.0,1.0,1.0,2.0,3.0,1.0,0.0,10.0,57.0,1.0,4.0,3.0,0.0,1.0,2.0,0.0,1.0,0.0,7.0,5.0,0.0,2.0,1.0,0.0,2.0,1.0,2.0,4.0,4.0,3.0,3.0,1.0,11.0,1.0,2.0,2.0,1.0,0.0,2.0,0.0,1.0,15.0,0.0,2.0,4.0,4.0,1.0,5.0,1.0,1.0,0.0,0.0,1.0,6.0,46.0,5.0,6.0,3.0,7.0,1.0,6.0,24.0,8.0,7.0,1.0,3.0,1.0,13.0,36.0,13.0,65.0,5.0,12.0,8.0,2.0,23.0,12.0,24.0,122.0,14.0,11.0,10.0,13.0,5.0,0.0,0.0,7.0,7.0,25.0,11.0,8.0,19.0,9.0,23.0,28.0,47.0,23.0,15.0,11.0,14.0,22.0,4.0,0.0,1.0,26.0,37.0,19.0,15.0,12.0,5.0,24.0,18.0,9.0,10.0,22.0,36.0,19.0,12.0,1.0,2.0,22.0,32.0,42.0,19.0,23.0,9.0,34.0,16.0,38.0,27.0,19.0,51.0,31.0,18.0,18.0,12.0,5.0,29.0,92.0,10.0,36.0,37.0,27.0,13.0,16.0,22.0,13.0,29.0,20.0,16.0,29.0,39.0,11.0,75.0,43.0,37.0,31.0,36.0,52.0,8.0,27.0,14.0,13.0,31.0,31.0,58.0,29.0,22.0,42.0,31.0,24.0,7.0,16.0,28.0,33.0,30.0,40.0,38.0,17.0,19.0,43.0,39.0,41.0,37.0,94.0,179.0,48.0,36.0,28.0,44.0,29.0,20.0,45.0,85.0,100.0,52.0,17.0,56.0
33,8.25,2.0,0.0,1.0,0.0,1.0,1.0,0.0,0.0,4.0,3.0,1.0,2.0,1.0,1.0,2.0,1.0,3.0,2.0,0.0,10.0,19.0,1.0,4.0,3.0,1.0,1.0,1.0,0.0,1.0,1.0,3.0,3.0,0.0,2.0,0.0,0.0,2.0,1.0,1.0,4.0,6.0,5.0,2.0,1.0,11.0,0.0,2.0,2.0,0.0,0.0,2.0,0.0,1.0,18.0,0.0,2.0,3.0,3.0,0.0,5.0,1.0,0.0,1.0,0.0,0.0,4.0,40.0,4.0,3.0,1.0,7.0,3.0,6.0,20.0,8.0,7.0,1.0,3.0,4.0,8.0,21.0,13.0,65.0,5.0,12.0,8.0,4.0,21.0,12.0,20.0,28.0,14.0,12.0,9.0,13.0,4.0,0.0,0.0,3.0,12.0,22.0,11.0,6.0,16.0,5.0,24.0,23.0,41.0,15.0,12.0,9.0,14.0,22.0,5.0,0.0,0.0,26.0,34.0,19.0,11.0,7.0,6.0,24.0,19.0,9.0,9.0,22.0,36.0,19.0,11.0,1.0,1.0,20.0,30.0,42.0,17.0,23.0,10.0,23.0,16.0,16.0,21.0,18.0,38.0,29.0,18.0,14.0,11.0,4.0,21.0,92.0,9.0,34.0,37.0,32.0,12.0,14.0,22.0,13.0,28.0,19.0,16.0,20.0,28.0,11.0,71.0,43.0,37.0,31.0,36.0,52.0,10.0,22.0,16.0,13.0,25.0,21.0,39.0,18.0,19.0,42.0,31.0,30.0,8.0,18.0,28.0,33.0,23.0,33.0,35.0,16.0,19.0,39.0,36.0,57.0,37.0,87.0,179.0,48.0,28.0,28.0,38.0,25.0,16.0,38.0,105.0,100.0,49.0,20.0,59.0
34,8.5,2.0,0.0,1.0,0.0,1.0,0.0,0.0,0.0,5.0,4.0,0.0,0.0,1.0,2.0,2.0,1.0,3.0,0.0,1.0,10.0,9.0,1.0,6.0,2.0,1.0,0.0,1.0,0.0,0.0,1.0,3.0,2.0,2.0,1.0,0.0,1.0,2.0,0.0,1.0,4.0,7.0,5.0,2.0,5.0,11.0,0.0,2.0,1.0,0.0,0.0,1.0,0.0,1.0,15.0,0.0,2.0,4.0,3.0,0.0,4.0,1.0,0.0,1.0,0.0,0.0,7.0,40.0,4.0,3.0,1.0,8.0,0.0,6.0,20.0,3.0,7.0,1.0,3.0,2.0,8.0,11.0,13.0,53.0,6.0,16.0,7.0,4.0,22.0,12.0,13.0,23.0,13.0,11.0,8.0,14.0,4.0,0.0,0.0,3.0,6.0,18.0,11.0,6.0,16.0,5.0,24.0,23.0,37.0,6.0,12.0,8.0,14.0,22.0,5.0,0.0,0.0,17.0,34.0,10.0,11.0,7.0,5.0,24.0,16.0,8.0,8.0,20.0,30.0,21.0,6.0,1.0,1.0,20.0,30.0,42.0,17.0,23.0,13.0,22.0,15.0,16.0,21.0,16.0,29.0,29.0,9.0,14.0,11.0,4.0,19.0,30.0,9.0,32.0,37.0,32.0,8.0,12.0,26.0,16.0,28.0,18.0,14.0,19.0,28.0,13.0,69.0,48.0,29.0,37.0,77.0,42.0,10.0,22.0,16.0,22.0,25.0,21.0,30.0,15.0,19.0,41.0,31.0,30.0,8.0,18.0,24.0,25.0,16.0,30.0,35.0,16.0,19.0,34.0,38.0,57.0,33.0,75.0,153.0,44.0,28.0,28.0,38.0,25.0,13.0,27.0,105.0,108.0,45.0,20.0,56.0
35,8.75,1.0,0.0,2.0,0.0,1.0,2.0,0.0,0.0,3.0,7.0,0.0,0.0,1.0,1.0,1.0,1.0,2.0,0.0,1.0,10.0,6.0,1.0,9.0,2.0,1.0,0.0,0.0,0.0,0.0,1.0,3.0,2.0,2.0,1.0,0.0,0.0,2.0,0.0,1.0,2.0,14.0,7.0,2.0,5.0,11.0,0.0,0.0,0.0,1.0,1.0,1.0,0.0,1.0,18.0,0.0,2.0,4.0,4.0,0.0,2.0,1.0,0.0,1.0,0.0,0.0,6.0,40.0,6.0,3.0,1.0,12.0,0.0,2.0,14.0,3.0,7.0,1.0,3.0,2.0,8.0,11.0,13.0,20.0,9.0,21.0,7.0,4.0,22.0,9.0,13.0,15.0,11.0,11.0,8.0,14.0,4.0,0.0,0.0,2.0,7.0,22.0,8.0,7.0,16.0,5.0,25.0,23.0,34.0,6.0,12.0,8.0,15.0,24.0,2.0,0.0,0.0,16.0,34.0,10.0,11.0,7.0,9.0,17.0,16.0,8.0,8.0,16.0,27.0,21.0,6.0,1.0,1.0,20.0,32.0,37.0,17.0,23.0,13.0,22.0,15.0,15.0,18.0,14.0,20.0,25.0,10.0,15.0,11.0,3.0,21.0,30.0,9.0,22.0,29.0,28.0,8.0,10.0,31.0,16.0,28.0,18.0,14.0,19.0,28.0,10.0,52.0,39.0,29.0,37.0,77.0,27.0,11.0,21.0,16.0,22.0,25.0,18.0,30.0,15.0,19.0,35.0,27.0,17.0,8.0,18.0,24.0,21.0,16.0,17.0,41.0,16.0,19.0,35.0,38.0,50.0,22.0,69.0,141.0,31.0,23.0,28.0,34.0,25.0,10.0,26.0,84.0,108.0,42.0,20.0,52.0
36,9.0,1.0,0.0,1.0,0.0,0.0,1.0,0.0,0.0,3.0,7.0,0.0,0.0,1.0,1.0,1.0,1.0,1.0,0.0,0.0,8.0,6.0,1.0,9.0,2.0,0.0,0.0,0.0,0.0,0.0,4.0,4.0,2.0,1.0,1.0,1.0,1.0,2.0,0.0,1.0,2.0,14.0,7.0,2.0,5.0,8.0,0.0,0.0,0.0,1.0,0.0,1.0,0.0,0.0,25.0,0.0,3.0,4.0,4.0,0.0,1.0,1.0,0.0,1.0,0.0,0.0,6.0,36.0,11.0,7.0,1.0,12.0,0.0,2.0,13.0,3.0,7.0,1.0,3.0,2.0,7.0,13.0,17.0,20.0,9.0,23.0,7.0,5.0,22.0,7.0,13.0,10.0,8.0,11.0,8.0,14.0,5.0,0.0,0.0,5.0,6.0,27.0,8.0,8.0,12.0,5.0,25.0,17.0,34.0,8.0,12.0,6.0,9.0,27.0,2.0,0.0,1.0,16.0,36.0,13.0,10.0,7.0,6.0,17.0,15.0,8.0,5.0,16.0,27.0,13.0,11.0,0.0,1.0,13.0,32.0,22.0,16.0,23.0,14.0,22.0,15.0,11.0,17.0,14.0,17.0,22.0,10.0,15.0,10.0,4.0,19.0,30.0,9.0,22.0,26.0,21.0,16.0,10.0,31.0,12.0,28.0,17.0,12.0,17.0,25.0,9.0,50.0,38.0,29.0,34.0,31.0,27.0,11.0,21.0,16.0,15.0,25.0,14.0,30.0,12.0,18.0,35.0,27.0,15.0,9.0,17.0,24.0,15.0,13.0,15.0,41.0,18.0,19.0,34.0,38.0,29.0,20.0,69.0,123.0,31.0,23.0,18.0,38.0,28.0,10.0,24.0,63.0,97.0,42.0,18.0,42.0
37,9.25,1.0,0.0,1.0,0.0,0.0,2.0,0.0,0.0,1.0,4.0,0.0,0.0,1.0,1.0,1.0,1.0,1.0,0.0,0.0,7.0,6.0,1.0,6.0,2.0,0.0,1.0,0.0,0.0,1.0,4.0,4.0,4.0,1.0,1.0,1.0,0.0,2.0,1.0,1.0,2.0,9.0,8.0,0.0,3.0,6.0,0.0,0.0,3.0,0.0,0.0,1.0,0.0,0.0,31.0,0.0,3.0,3.0,6.0,3.0,1.0,2.0,0.0,0.0,0.0,0.0,5.0,32.0,28.0,7.0,0.0,5.0,1.0,2.0,13.0,5.0,7.0,1.0,3.0,4.0,12.0,16.0,17.0,11.0,7.0,101.0,9.0,4.0,19.0,8.0,11.0,10.0,8.0,11.0,8.0,15.0,5.0,0.0,0.0,3.0,7.0,27.0,6.0,8.0,11.0,5.0,20.0,13.0,34.0,8.0,10.0,6.0,9.0,27.0,2.0,0.0,1.0,16.0,36.0,13.0,10.0,8.0,8.0,17.0,13.0,10.0,5.0,13.0,30.0,13.0,17.0,0.0,1.0,11.0,23.0,23.0,15.0,21.0,10.0,18.0,15.0,11.0,16.0,12.0,20.0,19.0,11.0,16.0,10.0,1.0,15.0,26.0,9.0,22.0,23.0,28.0,16.0,13.0,31.0,10.0,29.0,14.0,12.0,17.0,20.0,9.0,50.0,35.0,24.0,24.0,19.0,27.0,8.0,19.0,16.0,15.0,27.0,13.0,29.0,12.0,16.0,37.0,27.0,15.0,11.0,17.0,15.0,15.0,13.0,17.0,41.0,16.0,13.0,30.0,36.0,22.0,20.0,71.0,115.0,37.0,23.0,18.0,34.0,28.0,11.0,16.0,59.0,97.0,42.0,18.0,42.0
38,9.5,1.0,0.0,1.0,0.0,0.0,1.0,0.0,0.0,1.0,3.0,0.0,0.0,1.0,1.0,0.0,0.0,1.0,0.0,0.0,8.0,8.0,1.0,4.0,1.0,0.0,1.0,1.0,0.0,1.0,1.0,4.0,4.0,1.0,1.0,1.0,0.0,2.0,1.0,1.0,2.0,8.0,4.0,0.0,3.0,5.0,0.0,0.0,3.0,0.0,0.0,1.0,0.0,0.0,31.0,0.0,2.0,3.0,5.0,3.0,2.0,1.0,0.0,0.0,0.0,0.0,3.0,28.0,28.0,6.0,2.0,5.0,2.0,2.0,13.0,5.0,4.0,0.0,3.0,4.0,12.0,16.0,14.0,11.0,4.0,101.0,11.0,1.0,18.0,5.0,7.0,12.0,5.0,11.0,8.0,18.0,3.0,1.0,2.0,3.0,6.0,9.0,6.0,10.0,11.0,5.0,20.0,13.0,32.0,6.0,10.0,6.0,9.0,26.0,2.0,0.0,1.0,12.0,35.0,15.0,6.0,6.0,6.0,19.0,11.0,9.0,5.0,16.0,35.0,16.0,11.0,0.0,1.0,11.0,23.0,21.0,16.0,20.0,8.0,17.0,15.0,10.0,17.0,12.0,15.0,19.0,11.0,16.0,11.0,3.0,14.0,20.0,9.0,24.0,10.0,21.0,13.0,13.0,24.0,12.0,29.0,12.0,12.0,11.0,19.0,9.0,52.0,25.0,20.0,24.0,16.0,25.0,7.0,19.0,8.0,16.0,25.0,14.0,21.0,12.0,15.0,43.0,27.0,15.0,11.0,17.0,14.0,13.0,13.0,13.0,40.0,16.0,13.0,30.0,32.0,21.0,24.0,73.0,111.0,37.0,23.0,18.0,38.0,29.0,11.0,15.0,58.0,97.0,37.0,15.0,41.0
39,9.75,1.0,0.0,1.0,0.0,0.0,1.0,0.0,0.0,3.0,3.0,0.0,0.0,0.0,1.0,0.0,0.0,2.0,1.0,0.0,10.0,8.0,2.0,4.0,2.0,0.0,1.0,1.0,0.0,1.0,1.0,4.0,1.0,1.0,1.0,0.0,0.0,1.0,0.0,1.0,3.0,8.0,5.0,0.0,3.0,5.0,0.0,0.0,1.0,0.0,0.0,1.0,0.0,0.0,25.0,0.0,2.0,2.0,6.0,2.0,2.0,1.0,0.0,0.0,0.0,0.0,3.0,28.0,27.0,5.0,1.0,4.0,2.0,2.0,13.0,4.0,4.0,0.0,2.0,4.0,12.0,16.0,10.0,15.0,7.0,90.0,11.0,1.0,18.0,5.0,11.0,12.0,5.0,10.0,9.0,21.0,3.0,1.0,0.0,2.0,5.0,9.0,3.0,12.0,19.0,5.0,16.0,18.0,32.0,4.0,9.0,4.0,9.0,24.0,3.0,1.0,1.0,12.0,35.0,19.0,4.0,10.0,7.0,22.0,6.0,9.0,2.0,13.0,38.0,18.0,8.0,0.0,2.0,9.0,23.0,22.0,14.0,20.0,8.0,17.0,11.0,10.0,15.0,12.0,14.0,19.0,8.0,18.0,11.0,1.0,14.0,20.0,6.0,22.0,5.0,24.0,10.0,8.0,24.0,13.0,29.0,12.0,10.0,8.0,19.0,7.0,52.0,25.0,20.0,27.0,15.0,25.0,8.0,17.0,8.0,19.0,25.0,14.0,21.0,13.0,16.0,43.0,30.0,14.0,11.0,18.0,12.0,14.0,11.0,17.0,40.0,16.0,13.0,30.0,36.0,21.0,24.0,71.0,107.0,31.0,23.0,19.0,42.0,29.0,9.0,16.0,58.0,97.0,46.0,12.0,44.0
40,10.0,2.0,1.0,0.0,0.0,1.0,1.0,0.0,0.0,3.0,5.0,0.0,0.0,0.0,1.0,0.0,1.0,2.0,1.0,0.0,10.0,8.0,1.0,3.0,3.0,0.0,1.0,0.0,0.0,0.0,2.0,4.0,1.0,2.0,2.0,1.0,0.0,1.0,0.0,1.0,2.0,6.0,5.0,0.0,3.0,5.0,0.0,0.0,1.0,0.0,0.0,1.0,1.0,1.0,25.0,0.0,5.0,2.0,5.0,2.0,2.0,1.0,0.0,0.0,0.0,0.0,4.0,34.0,16.0,5.0,1.0,2.0,2.0,2.0,13.0,4.0,4.0,0.0,3.0,5.0,12.0,10.0,10.0,15.0,5.0,34.0,12.0,4.0,18.0,5.0,11.0,9.0,5.0,10.0,9.0,21.0,2.0,0.0,1.0,2.0,5.0,12.0,3.0,10.0,19.0,6.0,25.0,20.0,33.0,6.0,8.0,3.0,13.0,21.0,3.0,1.0,1.0,15.0,36.0,19.0,4.0,10.0,6.0,23.0,11.0,9.0,3.0,14.0,43.0,16.0,8.0,0.0,2.0,9.0,19.0,21.0,14.0,20.0,8.0,17.0,7.0,10.0,14.0,7.0,14.0,27.0,7.0,18.0,7.0,3.0,14.0,12.0,6.0,25.0,5.0,21.0,9.0,5.0,21.0,13.0,27.0,16.0,14.0,8.0,20.0,7.0,42.0,25.0,16.0,28.0,15.0,31.0,8.0,19.0,14.0,19.0,20.0,14.0,21.0,11.0,16.0,42.0,32.0,14.0,8.0,15.0,12.0,14.0,11.0,11.0,41.0,15.0,14.0,38.0,31.0,21.0,23.0,64.0,107.0,31.0,23.0,20.0,48.0,28.0,7.0,13.0,58.0,91.0,46.0,12.0,44.0
41,10.25,2.0,0.0,0.0,0.0,1.0,0.0,0.0,0.0,1.0,5.0,0.0,0.0,0.0,1.0,1.0,1.0,0.0,1.0,0.0,9.0,7.0,1.0,4.0,3.0,1.0,0.0,0.0,0.0,0.0,7.0,5.0,5.0,1.0,2.0,0.0,0.0,2.0,0.0,0.0,2.0,8.0,5.0,0.0,3.0,5.0,0.0,0.0,1.0,0.0,0.0,1.0,1.0,1.0,17.0,0.0,5.0,2.0,3.0,2.0,2.0,1.0,1.0,0.0,1.0,0.0,4.0,36.0,11.0,5.0,0.0,4.0,2.0,2.0,14.0,4.0,3.0,0.0,3.0,5.0,10.0,10.0,10.0,21.0,9.0,31.0,13.0,4.0,17.0,5.0,13.0,8.0,7.0,14.0,8.0,21.0,2.0,0.0,0.0,2.0,7.0,16.0,4.0,9.0,19.0,6.0,18.0,18.0,33.0,6.0,8.0,3.0,13.0,21.0,1.0,0.0,1.0,15.0,43.0,11.0,9.0,10.0,6.0,23.0,10.0,11.0,3.0,14.0,43.0,18.0,9.0,0.0,2.0,9.0,17.0,16.0,14.0,19.0,8.0,20.0,11.0,9.0,14.0,7.0,15.0,27.0,8.0,16.0,7.0,1.0,14.0,8.0,6.0,22.0,11.0,21.0,9.0,5.0,27.0,13.0,30.0,16.0,17.0,9.0,21.0,6.0,42.0,27.0,15.0,34.0,21.0,31.0,9.0,17.0,14.0,18.0,20.0,14.0,25.0,13.0,16.0,42.0,30.0,15.0,8.0,18.0,14.0,14.0,10.0,17.0,41.0,15.0,22.0,36.0,39.0,23.0,19.0,60.0,96.0,25.0,23.0,24.0,48.0,24.0,7.0,13.0,52.0,91.0,46.0,8.0,58.0
42,10.5,2.0,0.0,0.0,1.0,1.0,0.0,0.0,0.0,1.0,2.0,1.0,1.0,1.0,2.0,1.0,1.0,0.0,0.0,0.0,8.0,7.0,1.0,4.0,3.0,0.0,0.0,1.0,0.0,0.0,7.0,5.0,5.0,1.0,1.0,0.0,0.0,3.0,0.0,0.0,2.0,8.0,4.0,1.0,3.0,4.0,0.0,1.0,1.0,0.0,0.0,1.0,1.0,1.0,17.0,1.0,3.0,3.0,3.0,1.0,1.0,0.0,1.0,0.0,1.0,0.0,4.0,36.0,11.0,4.0,0.0,4.0,2.0,2.0,8.0,3.0,3.0,0.0,3.0,5.0,12.0,11.0,8.0,18.0,6.0,29.0,21.0,5.0,16.0,8.0,13.0,9.0,7.0,14.0,8.0,21.0,1.0,0.0,0.0,2.0,8.0,17.0,7.0,9.0,16.0,4.0,18.0,19.0,32.0,6.0,4.0,3.0,13.0,25.0,1.0,0.0,0.0,15.0,43.0,11.0,9.0,11.0,6.0,23.0,10.0,11.0,7.0,14.0,48.0,18.0,9.0,0.0,2.0,9.0,15.0,14.0,14.0,19.0,7.0,24.0,12.0,9.0,21.0,11.0,20.0,21.0,11.0,9.0,9.0,1.0,14.0,8.0,7.0,20.0,12.0,21.0,10.0,11.0,30.0,13.0,27.0,21.0,19.0,12.0,25.0,8.0,42.0,29.0,15.0,34.0,22.0,31.0,9.0,20.0,14.0,17.0,19.0,14.0,25.0,15.0,16.0,42.0,25.0,15.0,8.0,18.0,14.0,15.0,16.0,17.0,41.0,15.0,14.0,36.0,32.0,23.0,23.0,60.0,96.0,29.0,20.0,24.0,53.0,22.0,8.0,12.0,58.0,92.0,38.0,11.0,58.0
43,10.75,1.0,0.0,0.0,1.0,1.0,0.0,0.0,0.0,1.0,2.0,1.0,1.0,1.0,2.0,2.0,1.0,0.0,0.0,0.0,9.0,7.0,1.0,5.0,1.0,0.0,0.0,1.0,0.0,0.0,4.0,5.0,4.0,1.0,1.0,0.0,0.0,3.0,0.0,0.0,3.0,10.0,4.0,0.0,2.0,4.0,1.0,1.0,1.0,0.0,0.0,1.0,0.0,1.0,21.0,1.0,3.0,3.0,3.0,0.0,1.0,0.0,1.0,0.0,1.0,0.0,3.0,29.0,12.0,5.0,1.0,4.0,2.0,2.0,9.0,3.0,3.0,0.0,3.0,3.0,6.0,11.0,8.0,18.0,6.0,29.0,27.0,5.0,16.0,9.0,13.0,11.0,8.0,15.0,5.0,21.0,4.0,0.0,0.0,4.0,8.0,17.0,7.0,9.0,16.0,4.0,16.0,19.0,32.0,6.0,6.0,3.0,17.0,34.0,2.0,0.0,0.0,18.0,51.0,10.0,7.0,11.0,6.0,25.0,10.0,11.0,7.0,15.0,49.0,18.0,9.0,0.0,1.0,9.0,13.0,16.0,14.0,22.0,7.0,20.0,12.0,9.0,21.0,11.0,18.0,21.0,11.0,11.0,9.0,1.0,15.0,11.0,7.0,20.0,13.0,21.0,10.0,11.0,30.0,14.0,30.0,16.0,19.0,13.0,25.0,8.0,49.0,35.0,18.0,31.0,22.0,23.0,7.0,20.0,14.0,16.0,15.0,14.0,32.0,16.0,16.0,44.0,25.0,13.0,9.0,19.0,14.0,21.0,19.0,17.0,41.0,16.0,21.0,36.0,32.0,21.0,23.0,62.0,91.0,27.0,21.0,24.0,66.0,20.0,8.0,12.0,58.0,101.0,34.0,10.0,44.0
44,11.0,0.0,0.0,0.0,1.0,1.0,0.0,0.0,0.0,1.0,4.0,1.0,1.0,1.0,1.0,2.0,1.0,1.0,0.0,1.0,9.0,7.0,2.0,5.0,0.0,0.0,0.0,1.0,0.0,0.0,2.0,5.0,3.0,0.0,2.0,1.0,1.0,2.0,0.0,0.0,3.0,12.0,8.0,0.0,1.0,4.0,1.0,1.0,1.0,0.0,0.0,1.0,1.0,1.0,21.0,0.0,4.0,5.0,6.0,0.0,1.0,0.0,1.0,0.0,0.0,0.0,4.0,29.0,14.0,6.0,1.0,7.0,2.0,2.0,9.0,6.0,5.0,1.0,7.0,2.0,8.0,11.0,8.0,18.0,5.0,25.0,27.0,5.0,24.0,9.0,13.0,15.0,6.0,17.0,5.0,22.0,7.0,0.0,0.0,4.0,9.0,16.0,7.0,9.0,16.0,6.0,16.0,20.0,33.0,5.0,3.0,3.0,20.0,36.0,2.0,1.0,0.0,18.0,51.0,10.0,7.0,11.0,6.0,28.0,11.0,11.0,6.0,14.0,52.0,20.0,9.0,0.0,1.0,9.0,12.0,15.0,14.0,22.0,8.0,24.0,13.0,11.0,20.0,11.0,20.0,24.0,11.0,11.0,7.0,2.0,15.0,11.0,8.0,22.0,16.0,23.0,11.0,11.0,30.0,17.0,36.0,16.0,21.0,15.0,23.0,8.0,50.0,35.0,22.0,28.0,22.0,22.0,7.0,22.0,17.0,15.0,15.0,11.0,32.0,15.0,17.0,49.0,29.0,10.0,9.0,21.0,19.0,21.0,19.0,18.0,41.0,16.0,18.0,39.0,26.0,21.0,25.0,63.0,104.0,27.0,21.0,31.0,66.0,20.0,7.0,16.0,64.0,101.0,34.0,11.0,42.0
45,11.25,0.0,0.0,0.0,0.0,0.0,1.0,0.0,0.0,1.0,4.0,1.0,1.0,1.0,1.0,2.0,0.0,1.0,0.0,1.0,11.0,6.0,2.0,5.0,0.0,0.0,0.0,1.0,0.0,0.0,2.0,3.0,3.0,0.0,2.0,1.0,1.0,2.0,0.0,0.0,3.0,10.0,8.0,0.0,2.0,5.0,0.0,0.0,2.0,0.0,0.0,0.0,0.0,1.0,17.0,0.0,4.0,5.0,6.0,0.0,2.0,0.0,1.0,0.0,0.0,0.0,3.0,40.0,12.0,6.0,1.0,7.0,2.0,2.0,9.0,6.0,3.0,1.0,7.0,2.0,8.0,16.0,9.0,26.0,3.0,26.0,15.0,5.0,24.0,10.0,15.0,11.0,8.0,18.0,7.0,25.0,7.0,0.0,1.0,3.0,8.0,16.0,7.0,9.0,17.0,6.0,21.0,21.0,34.0,5.0,6.0,3.0,25.0,34.0,1.0,1.0,0.0,18.0,51.0,15.0,9.0,16.0,6.0,34.0,12.0,11.0,6.0,16.0,56.0,19.0,9.0,0.0,1.0,13.0,12.0,15.0,14.0,22.0,8.0,30.0,14.0,11.0,18.0,11.0,20.0,24.0,12.0,11.0,6.0,3.0,15.0,15.0,7.0,24.0,16.0,28.0,13.0,13.0,31.0,17.0,37.0,16.0,22.0,15.0,23.0,8.0,54.0,33.0,23.0,28.0,21.0,22.0,10.0,25.0,17.0,16.0,15.0,11.0,28.0,13.0,17.0,49.0,34.0,10.0,9.0,21.0,19.0,17.0,16.0,15.0,41.0,18.0,18.0,48.0,26.0,21.0,23.0,63.0,103.0,27.0,21.0,31.0,64.0,23.0,7.0,16.0,58.0,83.0,34.0,16.0,44.0
46,11.5,1.0,1.0,0.0,0.0,0.0,1.0,0.0,0.0,3.0,4.0,2.0,1.0,1.0,1.0,0.0,0.0,3.0,0.0,0.0,11.0,6.0,2.0,3.0,0.0,0.0,0.0,0.0,0.0,0.0,1.0,5.0,3.0,0.0,2.0,0.0,1.0,1.0,0.0,0.0,4.0,9.0,6.0,0.0,1.0,5.0,0.0,0.0,2.0,0.0,0.0,0.0,1.0,1.0,17.0,0.0,5.0,5.0,3.0,0.0,2.0,1.0,0.0,0.0,0.0,0.0,3.0,40.0,14.0,4.0,1.0,7.0,1.0,2.0,13.0,6.0,5.0,1.0,4.0,5.0,8.0,16.0,9.0,32.0,3.0,25.0,9.0,4.0,25.0,11.0,15.0,10.0,8.0,17.0,7.0,25.0,5.0,1.0,1.0,3.0,8.0,19.0,7.0,10.0,22.0,4.0,21.0,20.0,34.0,2.0,10.0,7.0,25.0,25.0,1.0,0.0,0.0,21.0,54.0,16.0,10.0,17.0,6.0,35.0,16.0,15.0,10.0,16.0,60.0,20.0,11.0,0.0,1.0,10.0,21.0,15.0,15.0,27.0,8.0,30.0,14.0,12.0,15.0,12.0,26.0,24.0,12.0,18.0,5.0,3.0,15.0,16.0,7.0,24.0,15.0,28.0,13.0,14.0,39.0,17.0,37.0,22.0,22.0,15.0,29.0,9.0,61.0,33.0,25.0,28.0,24.0,33.0,10.0,25.0,17.0,17.0,23.0,13.0,28.0,13.0,20.0,49.0,44.0,9.0,9.0,19.0,15.0,17.0,16.0,17.0,44.0,18.0,18.0,50.0,30.0,23.0,25.0,77.0,103.0,35.0,26.0,24.0,62.0,24.0,9.0,19.0,58.0,83.0,43.0,17.0,57.0
47,11.75,1.0,1.0,0.0,0.0,0.0,1.0,0.0,1.0,3.0,3.0,2.0,1.0,1.0,1.0,0.0,1.0,3.0,0.0,0.0,11.0,9.0,2.0,3.0,1.0,0.0,0.0,0.0,0.0,0.0,1.0,4.0,2.0,1.0,1.0,0.0,1.0,1.0,0.0,0.0,4.0,9.0,6.0,1.0,3.0,6.0,0.0,0.0,2.0,0.0,0.0,1.0,0.0,0.0,21.0,0.0,5.0,4.0,3.0,0.0,2.0,1.0,0.0,0.0,0.0,0.0,3.0,42.0,9.0,4.0,2.0,5.0,1.0,2.0,15.0,5.0,4.0,0.0,4.0,5.0,8.0,16.0,14.0,32.0,3.0,24.0,9.0,3.0,24.0,11.0,15.0,10.0,12.0,17.0,7.0,18.0,5.0,1.0,1.0,3.0,7.0,22.0,7.0,11.0,17.0,4.0,23.0,22.0,35.0,6.0,10.0,7.0,21.0,25.0,4.0,0.0,2.0,17.0,65.0,15.0,13.0,17.0,9.0,35.0,16.0,18.0,10.0,16.0,62.0,19.0,12.0,0.0,2.0,10.0,21.0,19.0,20.0,27.0,8.0,30.0,14.0,14.0,15.0,12.0,20.0,27.0,14.0,24.0,5.0,3.0,12.0,17.0,7.0,27.0,15.0,33.0,9.0,15.0,39.0,14.0,37.0,26.0,22.0,15.0,29.0,9.0,67.0,43.0,34.0,37.0,25.0,33.0,12.0,25.0,18.0,17.0,28.0,18.0,33.0,17.0,22.0,49.0,44.0,10.0,8.0,18.0,15.0,17.0,17.0,17.0,45.0,17.0,21.0,52.0,32.0,30.0,23.0,77.0,99.0,35.0,28.0,24.0,57.0,30.0,9.0,22.0,58.0,91.0,48.0,17.0,61.0
48,12.0,2.0,1.0,0.0,0.0,0.0,0.0,0.0,1.0,3.0,4.0,0.0,1.0,2.0,0.0,0.0,1.0,1.0,0.0,1.0,5.0,9.0,2.0,3.0,1.0,0.0,0.0,0.0,0.0,0.0,0.0,4.0,2.0,2.0,1.0,0.0,1.0,2.0,0.0,0.0,2.0,8.0,6.0,1.0,2.0,7.0,1.0,0.0,0.0,0.0,0.0,1.0,0.0,1.0,21.0,0.0,1.0,4.0,3.0,0.0,3.0,1.0,2.0,1.0,0.0,1.0,4.0,42.0,9.0,4.0,2.0,4.0,3.0,2.0,15.0,4.0,4.0,0.0,3.0,6.0,10.0,13.0,14.0,18.0,3.0,22.0,11.0,3.0,25.0,8.0,17.0,9.0,10.0,13.0,8.0,18.0,5.0,1.0,0.0,4.0,7.0,19.0,6.0,10.0,15.0,5.0,20.0,14.0,45.0,2.0,10.0,7.0,19.0,31.0,4.0,0.0,2.0,25.0,73.0,16.0,13.0,17.0,7.0,38.0,16.0,18.0,5.0,19.0,62.0,24.0,15.0,0.0,2.0,10.0,25.0,22.0,20.0,28.0,10.0,27.0,13.0,14.0,19.0,14.0,26.0,29.0,15.0,22.0,10.0,2.0,12.0,17.0,7.0,28.0,15.0,33.0,8.0,15.0,29.0,14.0,37.0,26.0,20.0,15.0,33.0,9.0,67.0,43.0,34.0,28.0,25.0,29.0,12.0,28.0,19.0,20.0,30.0,21.0,33.0,18.0,22.0,54.0,44.0,13.0,8.0,19.0,15.0,20.0,18.0,18.0,45.0,15.0,25.0,50.0,37.0,34.0,21.0,68.0,97.0,32.0,28.0,24.0,57.0,26.0,9.0,22.0,61.0,100.0,48.0,16.0,61.0
49,12.25,2.0,1.0,0.0,0.0,1.0,0.0,0.0,0.0,3.0,4.0,0.0,1.0,1.0,0.0,1.0,1.0,1.0,0.0,1.0,11.0,8.0,3.0,3.0,1.0,0.0,4.0,0.0,0.0,0.0,0.0,4.0,2.0,2.0,1.0,0.0,1.0,3.0,0.0,0.0,0.0,5.0,7.0,1.0,2.0,7.0,1.0,1.0,1.0,0.0,0.0,0.0,0.0,1.0,14.0,0.0,1.0,4.0,2.0,1.0,3.0,1.0,2.0,1.0,0.0,0.0,5.0,43.0,7.0,5.0,1.0,4.0,3.0,1.0,12.0,4.0,3.0,0.0,3.0,6.0,7.0,13.0,12.0,18.0,3.0,22.0,12.0,4.0,32.0,8.0,17.0,8.0,10.0,15.0,9.0,22.0,4.0,1.0,0.0,6.0,6.0,23.0,5.0,11.0,15.0,5.0,19.0,22.0,45.0,6.0,10.0,7.0,19.0,36.0,4.0,0.0,2.0,25.0,73.0,14.0,8.0,16.0,9.0,38.0,11.0,19.0,5.0,26.0,62.0,26.0,15.0,1.0,1.0,14.0,21.0,23.0,20.0,28.0,12.0,26.0,13.0,14.0,19.0,14.0,19.0,31.0,15.0,22.0,12.0,1.0,12.0,17.0,7.0,38.0,19.0,27.0,9.0,12.0,28.0,15.0,37.0,23.0,20.0,16.0,33.0,11.0,57.0,33.0,34.0,39.0,18.0,28.0,12.0,28.0,21.0,20.0,30.0,21.0,32.0,20.0,22.0,59.0,38.0,13.0,6.0,21.0,13.0,20.0,18.0,18.0,55.0,17.0,34.0,47.0,37.0,34.0,21.0,68.0,92.0,32.0,28.0,24.0,71.0,26.0,11.0,18.0,69.0,114.0,48.0,15.0,46.0
50,12.5,2.0,1.0,1.0,0.0,0.0,0.0,1.0,0.0,3.0,4.0,0.0,1.0,1.0,0.0,0.0,1.0,0.0,0.0,1.0,11.0,8.0,3.0,5.0,1.0,1.0,4.0,0.0,0.0,0.0,0.0,4.0,3.0,1.0,1.0,0.0,0.0,4.0,0.0,0.0,1.0,4.0,9.0,0.0,1.0,7.0,1.0,1.0,1.0,0.0,0.0,0.0,0.0,1.0,14.0,0.0,2.0,5.0,1.0,1.0,3.0,1.0,0.0,1.0,1.0,0.0,6.0,43.0,7.0,4.0,1.0,8.0,2.0,2.0,12.0,4.0,2.0,0.0,3.0,4.0,10.0,13.0,12.0,22.0,5.0,27.0,13.0,7.0,32.0,8.0,17.0,6.0,9.0,13.0,8.0,29.0,4.0,0.0,0.0,4.0,13.0,18.0,5.0,11.0,15.0,4.0,19.0,20.0,45.0,6.0,10.0,6.0,16.0,36.0,4.0,0.0,2.0,25.0,67.0,16.0,8.0,11.0,10.0,39.0,11.0,16.0,6.0,26.0,61.0,26.0,15.0,0.0,1.0,15.0,25.0,23.0,15.0,28.0,13.0,26.0,13.0,14.0,22.0,18.0,19.0,31.0,11.0,21.0,10.0,0.0,11.0,16.0,7.0,38.0,19.0,27.0,9.0,12.0,29.0,16.0,43.0,17.0,20.0,15.0,33.0,11.0,57.0,32.0,30.0,40.0,16.0,28.0,10.0,27.0,21.0,26.0,27.0,21.0,31.0,20.0,24.0,59.0,35.0,13.0,9.0,27.0,13.0,23.0,16.0,17.0,55.0,13.0,26.0,46.0,37.0,31.0,24.0,78.0,91.0,44.0,27.0,26.0,76.0,26.0,11.0,18.0,61.0,114.0,48.0,15.0,46.0
51,12.75,2.0,1.0,0.0,0.0,0.0,0.0,0.0,0.0,3.0,4.0,0.0,2.0,1.0,0.0,0.0,1.0,1.0,0.0,1.0,17.0,8.0,1.0,5.0,0.0,1.0,2.0,0.0,0.0,1.0,0.0,5.0,2.0,1.0,1.0,0.0,1.0,5.0,0.0,0.0,1.0,5.0,12.0,0.0,1.0,4.0,1.0,1.0,2.0,0.0,0.0,1.0,0.0,2.0,16.0,0.0,2.0,5.0,2.0,1.0,3.0,1.0,0.0,1.0,1.0,0.0,6.0,47.0,8.0,4.0,2.0,9.0,0.0,2.0,14.0,2.0,3.0,1.0,2.0,2.0,13.0,16.0,13.0,22.0,5.0,27.0,17.0,7.0,30.0,8.0,15.0,8.0,9.0,12.0,7.0,23.0,5.0,0.0,1.0,2.0,13.0,17.0,8.0,15.0,14.0,4.0,20.0,20.0,45.0,7.0,10.0,6.0,16.0,32.0,5.0,1.0,1.0,24.0,67.0,18.0,8.0,11.0,10.0,39.0,11.0,19.0,6.0,20.0,68.0,21.0,12.0,0.0,1.0,14.0,21.0,24.0,20.0,25.0,14.0,27.0,14.0,11.0,22.0,13.0,19.0,31.0,11.0,21.0,8.0,0.0,17.0,16.0,7.0,38.0,19.0,31.0,9.0,12.0,27.0,16.0,43.0,17.0,17.0,15.0,31.0,13.0,60.0,32.0,27.0,40.0,16.0,28.0,9.0,25.0,20.0,26.0,27.0,21.0,32.0,18.0,22.0,59.0,35.0,10.0,6.0,22.0,17.0,23.0,16.0,17.0,52.0,17.0,26.0,46.0,36.0,31.0,24.0,78.0,91.0,47.0,27.0,24.0,71.0,22.0,11.0,16.0,65.0,110.0,49.0,16.0,48.0
52,13.0,3.0,1.0,0.0,0.0,0.0,0.0,0.0,0.0,3.0,5.0,0.0,2.0,0.0,1.0,0.0,1.0,2.0,0.0,1.0,17.0,8.0,1.0,4.0,0.0,1.0,1.0,1.0,0.0,0.0,0.0,7.0,3.0,3.0,1.0,0.0,1.0,5.0,1.0,0.0,2.0,8.0,12.0,1.0,0.0,4.0,1.0,1.0,2.0,0.0,0.0,1.0,0.0,2.0,21.0,0.0,2.0,5.0,1.0,0.0,3.0,0.0,0.0,0.0,1.0,0.0,3.0,47.0,11.0,4.0,2.0,9.0,0.0,2.0,14.0,5.0,4.0,1.0,4.0,4.0,13.0,16.0,17.0,22.0,5.0,27.0,18.0,6.0,27.0,8.0,15.0,13.0,9.0,9.0,7.0,25.0,5.0,0.0,1.0,2.0,13.0,17.0,8.0,11.0,10.0,3.0,22.0,20.0,40.0,6.0,10.0,6.0,16.0,32.0,4.0,0.0,2.0,21.0,65.0,18.0,6.0,12.0,8.0,39.0,11.0,16.0,6.0,15.0,58.0,19.0,12.0,0.0,1.0,16.0,20.0,24.0,21.0,21.0,15.0,27.0,18.0,16.0,23.0,15.0,21.0,32.0,17.0,21.0,8.0,0.0,17.0,16.0,7.0,38.0,21.0,31.0,10.0,16.0,29.0,16.0,43.0,22.0,17.0,15.0,24.0,13.0,60.0,31.0,27.0,31.0,18.0,24.0,9.0,25.0,15.0,25.0,34.0,20.0,32.0,18.0,22.0,59.0,37.0,10.0,6.0,24.0,17.0,20.0,26.0,19.0,51.0,18.0,25.0,46.0,35.0,26.0,18.0,71.0,92.0,44.0,29.0,25.0,56.0,22.0,8.0,15.0,65.0,97.0,49.0,16.0,48.0
53,13.25,3.0,0.0,0.0,0.0,0.0,0.0,0.0,0.0,6.0,4.0,0.0,2.0,0.0,1.0,0.0,1.0,2.0,0.0,1.0,5.0,6.0,1.0,4.0,1.0,1.0,1.0,1.0,0.0,0.0,2.0,7.0,2.0,3.0,1.0,0.0,1.0,3.0,1.0,2.0,4.0,8.0,7.0,1.0,0.0,4.0,0.0,0.0,2.0,0.0,0.0,1.0,0.0,2.0,21.0,0.0,2.0,3.0,1.0,0.0,2.0,0.0,0.0,0.0,0.0,1.0,3.0,38.0,11.0,4.0,2.0,5.0,1.0,3.0,15.0,2.0,7.0,1.0,3.0,2.0,13.0,16.0,17.0,19.0,4.0,23.0,19.0,4.0,27.0,9.0,15.0,13.0,9.0,9.0,10.0,25.0,5.0,0.0,1.0,4.0,8.0,15.0,8.0,7.0,10.0,3.0,24.0,17.0,42.0,7.0,5.0,8.0,17.0,40.0,4.0,0.0,1.0,14.0,65.0,9.0,6.0,12.0,7.0,33.0,16.0,16.0,4.0,20.0,62.0,19.0,12.0,0.0,1.0,14.0,20.0,24.0,21.0,21.0,15.0,24.0,18.0,13.0,24.0,15.0,21.0,31.0,19.0,22.0,8.0,2.0,19.0,14.0,6.0,38.0,21.0,27.0,12.0,16.0,29.0,16.0,46.0,22.0,17.0,17.0,19.0,13.0,49.0,33.0,28.0,31.0,18.0,22.0,9.0,23.0,18.0,25.0,35.0,21.0,32.0,18.0,20.0,57.0,37.0,8.0,5.0,24.0,14.0,20.0,26.0,19.0,46.0,21.0,18.0,48.0,33.0,30.0,18.0,65.0,94.0,47.0,29.0,25.0,55.0,19.0,8.0,15.0,72.0,97.0,45.0,15.0,48.0
54,13.5,4.0,2.0,0.0,0.0,1.0,0.0,1.0,0.0,2.0,5.0,0.0,0.0,0.0,1.0,1.0,0.0,2.0,1.0,1.0,5.0,1.0,1.0,4.0,2.0,1.0,1.0,1.0,0.0,0.0,2.0,7.0,3.0,2.0,3.0,0.0,1.0,3.0,1.0,2.0,4.0,7.0,6.0,1.0,2.0,9.0,0.0,1.0,2.0,0.0,0.0,1.0,0.0,1.0,21.0,0.0,2.0,3.0,1.0,0.0,1.0,0.0,1.0,0.0,0.0,1.0,3.0,35.0,8.0,5.0,1.0,5.0,2.0,3.0,11.0,5.0,4.0,1.0,4.0,3.0,12.0,17.0,12.0,19.0,5.0,25.0,19.0,4.0,30.0,10.0,15.0,18.0,9.0,14.0,11.0,26.0,3.0,0.0,0.0,4.0,8.0,15.0,8.0,7.0,16.0,4.0,24.0,20.0,42.0,7.0,5.0,6.0,17.0,50.0,4.0,0.0,1.0,21.0,63.0,9.0,10.0,12.0,8.0,37.0,11.0,16.0,5.0,13.0,55.0,20.0,12.0,0.0,1.0,13.0,24.0,24.0,18.0,22.0,13.0,24.0,18.0,14.0,23.0,15.0,30.0,32.0,19.0,27.0,11.0,3.0,21.0,13.0,7.0,29.0,16.0,22.0,12.0,16.0,39.0,16.0,49.0,22.0,19.0,17.0,24.0,10.0,49.0,33.0,28.0,29.0,21.0,19.0,11.0,29.0,18.0,25.0,35.0,19.0,32.0,18.0,20.0,57.0,38.0,8.0,5.0,24.0,14.0,30.0,25.0,20.0,46.0,23.0,18.0,48.0,35.0,26.0,24.0,65.0,94.0,43.0,29.0,33.0,56.0,18.0,10.0,15.0,77.0,97.0,44.0,15.0,52.0
55,13.75,3.0,0.0,0.0,0.0,1.0,1.0,1.0,0.0,5.0,4.0,0.0,0.0,0.0,1.0,0.0,0.0,2.0,1.0,1.0,8.0,1.0,1.0,4.0,2.0,1.0,2.0,1.0,0.0,0.0,2.0,5.0,2.0,1.0,3.0,1.0,1.0,1.0,0.0,2.0,5.0,7.0,4.0,1.0,3.0,9.0,0.0,1.0,2.0,0.0,0.0,1.0,0.0,1.0,17.0,0.0,2.0,3.0,4.0,1.0,1.0,1.0,1.0,0.0,0.0,1.0,6.0,38.0,8.0,5.0,1.0,4.0,2.0,3.0,14.0,3.0,6.0,1.0,4.0,3.0,14.0,17.0,12.0,21.0,5.0,25.0,10.0,4.0,30.0,10.0,15.0,13.0,9.0,15.0,15.0,35.0,5.0,1.0,0.0,1.0,8.0,13.0,8.0,7.0,16.0,6.0,19.0,17.0,48.0,9.0,7.0,10.0,18.0,54.0,4.0,0.0,1.0,21.0,63.0,14.0,10.0,15.0,7.0,37.0,12.0,15.0,5.0,17.0,62.0,22.0,13.0,0.0,1.0,13.0,24.0,18.0,16.0,26.0,12.0,28.0,12.0,14.0,24.0,14.0,31.0,33.0,23.0,27.0,12.0,3.0,21.0,13.0,7.0,29.0,16.0,22.0,12.0,14.0,39.0,16.0,49.0,22.0,24.0,20.0,27.0,6.0,49.0,33.0,25.0,30.0,20.0,22.0,11.0,37.0,18.0,27.0,37.0,25.0,36.0,18.0,18.0,57.0,35.0,10.0,6.0,21.0,15.0,30.0,22.0,20.0,59.0,23.0,19.0,42.0,39.0,30.0,26.0,62.0,94.0,55.0,37.0,33.0,69.0,18.0,10.0,15.0,77.0,113.0,43.0,18.0,56.0
56,14.0,4.0,0.0,0.0,0.0,1.0,1.0,1.0,0.0,5.0,5.0,0.0,0.0,2.0,0.0,0.0,0.0,2.0,1.0,1.0,8.0,11.0,3.0,4.0,2.0,1.0,1.0,2.0,0.0,0.0,2.0,7.0,3.0,1.0,2.0,1.0,1.0,2.0,0.0,1.0,5.0,6.0,4.0,1.0,3.0,9.0,1.0,1.0,2.0,0.0,0.0,3.0,0.0,3.0,17.0,0.0,4.0,3.0,4.0,1.0,1.0,1.0,0.0,0.0,0.0,0.0,9.0,47.0,8.0,5.0,0.0,4.0,1.0,3.0,14.0,7.0,6.0,1.0,4.0,3.0,14.0,45.0,13.0,22.0,5.0,29.0,10.0,6.0,21.0,11.0,15.0,13.0,9.0,17.0,20.0,39.0,2.0,0.0,0.0,1.0,8.0,12.0,8.0,8.0,16.0,4.0,19.0,20.0,48.0,9.0,9.0,13.0,27.0,54.0,7.0,0.0,1.0,21.0,61.0,14.0,14.0,16.0,7.0,37.0,12.0,18.0,7.0,17.0,64.0,42.0,18.0,1.0,1.0,20.0,24.0,28.0,16.0,29.0,12.0,29.0,18.0,34.0,24.0,14.0,34.0,37.0,33.0,27.0,11.0,3.0,17.0,14.0,7.0,26.0,18.0,23.0,14.0,14.0,57.0,19.0,49.0,28.0,28.0,29.0,27.0,6.0,51.0,33.0,25.0,30.0,21.0,30.0,12.0,43.0,19.0,38.0,53.0,31.0,52.0,19.0,21.0,55.0,35.0,10.0,6.0,19.0,15.0,30.0,22.0,21.0,60.0,23.0,26.0,42.0,42.0,27.0,28.0,62.0,111.0,47.0,37.0,29.0,69.0,18.0,10.0,21.0,77.0,113.0,43.0,19.0,56.0
57,14.25,3.0,0.0,0.0,0.0,1.0,1.0,1.0,0.0,5.0,5.0,0.0,0.0,2.0,0.0,0.0,0.0,2.0,1.0,0.0,8.0,12.0,3.0,4.0,1.0,1.0,2.0,1.0,0.0,0.0,3.0,5.0,3.0,1.0,2.0,0.0,2.0,2.0,0.0,0.0,5.0,6.0,5.0,1.0,7.0,17.0,1.0,1.0,3.0,0.0,0.0,0.0,1.0,4.0,17.0,0.0,6.0,5.0,1.0,1.0,2.0,1.0,0.0,0.0,0.0,1.0,9.0,62.0,13.0,4.0,2.0,4.0,1.0,5.0,16.0,6.0,8.0,1.0,5.0,5.0,19.0,45.0,19.0,22.0,7.0,31.0,10.0,6.0,19.0,11.0,20.0,13.0,9.0,38.0,20.0,39.0,5.0,1.0,0.0,3.0,8.0,12.0,8.0,8.0,16.0,6.0,20.0,20.0,47.0,9.0,13.0,13.0,27.0,45.0,6.0,0.0,1.0,21.0,61.0,14.0,12.0,18.0,6.0,32.0,12.0,15.0,10.0,21.0,83.0,42.0,18.0,3.0,2.0,20.0,29.0,24.0,17.0,29.0,13.0,29.0,13.0,34.0,29.0,12.0,35.0,46.0,33.0,33.0,11.0,2.0,17.0,19.0,9.0,26.0,18.0,25.0,18.0,34.0,57.0,25.0,54.0,40.0,31.0,52.0,27.0,9.0,51.0,34.0,26.0,33.0,36.0,31.0,12.0,43.0,30.0,38.0,64.0,37.0,75.0,20.0,18.0,55.0,35.0,10.0,6.0,16.0,15.0,32.0,26.0,31.0,69.0,34.0,30.0,45.0,44.0,30.0,28.0,86.0,111.0,47.0,44.0,29.0,69.0,26.0,10.0,21.0,79.0,113.0,49.0,20.0,64.0
58,14.5,3.0,0.0,0.0,0.0,1.0,1.0,1.0,1.0,3.0,7.0,1.0,0.0,2.0,0.0,0.0,0.0,2.0,1.0,0.0,14.0,14.0,3.0,6.0,1.0,2.0,1.0,2.0,0.0,0.0,3.0,6.0,3.0,2.0,1.0,0.0,0.0,4.0,0.0,0.0,5.0,6.0,5.0,1.0,7.0,17.0,1.0,2.0,3.0,0.0,0.0,3.0,1.0,4.0,21.0,0.0,6.0,10.0,1.0,0.0,2.0,1.0,0.0,1.0,0.0,0.0,7.0,62.0,13.0,4.0,1.0,7.0,2.0,9.0,16.0,6.0,8.0,1.0,6.0,5.0,19.0,39.0,20.0,25.0,7.0,52.0,14.0,4.0,19.0,12.0,20.0,15.0,10.0,38.0,19.0,40.0,1.0,1.0,0.0,3.0,8.0,14.0,8.0,9.0,16.0,8.0,24.0,24.0,47.0,12.0,13.0,9.0,23.0,45.0,6.0,1.0,1.0,40.0,61.0,15.0,15.0,18.0,5.0,32.0,11.0,16.0,11.0,31.0,89.0,38.0,18.0,1.0,2.0,20.0,33.0,24.0,17.0,29.0,17.0,29.0,16.0,45.0,29.0,19.0,36.0,46.0,29.0,33.0,11.0,2.0,23.0,19.0,9.0,25.0,20.0,27.0,18.0,34.0,50.0,26.0,62.0,40.0,31.0,52.0,76.0,12.0,54.0,45.0,33.0,38.0,46.0,35.0,12.0,56.0,31.0,38.0,64.0,41.0,75.0,32.0,21.0,55.0,35.0,12.0,6.0,16.0,23.0,37.0,40.0,43.0,69.0,36.0,32.0,47.0,48.0,30.0,28.0,89.0,111.0,45.0,44.0,31.0,69.0,28.0,11.0,22.0,85.0,110.0,56.0,19.0,64.0
59,14.75,2.0,0.0,0.0,1.0,1.0,1.0,1.0,1.0,3.0,9.0,1.0,0.0,2.0,1.0,1.0,0.0,2.0,1.0,0.0,23.0,43.0,3.0,6.0,4.0,2.0,2.0,2.0,1.0,0.0,6.0,6.0,5.0,2.0,4.0,1.0,2.0,4.0,1.0,0.0,5.0,9.0,10.0,2.0,7.0,13.0,1.0,2.0,3.0,0.0,0.0,2.0,1.0,2.0,29.0,0.0,6.0,10.0,4.0,0.0,2.0,1.0,1.0,1.0,0.0,0.0,7.0,55.0,26.0,5.0,1.0,8.0,2.0,9.0,16.0,6.0,8.0,1.0,7.0,5.0,19.0,39.0,20.0,26.0,10.0,57.0,15.0,4.0,27.0,12.0,21.0,18.0,13.0,33.0,19.0,38.0,5.0,1.0,1.0,3.0,12.0,14.0,12.0,9.0,28.0,8.0,24.0,27.0,55.0,14.0,13.0,9.0,23.0,47.0,6.0,1.0,1.0,40.0,71.0,15.0,12.0,16.0,5.0,35.0,10.0,16.0,11.0,21.0,89.0,34.0,15.0,0.0,3.0,19.0,35.0,24.0,14.0,33.0,16.0,30.0,16.0,45.0,29.0,19.0,36.0,46.0,25.0,30.0,16.0,8.0,23.0,19.0,10.0,25.0,21.0,28.0,18.0,28.0,46.0,32.0,62.0,40.0,39.0,36.0,76.0,19.0,62.0,45.0,41.0,38.0,46.0,43.0,12.0,56.0,34.0,44.0,64.0,47.0,71.0,39.0,36.0,53.0,44.0,19.0,10.0,16.0,27.0,41.0,42.0,43.0,69.0,38.0,36.0,51.0,62.0,40.0,29.0,89.0,131.0,45.0,43.0,36.0,83.0,29.0,17.0,28.0,101.0,110.0,56.0,20.0,61.0
60,15.0,2.0,0.0,2.0,1.0,1.0,1.0,3.0,1.0,7.0,13.0,1.0,0.0,2.0,0.0,1.0,1.0,3.0,1.0,1.0,23.0,43.0,3.0,8.0,4.0,2.0,4.0,3.0,1.0,1.0,8.0,13.0,10.0,2.0,2.0,1.0,2.0,5.0,1.0,0.0,6.0,12.0,11.0,2.0,3.0,13.0,2.0,2.0,2.0,1.0,0.0,3.0,2.0,1.0,29.0,0.0,5.0,8.0,4.0,0.0,2.0,2.0,1.0,0.0,0.0,0.0,18.0,52.0,26.0,7.0,1.0,8.0,2.0,5.0,20.0,6.0,9.0,2.0,8.0,5.0,13.0,39.0,19.0,38.0,11.0,57.0,22.0,5.0,27.0,12.0,29.0,49.0,14.0,29.0,19.0,40.0,6.0,1.0,1.0,4.0,12.0,16.0,12.0,15.0,28.0,8.0,32.0,27.0,62.0,19.0,13.0,12.0,22.0,56.0,4.0,0.0,1.0,31.0,59.0,15.0,14.0,15.0,10.0,42.0,11.0,21.0,11.0,20.0,76.0,34.0,20.0,0.0,3.0,18.0,35.0,26.0,14.0,33.0,18.0,30.0,19.0,45.0,33.0,27.0,40.0,44.0,29.0,30.0,20.0,8.0,21.0,23.0,11.0,35.0,30.0,28.0,16.0,28.0,50.0,34.0,62.0,41.0,38.0,36.0,41.0,19.0,54.0,45.0,44.0,38.0,34.0,46.0,12.0,55.0,31.0,48.0,56.0,47.0,71.0,39.0,36.0,76.0,44.0,35.0,10.0,28.0,29.0,42.0,42.0,48.0,69.0,38.0,36.0,57.0,62.0,56.0,32.0,97.0,148.0,56.0,43.0,36.0,83.0,36.0,30.0,47.0,116.0,133.0,68.0,37.0,49.0
61,15.25,10.0,0.0,2.0,1.0,1.0,0.0,1.0,0.0,7.0,13.0,0.0,0.0,2.0,1.0,1.0,1.0,3.0,1.0,1.0,19.0,24.0,2.0,7.0,3.0,2.0,4.0,3.0,1.0,1.0,8.0,14.0,5.0,1.0,2.0,1.0,3.0,2.0,1.0,0.0,7.0,12.0,11.0,1.0,3.0,13.0,1.0,1.0,2.0,2.0,0.0,2.0,3.0,2.0,28.0,0.0,3.0,6.0,4.0,0.0,3.0,3.0,2.0,0.0,0.0,0.0,18.0,55.0,19.0,10.0,1.0,8.0,2.0,5.0,23.0,6.0,9.0,3.0,9.0,8.0,18.0,35.0,19.0,60.0,11.0,36.0,22.0,5.0,27.0,22.0,29.0,49.0,15.0,24.0,17.0,40.0,6.0,2.0,1.0,4.0,13.0,29.0,12.0,15.0,34.0,12.0,36.0,27.0,62.0,28.0,15.0,13.0,22.0,47.0,5.0,0.0,1.0,31.0,71.0,17.0,14.0,16.0,10.0,44.0,14.0,23.0,11.0,20.0,67.0,34.0,22.0,1.0,3.0,18.0,32.0,33.0,17.0,36.0,16.0,33.0,21.0,29.0,37.0,27.0,38.0,42.0,25.0,32.0,20.0,8.0,21.0,33.0,15.0,42.0,24.0,23.0,16.0,28.0,54.0,38.0,66.0,46.0,38.0,51.0,41.0,16.0,64.0,46.0,46.0,50.0,34.0,46.0,13.0,54.0,27.0,48.0,56.0,52.0,71.0,36.0,28.0,66.0,44.0,35.0,15.0,28.0,29.0,50.0,45.0,51.0,81.0,38.0,35.0,51.0,54.0,59.0,55.0,115.0,148.0,64.0,42.0,35.0,67.0,36.0,30.0,47.0,123.0,143.0,70.0,37.0,61.0
62,15.5,10.0,1.0,1.0,0.0,1.0,1.0,2.0,0.0,3.0,11.0,0.0,0.0,2.0,1.0,1.0,2.0,2.0,2.0,1.0,18.0,18.0,2.0,10.0,3.0,1.0,2.0,4.0,0.0,2.0,3.0,14.0,4.0,1.0,2.0,1.0,3.0,5.0,1.0,0.0,7.0,11.0,10.0,1.0,5.0,16.0,1.0,1.0,2.0,2.0,0.0,2.0,3.0,4.0,28.0,0.0,2.0,6.0,3.0,1.0,1.0,3.0,2.0,1.0,0.0,0.0,17.0,60.0,13.0,10.0,1.0,9.0,3.0,5.0,23.0,11.0,7.0,2.0,9.0,5.0,18.0,31.0,28.0,60.0,11.0,33.0,22.0,5.0,30.0,22.0,32.0,25.0,20.0,22.0,17.0,40.0,6.0,2.0,1.0,9.0,14.0,30.0,11.0,13.0,34.0,12.0,36.0,27.0,62.0,28.0,13.0,12.0,22.0,43.0,5.0,2.0,1.0,42.0,72.0,21.0,18.0,21.0,8.0,60.0,20.0,31.0,11.0,30.0,67.0,36.0,22.0,2.0,3.0,27.0,31.0,33.0,24.0,50.0,15.0,40.0,19.0,24.0,34.0,22.0,39.0,33.0,22.0,32.0,22.0,4.0,24.0,33.0,16.0,42.0,39.0,23.0,13.0,26.0,61.0,38.0,68.0,46.0,35.0,52.0,43.0,14.0,50.0,36.0,58.0,50.0,33.0,39.0,13.0,54.0,27.0,48.0,61.0,44.0,69.0,27.0,27.0,73.0,54.0,27.0,10.0,28.0,28.0,50.0,45.0,51.0,81.0,41.0,35.0,66.0,52.0,59.0,57.0,125.0,147.0,64.0,39.0,35.0,67.0,38.0,24.0,43.0,123.0,148.0,68.0,32.0,61.0
63,15.75,2.0,1.0,0.0,0.0,1.0,1.0,2.0,0.0,2.0,8.0,0.0,0.0,2.0,2.0,2.0,1.0,2.0,2.0,1.0,14.0,14.0,2.0,7.0,3.0,1.0,0.0,4.0,0.0,2.0,3.0,11.0,3.0,1.0,3.0,1.0,3.0,4.0,1.0,0.0,7.0,9.0,8.0,1.0,5.0,13.0,1.0,0.0,3.0,2.0,0.0,1.0,3.0,4.0,28.0,0.0,3.0,7.0,3.0,0.0,3.0,3.0,2.0,1.0,1.0,0.0,12.0,66.0,13.0,6.0,1.0,11.0,3.0,3.0,23.0,11.0,7.0,1.0,9.0,8.0,20.0,28.0,28.0,52.0,8.0,36.0,29.0,6.0,31.0,18.0,31.0,17.0,15.0,22.0,18.0,37.0,6.0,1.0,1.0,9.0,22.0,37.0,11.0,11.0,38.0,12.0,36.0,28.0,62.0,16.0,13.0,10.0,29.0,43.0,6.0,2.0,1.0,42.0,72.0,21.0,19.0,28.0,8.0,60.0,23.0,23.0,11.0,32.0,86.0,36.0,21.0,1.0,3.0,27.0,32.0,27.0,24.0,50.0,15.0,45.0,19.0,21.0,34.0,20.0,39.0,32.0,22.0,32.0,22.0,4.0,24.0,31.0,16.0,29.0,39.0,26.0,13.0,23.0,61.0,31.0,66.0,45.0,32.0,52.0,47.0,12.0,68.0,53.0,61.0,47.0,33.0,39.0,17.0,49.0,21.0,48.0,61.0,52.0,62.0,27.0,27.0,66.0,54.0,19.0,10.0,25.0,28.0,39.0,35.0,33.0,76.0,43.0,33.0,71.0,52.0,46.0,57.0,117.0,147.0,63.0,39.0,38.0,67.0,38.0,24.0,37.0,122.0,143.0,68.0,32.0,61.0
64,16.0,2.0,1.0,0.0,0.0,1.0,2.0,2.0,0.0,3.0,7.0,0.0,1.0,1.0,1.0,2.0,1.0,2.0,0.0,0.0,14.0,14.0,3.0,9.0,3.0,1.0,0.0,2.0,0.0,2.0,5.0,11.0,2.0,2.0,5.0,1.0,1.0,5.0,0.0,0.0,6.0,9.0,8.0,1.0,4.0,15.0,2.0,0.0,3.0,0.0,0.0,0.0,1.0,3.0,28.0,0.0,2.0,7.0,3.0,0.0,2.0,3.0,1.0,1.0,1.0,0.0,10.0,62.0,18.0,6.0,1.0,13.0,3.0,2.0,23.0,11.0,8.0,1.0,8.0,8.0,22.0,28.0,25.0,46.0,8.0,37.0,29.0,2.0,31.0,18.0,32.0,17.0,20.0,22.0,18.0,36.0,5.0,0.0,0.0,7.0,22.0,37.0,13.0,12.0,38.0,8.0,28.0,27.0,58.0,16.0,13.0,10.0,29.0,45.0,6.0,2.0,1.0,36.0,72.0,25.0,18.0,28.0,10.0,56.0,20.0,23.0,10.0,30.0,93.0,37.0,19.0,0.0,3.0,26.0,35.0,27.0,24.0,42.0,15.0,45.0,19.0,21.0,34.0,17.0,39.0,32.0,22.0,30.0,18.0,4.0,24.0,27.0,11.0,29.0,39.0,32.0,13.0,24.0,42.0,28.0,73.0,40.0,32.0,52.0,43.0,14.0,68.0,49.0,58.0,40.0,33.0,35.0,17.0,51.0,20.0,48.0,50.0,47.0,61.0,27.0,26.0,65.0,65.0,21.0,10.0,28.0,26.0,39.0,35.0,33.0,76.0,52.0,32.0,71.0,54.0,42.0,50.0,117.0,147.0,40.0,39.0,45.0,73.0,38.0,20.0,40.0,109.0,128.0,68.0,32.0,56.0
65,16.25,2.0,1.0,0.0,1.0,1.0,2.0,2.0,0.0,3.0,7.0,0.0,1.0,1.0,2.0,2.0,1.0,2.0,0.0,0.0,14.0,15.0,4.0,9.0,3.0,1.0,0.0,2.0,0.0,2.0,5.0,11.0,2.0,2.0,3.0,3.0,2.0,5.0,0.0,0.0,5.0,9.0,8.0,1.0,3.0,11.0,2.0,0.0,2.0,1.0,0.0,0.0,1.0,2.0,30.0,1.0,2.0,7.0,3.0,0.0,2.0,2.0,0.0,0.0,2.0,0.0,10.0,63.0,19.0,7.0,1.0,13.0,2.0,2.0,26.0,13.0,9.0,1.0,14.0,8.0,20.0,23.0,25.0,46.0,13.0,37.0,26.0,6.0,29.0,17.0,31.0,16.0,21.0,26.0,18.0,36.0,4.0,1.0,1.0,7.0,22.0,37.0,13.0,12.0,29.0,8.0,31.0,27.0,62.0,17.0,18.0,13.0,30.0,45.0,5.0,2.0,0.0,36.0,71.0,25.0,13.0,19.0,12.0,35.0,20.0,23.0,12.0,28.0,96.0,37.0,19.0,0.0,3.0,18.0,49.0,27.0,23.0,35.0,18.0,45.0,19.0,21.0,28.0,20.0,37.0,38.0,10.0,30.0,18.0,4.0,26.0,27.0,11.0,40.0,28.0,26.0,12.0,23.0,40.0,25.0,65.0,38.0,32.0,41.0,43.0,13.0,68.0,49.0,51.0,40.0,34.0,35.0,20.0,49.0,21.0,43.0,41.0,47.0,49.0,30.0,26.0,65.0,54.0,21.0,10.0,22.0,22.0,40.0,38.0,29.0,71.0,52.0,33.0,71.0,67.0,46.0,47.0,117.0,172.0,40.0,45.0,45.0,75.0,35.0,17.0,40.0,118.0,128.0,68.0,30.0,54.0
66,16.5,4.0,1.0,0.0,1.0,1.0,2.0,1.0,0.0,4.0,7.0,0.0,1.0,1.0,2.0,3.0,1.0,3.0,0.0,0.0,16.0,18.0,4.0,9.0,2.0,0.0,2.0,2.0,0.0,2.0,1.0,11.0,1.0,2.0,2.0,1.0,2.0,8.0,0.0,1.0,5.0,9.0,7.0,2.0,3.0,14.0,1.0,0.0,1.0,0.0,0.0,0.0,1.0,2.0,25.0,1.0,2.0,7.0,3.0,1.0,2.0,2.0,0.0,1.0,1.0,0.0,10.0,63.0,19.0,7.0,2.0,7.0,2.0,2.0,27.0,13.0,12.0,1.0,14.0,6.0,18.0,17.0,25.0,46.0,13.0,38.0,19.0,4.0,27.0,14.0,29.0,18.0,21.0,24.0,17.0,36.0,4.0,1.0,0.0,7.0,19.0,37.0,10.0,14.0,29.0,8.0,31.0,21.0,60.0,17.0,18.0,13.0,27.0,45.0,5.0,2.0,1.0,36.0,83.0,25.0,13.0,19.0,10.0,35.0,20.0,20.0,19.0,28.0,96.0,42.0,19.0,0.0,3.0,23.0,40.0,25.0,23.0,35.0,18.0,41.0,19.0,23.0,28.0,25.0,33.0,49.0,18.0,31.0,16.0,4.0,26.0,26.0,11.0,41.0,27.0,29.0,11.0,24.0,42.0,25.0,65.0,38.0,36.0,39.0,40.0,20.0,69.0,49.0,44.0,40.0,34.0,35.0,17.0,51.0,20.0,41.0,40.0,47.0,49.0,33.0,27.0,73.0,54.0,21.0,6.0,33.0,22.0,40.0,40.0,29.0,65.0,35.0,32.0,70.0,67.0,42.0,46.0,110.0,164.0,47.0,39.0,45.0,89.0,35.0,17.0,40.0,109.0,133.0,69.0,30.0,56.0
67,16.75,5.0,1.0,0.0,1.0,2.0,1.0,0.0,0.0,6.0,7.0,0.0,1.0,1.0,2.0,3.0,2.0,6.0,1.0,0.0,16.0,15.0,5.0,10.0,3.0,0.0,2.0,2.0,0.0,3.0,1.0,7.0,2.0,2.0,2.0,1.0,2.0,10.0,0.0,1.0,3.0,9.0,5.0,2.0,3.0,10.0,1.0,0.0,1.0,0.0,0.0,1.0,1.0,2.0,34.0,1.0,2.0,7.0,3.0,1.0,4.0,2.0,2.0,1.0,1.0,1.0,10.0,66.0,14.0,6.0,1.0,7.0,1.0,6.0,27.0,12.0,10.0,1.0,14.0,4.0,18.0,17.0,24.0,44.0,13.0,37.0,19.0,5.0,27.0,14.0,29.0,27.0,22.0,24.0,19.0,32.0,4.0,1.0,1.0,9.0,18.0,25.0,10.0,15.0,29.0,11.0,33.0,20.0,61.0,11.0,20.0,14.0,29.0,48.0,5.0,2.0,1.0,37.0,71.0,26.0,11.0,20.0,10.0,43.0,18.0,24.0,19.0,30.0,96.0,42.0,15.0,2.0,3.0,23.0,43.0,25.0,18.0,35.0,21.0,45.0,16.0,28.0,28.0,26.0,33.0,49.0,18.0,36.0,21.0,3.0,26.0,25.0,16.0,40.0,28.0,29.0,11.0,23.0,47.0,25.0,64.0,33.0,36.0,39.0,40.0,20.0,69.0,49.0,24.0,50.0,34.0,36.0,14.0,49.0,27.0,36.0,40.0,45.0,65.0,37.0,32.0,73.0,54.0,22.0,6.0,28.0,29.0,35.0,40.0,29.0,65.0,18.0,33.0,57.0,60.0,42.0,45.0,110.0,167.0,47.0,41.0,44.0,78.0,36.0,19.0,35.0,111.0,135.0,69.0,31.0,60.0
68,17.0,5.0,1.0,0.0,1.0,2.0,2.0,0.0,0.0,6.0,7.0,0.0,1.0,2.0,1.0,2.0,2.0,6.0,2.0,0.0,18.0,18.0,4.0,8.0,5.0,0.0,2.0,2.0,0.0,3.0,3.0,7.0,3.0,2.0,2.0,1.0,3.0,11.0,1.0,1.0,3.0,9.0,5.0,0.0,2.0,9.0,0.0,1.0,4.0,0.0,0.0,2.0,1.0,1.0,25.0,0.0,2.0,7.0,3.0,1.0,4.0,2.0,2.0,1.0,1.0,1.0,8.0,71.0,14.0,6.0,0.0,7.0,1.0,2.0,26.0,11.0,15.0,3.0,9.0,3.0,16.0,21.0,24.0,44.0,12.0,41.0,16.0,5.0,28.0,14.0,26.0,27.0,18.0,24.0,21.0,38.0,4.0,1.0,2.0,6.0,15.0,25.0,14.0,15.0,31.0,11.0,33.0,18.0,60.0,11.0,19.0,15.0,26.0,48.0,5.0,1.0,1.0,34.0,70.0,26.0,12.0,23.0,10.0,54.0,16.0,28.0,11.0,33.0,100.0,40.0,20.0,0.0,2.0,23.0,40.0,33.0,17.0,42.0,21.0,47.0,14.0,23.0,30.0,25.0,27.0,35.0,18.0,37.0,19.0,3.0,33.0,25.0,18.0,36.0,18.0,42.0,11.0,23.0,51.0,25.0,53.0,40.0,35.0,32.0,46.0,20.0,78.0,49.0,24.0,35.0,35.0,42.0,14.0,40.0,25.0,32.0,40.0,47.0,65.0,37.0,28.0,78.0,57.0,16.0,10.0,28.0,29.0,34.0,29.0,32.0,65.0,18.0,27.0,57.0,58.0,42.0,35.0,98.0,164.0,48.0,39.0,38.0,78.0,44.0,23.0,35.0,109.0,135.0,69.0,31.0,65.0
69,17.25,5.0,0.0,0.0,1.0,2.0,1.0,1.0,0.0,2.0,7.0,0.0,1.0,2.0,1.0,0.0,1.0,3.0,2.0,0.0,18.0,18.0,4.0,8.0,5.0,1.0,2.0,2.0,0.0,2.0,3.0,7.0,4.0,2.0,4.0,1.0,3.0,11.0,1.0,1.0,7.0,17.0,8.0,0.0,2.0,7.0,0.0,1.0,4.0,0.0,0.0,2.0,1.0,1.0,24.0,1.0,2.0,9.0,3.0,2.0,2.0,1.0,0.0,0.0,1.0,0.0,7.0,71.0,14.0,8.0,0.0,7.0,1.0,4.0,25.0,11.0,10.0,3.0,9.0,3.0,16.0,23.0,26.0,39.0,8.0,34.0,20.0,5.0,29.0,11.0,28.0,22.0,18.0,24.0,21.0,34.0,4.0,0.0,2.0,6.0,15.0,31.0,14.0,14.0,26.0,11.0,33.0,18.0,61.0,19.0,19.0,15.0,26.0,50.0,7.0,2.0,1.0,34.0,70.0,26.0,12.0,21.0,10.0,54.0,14.0,28.0,11.0,30.0,93.0,40.0,20.0,2.0,3.0,22.0,40.0,33.0,17.0,42.0,18.0,47.0,14.0,19.0,30.0,18.0,25.0,34.0,17.0,36.0,21.0,3.0,33.0,25.0,18.0,33.0,21.0,42.0,12.0,23.0,47.0,23.0,52.0,40.0,35.0,39.0,46.0,20.0,78.0,51.0,42.0,42.0,35.0,36.0,16.0,40.0,25.0,32.0,36.0,45.0,59.0,26.0,28.0,72.0,57.0,16.0,10.0,28.0,23.0,34.0,29.0,32.0,65.0,32.0,33.0,72.0,52.0,43.0,34.0,98.0,161.0,44.0,37.0,38.0,78.0,54.0,23.0,37.0,98.0,129.0,69.0,28.0,60.0
70,17.5,4.0,0.0,0.0,1.0,1.0,1.0,1.0,0.0,2.0,6.0,0.0,1.0,3.0,1.0,0.0,1.0,2.0,2.0,0.0,18.0,20.0,3.0,6.0,4.0,1.0,2.0,2.0,0.0,2.0,3.0,8.0,4.0,2.0,3.0,1.0,3.0,5.0,1.0,1.0,7.0,17.0,9.0,3.0,2.0,9.0,0.0,1.0,2.0,1.0,0.0,2.0,1.0,1.0,21.0,0.0,1.0,8.0,3.0,2.0,1.0,1.0,0.0,0.0,1.0,0.0,8.0,67.0,19.0,9.0,0.0,6.0,2.0,4.0,19.0,11.0,7.0,4.0,9.0,3.0,16.0,24.0,26.0,41.0,7.0,39.0,17.0,8.0,30.0,11.0,26.0,22.0,18.0,24.0,15.0,34.0,4.0,1.0,1.0,6.0,15.0,31.0,8.0,12.0,20.0,6.0,29.0,18.0,57.0,19.0,19.0,15.0,22.0,44.0,8.0,1.0,1.0,34.0,78.0,21.0,12.0,21.0,10.0,42.0,14.0,28.0,13.0,29.0,100.0,38.0,21.0,1.0,3.0,17.0,34.0,25.0,18.0,37.0,18.0,37.0,13.0,19.0,24.0,13.0,25.0,33.0,17.0,33.0,24.0,3.0,33.0,28.0,18.0,36.0,20.0,33.0,10.0,22.0,51.0,21.0,52.0,40.0,31.0,40.0,46.0,11.0,68.0,51.0,42.0,42.0,35.0,34.0,16.0,43.0,25.0,32.0,41.0,40.0,59.0,26.0,28.0,65.0,57.0,16.0,9.0,28.0,22.0,31.0,36.0,32.0,61.0,33.0,29.0,72.0,52.0,43.0,34.0,88.0,150.0,44.0,29.0,36.0,66.0,54.0,25.0,37.0,90.0,129.0,69.0,21.0,54.0
71,17.75,2.0,0.0,0.0,1.0,1.0,0.0,1.0,0.0,5.0,6.0,0.0,1.0,3.0,1.0,1.0,1.0,1.0,1.0,0.0,12.0,20.0,3.0,6.0,4.0,1.0,3.0,1.0,0.0,2.0,3.0,11.0,4.0,1.0,3.0,1.0,3.0,5.0,0.0,1.0,4.0,13.0,12.0,3.0,2.0,13.0,3.0,0.0,1.0,0.0,0.0,2.0,1.0,1.0,21.0,0.0,1.0,9.0,3.0,2.0,1.0,2.0,1.0,0.0,0.0,1.0,12.0,67.0,19.0,9.0,0.0,6.0,2.0,4.0,20.0,10.0,7.0,1.0,9.0,4.0,14.0,26.0,25.0,41.0,8.0,39.0,19.0,8.0,30.0,11.0,21.0,25.0,18.0,20.0,15.0,34.0,4.0,0.0,0.0,6.0,14.0,23.0,6.0,12.0,20.0,5.0,22.0,17.0,54.0,19.0,17.0,12.0,21.0,41.0,8.0,2.0,1.0,26.0,78.0,19.0,12.0,21.0,7.0,42.0,14.0,22.0,16.0,27.0,93.0,40.0,21.0,1.0,3.0,20.0,32.0,25.0,18.0,37.0,18.0,35.0,10.0,19.0,24.0,18.0,25.0,33.0,18.0,31.0,24.0,7.0,24.0,29.0,15.0,32.0,20.0,29.0,10.0,21.0,46.0,23.0,52.0,33.0,30.0,41.0,27.0,11.0,67.0,41.0,37.0,43.0,24.0,31.0,14.0,44.0,25.0,34.0,40.0,39.0,59.0,27.0,23.0,65.0,49.0,19.0,9.0,28.0,22.0,28.0,36.0,32.0,61.0,32.0,29.0,66.0,44.0,39.0,34.0,87.0,148.0,44.0,29.0,34.0,66.0,46.0,23.0,28.0,85.0,113.0,63.0,22.0,54.0
72,18.0,1.0,1.0,0.0,1.0,1.0,0.0,1.0,0.0,5.0,7.0,0.0,0.0,3.0,1.0,4.0,1.0,1.0,1.0,1.0,18.0,18.0,2.0,6.0,4.0,0.0,3.0,3.0,0.0,2.0,3.0,11.0,4.0,1.0,3.0,2.0,3.0,5.0,0.0,1.0,2.0,9.0,12.0,2.0,5.0,13.0,3.0,0.0,0.0,0.0,1.0,2.0,2.0,1.0,21.0,0.0,1.0,9.0,5.0,1.0,4.0,2.0,1.0,0.0,0.0,1.0,12.0,67.0,20.0,8.0,0.0,9.0,3.0,4.0,18.0,9.0,7.0,1.0,6.0,4.0,14.0,24.0,24.0,50.0,8.0,39.0,17.0,8.0,31.0,9.0,21.0,25.0,18.0,20.0,13.0,30.0,2.0,1.0,0.0,7.0,14.0,22.0,5.0,13.0,19.0,5.0,22.0,15.0,47.0,14.0,16.0,10.0,19.0,36.0,3.0,1.0,1.0,26.0,65.0,18.0,10.0,21.0,7.0,42.0,12.0,22.0,13.0,27.0,93.0,38.0,18.0,0.0,3.0,17.0,31.0,33.0,19.0,33.0,17.0,33.0,10.0,24.0,24.0,14.0,26.0,33.0,18.0,33.0,17.0,3.0,23.0,29.0,14.0,34.0,18.0,33.0,10.0,21.0,51.0,20.0,52.0,28.0,29.0,41.0,27.0,19.0,55.0,41.0,37.0,43.0,20.0,31.0,10.0,44.0,26.0,34.0,40.0,33.0,62.0,27.0,17.0,65.0,44.0,19.0,11.0,26.0,22.0,27.0,36.0,27.0,62.0,27.0,29.0,53.0,41.0,36.0,40.0,86.0,150.0,44.0,25.0,33.0,55.0,42.0,17.0,27.0,84.0,122.0,58.0,22.0,51.0
73,18.25,2.0,1.0,0.0,0.0,1.0,0.0,2.0,0.0,3.0,7.0,0.0,0.0,3.0,0.0,3.0,1.0,2.0,1.0,2.0,12.0,16.0,3.0,5.0,2.0,0.0,1.0,3.0,0.0,1.0,4.0,5.0,4.0,2.0,2.0,2.0,3.0,5.0,0.0,1.0,2.0,9.0,6.0,1.0,2.0,13.0,2.0,1.0,0.0,0.0,0.0,2.0,2.0,3.0,22.0,0.0,1.0,9.0,5.0,1.0,4.0,2.0,0.0,0.0,0.0,1.0,6.0,64.0,10.0,5.0,0.0,9.0,4.0,3.0,18.0,6.0,6.0,1.0,6.0,4.0,14.0,23.0,21.0,50.0,8.0,29.0,17.0,6.0,31.0,11.0,24.0,15.0,16.0,25.0,13.0,30.0,2.0,1.0,0.0,7.0,16.0,23.0,3.0,13.0,11.0,5.0,17.0,15.0,45.0,15.0,14.0,9.0,17.0,25.0,3.0,3.0,1.0,29.0,57.0,18.0,12.0,21.0,10.0,32.0,12.0,19.0,12.0,21.0,89.0,36.0,13.0,0.0,3.0,20.0,25.0,33.0,11.0,21.0,17.0,27.0,8.0,13.0,22.0,14.0,21.0,38.0,18.0,36.0,13.0,3.0,23.0,24.0,12.0,34.0,16.0,29.0,10.0,21.0,46.0,20.0,48.0,31.0,30.0,34.0,31.0,19.0,45.0,44.0,37.0,42.0,19.0,30.0,9.0,34.0,26.0,27.0,35.0,33.0,50.0,17.0,16.0,59.0,35.0,18.0,11.0,26.0,19.0,28.0,32.0,30.0,62.0,25.0,22.0,53.0,41.0,33.0,33.0,76.0,160.0,35.0,31.0,30.0,55.0,35.0,17.0,21.0,76.0,103.0,45.0,22.0,49.0
74,18.5,1.0,2.0,0.0,0.0,1.0,0.0,2.0,0.0,2.0,5.0,0.0,0.0,0.0,0.0,3.0,1.0,2.0,1.0,1.0,13.0,12.0,2.0,5.0,2.0,0.0,1.0,3.0,0.0,1.0,5.0,5.0,2.0,2.0,1.0,2.0,3.0,2.0,1.0,1.0,2.0,6.0,5.0,1.0,5.0,9.0,1.0,1.0,0.0,0.0,1.0,2.0,2.0,3.0,14.0,0.0,3.0,5.0,3.0,1.0,2.0,2.0,0.0,1.0,0.0,1.0,6.0,57.0,13.0,2.0,0.0,5.0,4.0,2.0,18.0,6.0,4.0,1.0,6.0,4.0,17.0,15.0,20.0,42.0,10.0,29.0,17.0,4.0,24.0,9.0,24.0,15.0,11.0,25.0,10.0,23.0,4.0,1.0,0.0,7.0,16.0,15.0,5.0,12.0,11.0,5.0,13.0,20.0,45.0,11.0,13.0,9.0,19.0,25.0,2.0,1.0,1.0,29.0,56.0,18.0,10.0,18.0,10.0,29.0,13.0,16.0,9.0,18.0,85.0,33.0,13.0,1.0,4.0,16.0,25.0,20.0,11.0,16.0,16.0,24.0,8.0,18.0,15.0,14.0,17.0,34.0,13.0,41.0,13.0,3.0,25.0,21.0,12.0,34.0,16.0,23.0,10.0,21.0,40.0,12.0,46.0,24.0,26.0,31.0,39.0,9.0,41.0,44.0,32.0,35.0,20.0,28.0,8.0,34.0,18.0,17.0,33.0,28.0,48.0,17.0,16.0,52.0,35.0,16.0,8.0,22.0,19.0,27.0,26.0,21.0,55.0,27.0,21.0,45.0,41.0,33.0,30.0,72.0,160.0,35.0,25.0,30.0,55.0,33.0,12.0,19.0,68.0,106.0,45.0,17.0,44.0
75,18.75,2.0,2.0,0.0,1.0,1.0,0.0,0.0,0.0,3.0,5.0,0.0,0.0,0.0,0.0,2.0,0.0,2.0,0.0,1.0,12.0,12.0,3.0,4.0,2.0,0.0,1.0,0.0,1.0,1.0,4.0,8.0,1.0,2.0,1.0,2.0,2.0,2.0,1.0,1.0,2.0,10.0,6.0,0.0,2.0,11.0,1.0,0.0,0.0,0.0,0.0,2.0,2.0,2.0,11.0,0.0,3.0,5.0,1.0,1.0,0.0,1.0,0.0,0.0,0.0,1.0,6.0,51.0,10.0,4.0,1.0,5.0,1.0,3.0,13.0,6.0,2.0,0.0,6.0,5.0,14.0,23.0,21.0,30.0,8.0,29.0,17.0,4.0,23.0,9.0,21.0,15.0,11.0,21.0,12.0,22.0,4.0,1.0,0.0,3.0,9.0,11.0,5.0,6.0,12.0,5.0,13.0,20.0,37.0,10.0,12.0,9.0,18.0,24.0,4.0,1.0,1.0,26.0,53.0,14.0,12.0,13.0,7.0,20.0,15.0,16.0,8.0,18.0,85.0,30.0,13.0,1.0,3.0,16.0,24.0,16.0,11.0,16.0,13.0,20.0,8.0,13.0,14.0,8.0,14.0,38.0,13.0,41.0,12.0,1.0,25.0,21.0,8.0,20.0,16.0,23.0,9.0,18.0,39.0,12.0,39.0,20.0,24.0,26.0,31.0,8.0,33.0,39.0,32.0,31.0,19.0,24.0,7.0,25.0,15.0,17.0,33.0,34.0,42.0,20.0,18.0,52.0,33.0,12.0,8.0,26.0,15.0,20.0,22.0,18.0,44.0,21.0,19.0,45.0,45.0,29.0,30.0,68.0,136.0,33.0,24.0,29.0,72.0,25.0,11.0,19.0,51.0,98.0,45.0,15.0,42.0
76,19.0,1.0,2.0,0.0,1.0,1.0,0.0,0.0,0.0,3.0,7.0,1.0,0.0,1.0,1.0,1.0,0.0,2.0,0.0,1.0,13.0,13.0,3.0,4.0,2.0,0.0,1.0,0.0,1.0,1.0,2.0,8.0,1.0,1.0,0.0,1.0,1.0,3.0,0.0,1.0,1.0,8.0,5.0,1.0,3.0,9.0,1.0,0.0,0.0,0.0,0.0,1.0,1.0,2.0,11.0,0.0,2.0,5.0,1.0,1.0,0.0,0.0,1.0,0.0,1.0,0.0,5.0,48.0,8.0,4.0,1.0,5.0,0.0,2.0,11.0,3.0,2.0,0.0,6.0,5.0,14.0,25.0,16.0,23.0,7.0,21.0,11.0,4.0,16.0,7.0,21.0,15.0,11.0,21.0,12.0,23.0,1.0,0.0,0.0,1.0,7.0,11.0,5.0,8.0,12.0,5.0,13.0,10.0,36.0,10.0,12.0,7.0,18.0,17.0,2.0,1.0,2.0,24.0,52.0,9.0,10.0,9.0,7.0,20.0,13.0,10.0,7.0,18.0,68.0,25.0,13.0,1.0,1.0,15.0,24.0,14.0,11.0,20.0,11.0,23.0,8.0,13.0,14.0,8.0,10.0,34.0,19.0,28.0,9.0,3.0,20.0,17.0,8.0,20.0,15.0,16.0,5.0,17.0,39.0,16.0,28.0,20.0,22.0,26.0,33.0,6.0,32.0,27.0,27.0,24.0,21.0,22.0,7.0,30.0,15.0,21.0,29.0,28.0,42.0,20.0,19.0,52.0,31.0,9.0,8.0,26.0,7.0,20.0,18.0,16.0,40.0,20.0,19.0,42.0,45.0,22.0,27.0,57.0,98.0,30.0,23.0,28.0,55.0,21.0,9.0,14.0,51.0,79.0,38.0,14.0,41.0
77,19.25,1.0,1.0,0.0,1.0,0.0,0.0,0.0,0.0,3.0,7.0,1.0,0.0,1.0,1.0,1.0,0.0,2.0,0.0,0.0,12.0,13.0,3.0,4.0,2.0,0.0,0.0,1.0,1.0,1.0,0.0,8.0,1.0,1.0,0.0,0.0,1.0,3.0,0.0,1.0,1.0,8.0,3.0,1.0,2.0,5.0,2.0,0.0,0.0,0.0,0.0,0.0,2.0,2.0,9.0,0.0,0.0,5.0,1.0,1.0,0.0,0.0,1.0,0.0,1.0,0.0,5.0,42.0,8.0,4.0,1.0,3.0,0.0,1.0,11.0,3.0,2.0,3.0,5.0,2.0,13.0,25.0,18.0,23.0,5.0,20.0,10.0,4.0,16.0,7.0,13.0,15.0,13.0,23.0,12.0,22.0,1.0,0.0,0.0,1.0,7.0,14.0,5.0,8.0,12.0,4.0,12.0,10.0,29.0,10.0,10.0,6.0,18.0,17.0,2.0,1.0,1.0,22.0,43.0,8.0,10.0,8.0,7.0,20.0,9.0,11.0,7.0,11.0,67.0,25.0,14.0,1.0,1.0,10.0,24.0,13.0,11.0,20.0,11.0,19.0,10.0,13.0,14.0,7.0,10.0,34.0,19.0,25.0,8.0,1.0,20.0,17.0,11.0,20.0,10.0,16.0,5.0,17.0,39.0,16.0,28.0,21.0,21.0,26.0,30.0,6.0,33.0,27.0,21.0,25.0,17.0,19.0,8.0,25.0,14.0,21.0,40.0,24.0,31.0,19.0,19.0,39.0,31.0,9.0,7.0,26.0,7.0,25.0,18.0,11.0,38.0,20.0,16.0,42.0,42.0,29.0,23.0,58.0,83.0,25.0,23.0,27.0,52.0,21.0,9.0,13.0,55.0,79.0,37.0,9.0,41.0
78,19.5,1.0,1.0,0.0,1.0,0.0,0.0,0.0,0.0,3.0,5.0,0.0,2.0,1.0,2.0,1.0,0.0,1.0,0.0,0.0,10.0,9.0,1.0,4.0,2.0,0.0,0.0,2.0,0.0,0.0,0.0,8.0,2.0,1.0,0.0,0.0,1.0,3.0,0.0,1.0,1.0,6.0,1.0,1.0,2.0,4.0,2.0,0.0,0.0,0.0,0.0,0.0,1.0,1.0,12.0,0.0,0.0,3.0,1.0,0.0,0.0,0.0,1.0,0.0,1.0,0.0,5.0,34.0,8.0,4.0,0.0,0.0,0.0,1.0,11.0,5.0,6.0,3.0,3.0,2.0,10.0,15.0,16.0,28.0,5.0,16.0,11.0,4.0,15.0,7.0,9.0,15.0,13.0,23.0,8.0,17.0,1.0,0.0,0.0,0.0,7.0,16.0,5.0,8.0,9.0,3.0,11.0,15.0,27.0,10.0,12.0,6.0,16.0,17.0,2.0,2.0,1.0,20.0,41.0,5.0,7.0,9.0,7.0,13.0,9.0,11.0,5.0,22.0,48.0,25.0,12.0,1.0,1.0,10.0,22.0,9.0,11.0,20.0,11.0,20.0,6.0,13.0,13.0,7.0,10.0,32.0,15.0,19.0,8.0,3.0,20.0,17.0,11.0,16.0,10.0,12.0,5.0,14.0,26.0,13.0,28.0,23.0,20.0,27.0,18.0,8.0,33.0,26.0,21.0,25.0,17.0,20.0,8.0,19.0,15.0,21.0,27.0,22.0,31.0,16.0,17.0,38.0,34.0,11.0,7.0,22.0,12.0,26.0,21.0,11.0,36.0,18.0,16.0,41.0,31.0,31.0,23.0,56.0,73.0,21.0,20.0,26.0,45.0,22.0,8.0,13.0,55.0,78.0,37.0,9.0,38.0
79,19.75,1.0,1.0,0.0,1.0,0.0,0.0,0.0,0.0,4.0,4.0,0.0,2.0,0.0,2.0,1.0,1.0,2.0,0.0,0.0,10.0,7.0,1.0,4.0,2.0,0.0,0.0,1.0,0.0,1.0,0.0,8.0,2.0,1.0,1.0,0.0,1.0,3.0,0.0,0.0,1.0,5.0,3.0,2.0,1.0,5.0,2.0,0.0,0.0,0.0,0.0,0.0,2.0,1.0,11.0,0.0,0.0,3.0,2.0,0.0,1.0,2.0,0.0,0.0,0.0,1.0,5.0,31.0,9.0,4.0,0.0,0.0,1.0,2.0,10.0,5.0,6.0,1.0,3.0,2.0,6.0,11.0,13.0,28.0,4.0,16.0,10.0,1.0,15.0,7.0,7.0,14.0,9.0,23.0,8.0,15.0,0.0,0.0,0.0,0.0,9.0,14.0,6.0,7.0,12.0,3.0,10.0,15.0,27.0,9.0,10.0,7.0,10.0,18.0,3.0,0.0,0.0,19.0,43.0,5.0,3.0,9.0,3.0,13.0,9.0,11.0,7.0,11.0,44.0,25.0,13.0,1.0,0.0,10.0,14.0,9.0,9.0,19.0,14.0,19.0,8.0,12.0,11.0,7.0,10.0,24.0,13.0,20.0,10.0,3.0,8.0,20.0,9.0,16.0,10.0,12.0,10.0,17.0,26.0,13.0,28.0,21.0,14.0,27.0,18.0,8.0,33.0,21.0,19.0,32.0,15.0,15.0,8.0,19.0,16.0,20.0,27.0,22.0,31.0,15.0,15.0,38.0,34.0,11.0,6.0,22.0,12.0,29.0,21.0,11.0,36.0,18.0,16.0,41.0,31.0,31.0,23.0,52.0,65.0,25.0,22.0,23.0,45.0,22.0,10.0,16.0,50.0,71.0,39.0,9.0,43.0
80,20.0,1.0,1.0,0.0,0.0,0.0,0.0,0.0,0.0,4.0,5.0,0.0,1.0,0.0,1.0,1.0,1.0,1.0,0.0,0.0,10.0,5.0,1.0,2.0,2.0,0.0,1.0,0.0,0.0,0.0,0.0,9.0,2.0,1.0,1.0,0.0,2.0,3.0,0.0,0.0,1.0,5.0,2.0,1.0,1.0,4.0,1.0,0.0,0.0,0.0,0.0,0.0,1.0,1.0,11.0,0.0,0.0,1.0,1.0,0.0,1.0,2.0,0.0,0.0,0.0,1.0,4.0,26.0,9.0,4.0,0.0,2.0,1.0,2.0,9.0,6.0,2.0,0.0,3.0,2.0,6.0,11.0,12.0,27.0,3.0,14.0,9.0,4.0,9.0,6.0,7.0,7.0,8.0,11.0,8.0,14.0,0.0,0.0,0.0,1.0,9.0,15.0,6.0,7.0,12.0,3.0,9.0,12.0,26.0,6.0,6.0,7.0,10.0,17.0,3.0,0.0,0.0,13.0,41.0,6.0,3.0,9.0,1.0,13.0,10.0,11.0,7.0,11.0,40.0,20.0,12.0,0.0,0.0,12.0,13.0,23.0,11.0,15.0,9.0,13.0,6.0,10.0,11.0,7.0,10.0,18.0,8.0,18.0,10.0,3.0,12.0,11.0,8.0,16.0,6.0,12.0,10.0,14.0,25.0,13.0,27.0,12.0,14.0,21.0,19.0,8.0,25.0,22.0,19.0,32.0,14.0,15.0,5.0,22.0,17.0,21.0,27.0,22.0,33.0,16.0,17.0,38.0,30.0,11.0,6.0,18.0,11.0,29.0,19.0,13.0,38.0,14.0,16.0,41.0,29.0,19.0,21.0,51.0,52.0,27.0,22.0,20.0,45.0,17.0,11.0,16.0,37.0,71.0,39.0,9.0,32.0
81,20.25,1.0,1.0,0.0,0.0,1.0,0.0,0.0,0.0,4.0,5.0,0.0,0.0,1.0,0.0,1.0,1.0,2.0,0.0,0.0,8.0,5.0,1.0,3.0,1.0,0.0,1.0,0.0,0.0,0.0,1.0,3.0,2.0,1.0,0.0,0.0,1.0,3.0,1.0,0.0,1.0,5.0,3.0,1.0,1.0,5.0,2.0,0.0,0.0,0.0,0.0,0.0,1.0,1.0,9.0,0.0,0.0,1.0,2.0,1.0,0.0,1.0,0.0,0.0,0.0,1.0,4.0,22.0,7.0,2.0,0.0,4.0,2.0,1.0,9.0,2.0,2.0,1.0,7.0,2.0,7.0,11.0,13.0,24.0,3.0,19.0,7.0,3.0,10.0,5.0,12.0,7.0,8.0,11.0,5.0,13.0,1.0,0.0,0.0,1.0,9.0,11.0,6.0,4.0,12.0,3.0,7.0,9.0,28.0,6.0,6.0,7.0,11.0,15.0,3.0,0.0,0.0,13.0,32.0,7.0,5.0,9.0,1.0,13.0,10.0,11.0,7.0,11.0,36.0,20.0,10.0,0.0,1.0,12.0,13.0,23.0,7.0,13.0,14.0,13.0,5.0,10.0,9.0,8.0,14.0,15.0,8.0,19.0,11.0,3.0,12.0,16.0,8.0,13.0,7.0,11.0,4.0,14.0,27.0,13.0,28.0,12.0,16.0,21.0,19.0,8.0,25.0,21.0,16.0,21.0,14.0,13.0,10.0,22.0,17.0,20.0,26.0,17.0,31.0,16.0,15.0,31.0,27.0,8.0,6.0,18.0,6.0,21.0,15.0,16.0,38.0,14.0,10.0,24.0,28.0,19.0,18.0,51.0,49.0,27.0,22.0,19.0,45.0,17.0,11.0,16.0,37.0,68.0,30.0,9.0,44.0
82,20.5,0.0,1.0,0.0,0.0,1.0,0.0,0.0,0.0,3.0,5.0,0.0,0.0,1.0,0.0,0.0,1.0,2.0,0.0,0.0,6.0,6.0,0.0,3.0,1.0,1.0,1.0,0.0,0.0,0.0,4.0,2.0,0.0,1.0,0.0,0.0,1.0,2.0,1.0,0.0,1.0,5.0,3.0,0.0,1.0,4.0,1.0,0.0,0.0,0.0,0.0,0.0,1.0,0.0,9.0,0.0,2.0,1.0,2.0,1.0,0.0,1.0,0.0,0.0,0.0,0.0,3.0,20.0,6.0,0.0,0.0,4.0,2.0,1.0,9.0,3.0,1.0,0.0,7.0,0.0,8.0,11.0,12.0,13.0,3.0,13.0,7.0,3.0,10.0,6.0,12.0,7.0,8.0,17.0,5.0,13.0,1.0,1.0,0.0,1.0,8.0,12.0,5.0,2.0,12.0,3.0,7.0,8.0,27.0,6.0,4.0,7.0,11.0,15.0,2.0,0.0,0.0,10.0,32.0,7.0,5.0,9.0,1.0,13.0,3.0,11.0,8.0,15.0,33.0,20.0,6.0,1.0,1.0,12.0,11.0,13.0,10.0,13.0,9.0,12.0,5.0,4.0,7.0,8.0,14.0,15.0,8.0,19.0,11.0,2.0,12.0,11.0,8.0,7.0,7.0,11.0,3.0,9.0,26.0,13.0,25.0,14.0,16.0,17.0,19.0,5.0,25.0,22.0,14.0,15.0,14.0,12.0,4.0,22.0,15.0,12.0,22.0,17.0,31.0,16.0,14.0,31.0,21.0,8.0,5.0,14.0,11.0,20.0,19.0,19.0,30.0,15.0,11.0,22.0,28.0,19.0,21.0,44.0,49.0,19.0,15.0,16.0,34.0,17.0,12.0,14.0,35.0,78.0,30.0,10.0,42.0
83,20.75,1.0,1.0,0.0,0.0,0.0,0.0,0.0,0.0,3.0,5.0,0.0,0.0,0.0,0.0,1.0,1.0,2.0,0.0,0.0,6.0,10.0,0.0,3.0,0.0,1.0,0.0,1.0,0.0,0.0,1.0,0.0,0.0,0.0,0.0,1.0,0.0,2.0,1.0,0.0,1.0,5.0,3.0,0.0,3.0,5.0,0.0,0.0,0.0,0.0,0.0,0.0,1.0,0.0,9.0,0.0,2.0,1.0,2.0,1.0,0.0,1.0,1.0,0.0,0.0,0.0,3.0,20.0,7.0,2.0,0.0,4.0,0.0,3.0,9.0,2.0,1.0,1.0,5.0,0.0,8.0,11.0,7.0,8.0,3.0,12.0,6.0,3.0,11.0,6.0,10.0,6.0,8.0,17.0,9.0,12.0,2.0,0.0,0.0,1.0,7.0,10.0,5.0,2.0,7.0,1.0,6.0,8.0,27.0,7.0,9.0,7.0,14.0,15.0,3.0,1.0,0.0,8.0,26.0,7.0,3.0,9.0,1.0,7.0,3.0,7.0,4.0,15.0,29.0,15.0,6.0,1.0,0.0,11.0,11.0,12.0,6.0,13.0,9.0,16.0,6.0,8.0,7.0,6.0,11.0,15.0,8.0,19.0,5.0,2.0,14.0,12.0,6.0,13.0,7.0,11.0,3.0,11.0,26.0,12.0,27.0,14.0,11.0,17.0,14.0,5.0,21.0,20.0,14.0,13.0,10.0,9.0,9.0,22.0,15.0,12.0,21.0,13.0,31.0,11.0,14.0,30.0,21.0,9.0,5.0,11.0,12.0,20.0,16.0,16.0,25.0,16.0,10.0,21.0,28.0,12.0,18.0,46.0,50.0,19.0,15.0,16.0,34.0,20.0,7.0,14.0,30.0,62.0,33.0,10.0,42.0
84,21.0,0.0,1.0,0.0,0.0,0.0,0.0,1.0,0.0,1.0,4.0,0.0,0.0,0.0,1.0,0.0,0.0,0.0,0.0,0.0,6.0,11.0,1.0,2.0,0.0,1.0,0.0,0.0,0.0,0.0,2.0,2.0,0.0,0.0,0.0,1.0,1.0,1.0,0.0,1.0,1.0,5.0,3.0,0.0,4.0,4.0,0.0,0.0,0.0,0.0,0.0,0.0,1.0,1.0,9.0,0.0,1.0,3.0,2.0,0.0,0.0,1.0,0.0,0.0,0.0,0.0,3.0,15.0,4.0,2.0,1.0,3.0,0.0,3.0,9.0,2.0,1.0,1.0,2.0,0.0,2.0,5.0,7.0,8.0,3.0,10.0,5.0,2.0,11.0,6.0,10.0,7.0,8.0,12.0,9.0,11.0,1.0,0.0,0.0,1.0,7.0,7.0,1.0,2.0,7.0,1.0,7.0,5.0,20.0,7.0,9.0,5.0,11.0,13.0,2.0,1.0,1.0,7.0,23.0,7.0,3.0,6.0,4.0,6.0,3.0,6.0,4.0,8.0,28.0,15.0,6.0,1.0,0.0,7.0,12.0,9.0,10.0,13.0,8.0,11.0,6.0,8.0,7.0,6.0,10.0,11.0,8.0,15.0,5.0,3.0,6.0,12.0,6.0,11.0,6.0,11.0,4.0,11.0,14.0,12.0,22.0,13.0,10.0,16.0,13.0,5.0,20.0,14.0,14.0,13.0,10.0,9.0,6.0,12.0,15.0,12.0,18.0,13.0,23.0,11.0,13.0,27.0,18.0,9.0,4.0,11.0,12.0,20.0,16.0,15.0,25.0,16.0,10.0,20.0,24.0,11.0,13.0,46.0,53.0,23.0,23.0,18.0,36.0,20.0,7.0,10.0,30.0,62.0,33.0,6.0,41.0
85,21.25,0.0,0.0,0.0,0.0,1.0,0.0,1.0,0.0,1.0,2.0,0.0,0.0,0.0,0.0,1.0,0.0,0.0,0.0,0.0,6.0,11.0,1.0,2.0,0.0,0.0,0.0,1.0,0.0,1.0,1.0,4.0,1.0,1.0,0.0,0.0,2.0,1.0,0.0,1.0,1.0,5.0,2.0,0.0,3.0,4.0,0.0,1.0,0.0,0.0,0.0,1.0,0.0,1.0,8.0,0.0,0.0,3.0,1.0,0.0,1.0,1.0,0.0,0.0,0.0,0.0,3.0,14.0,4.0,2.0,1.0,2.0,0.0,3.0,7.0,2.0,1.0,1.0,2.0,0.0,2.0,5.0,7.0,6.0,3.0,6.0,4.0,1.0,7.0,4.0,8.0,8.0,5.0,12.0,9.0,9.0,1.0,0.0,0.0,1.0,6.0,7.0,1.0,2.0,8.0,4.0,6.0,4.0,11.0,4.0,9.0,2.0,13.0,10.0,2.0,0.0,0.0,6.0,22.0,7.0,3.0,6.0,4.0,7.0,4.0,2.0,2.0,8.0,17.0,15.0,5.0,1.0,0.0,6.0,13.0,8.0,7.0,13.0,8.0,9.0,3.0,8.0,9.0,6.0,8.0,12.0,4.0,13.0,6.0,3.0,6.0,12.0,5.0,11.0,5.0,7.0,4.0,11.0,14.0,12.0,18.0,12.0,10.0,14.0,13.0,6.0,18.0,13.0,18.0,13.0,10.0,9.0,6.0,12.0,11.0,13.0,15.0,9.0,19.0,15.0,8.0,22.0,14.0,5.0,4.0,11.0,14.0,19.0,14.0,11.0,25.0,16.0,10.0,17.0,18.0,11.0,13.0,46.0,79.0,23.0,23.0,18.0,36.0,20.0,5.0,9.0,31.0,49.0,24.0,5.0,29.0
86,21.5,0.0,0.0,0.0,0.0,1.0,0.0,0.0,0.0,1.0,2.0,0.0,0.0,1.0,1.0,2.0,0.0,0.0,0.0,0.0,4.0,3.0,1.0,0.0,0.0,0.0,0.0,0.0,0.0,1.0,1.0,4.0,1.0,1.0,0.0,0.0,2.0,1.0,0.0,0.0,1.0,4.0,1.0,0.0,2.0,3.0,0.0,0.0,0.0,0.0,0.0,0.0,0.0,0.0,6.0,0.0,0.0,2.0,0.0,0.0,0.0,1.0,0.0,0.0,0.0,0.0,3.0,13.0,4.0,2.0,1.0,2.0,0.0,1.0,7.0,4.0,1.0,0.0,1.0,0.0,2.0,7.0,8.0,5.0,2.0,6.0,2.0,0.0,3.0,4.0,8.0,8.0,7.0,5.0,7.0,7.0,1.0,0.0,0.0,1.0,6.0,7.0,1.0,2.0,8.0,4.0,6.0,5.0,10.0,4.0,6.0,2.0,10.0,8.0,2.0,0.0,0.0,5.0,17.0,7.0,3.0,6.0,3.0,4.0,4.0,1.0,2.0,7.0,17.0,8.0,3.0,1.0,1.0,6.0,13.0,8.0,7.0,13.0,8.0,9.0,2.0,9.0,9.0,7.0,8.0,11.0,4.0,12.0,6.0,1.0,6.0,10.0,3.0,10.0,5.0,7.0,4.0,4.0,17.0,12.0,16.0,4.0,7.0,14.0,13.0,6.0,17.0,13.0,18.0,11.0,8.0,11.0,5.0,11.0,11.0,11.0,15.0,11.0,15.0,15.0,8.0,21.0,14.0,5.0,3.0,11.0,8.0,13.0,9.0,9.0,20.0,16.0,7.0,13.0,15.0,8.0,13.0,40.0,108.0,21.0,13.0,12.0,22.0,9.0,5.0,8.0,31.0,49.0,22.0,5.0,27.0
87,21.75,0.0,0.0,0.0,0.0,1.0,0.0,0.0,0.0,1.0,2.0,0.0,0.0,1.0,1.0,2.0,0.0,0.0,0.0,0.0,4.0,3.0,1.0,2.0,0.0,0.0,0.0,0.0,0.0,1.0,1.0,1.0,1.0,1.0,0.0,0.0,1.0,0.0,0.0,0.0,1.0,4.0,1.0,0.0,2.0,2.0,1.0,0.0,0.0,0.0,0.0,0.0,0.0,0.0,5.0,0.0,0.0,1.0,0.0,0.0,1.0,1.0,0.0,0.0,0.0,0.0,3.0,11.0,4.0,2.0,1.0,3.0,1.0,0.0,6.0,4.0,0.0,0.0,2.0,0.0,3.0,7.0,6.0,5.0,1.0,5.0,4.0,1.0,3.0,3.0,8.0,3.0,5.0,5.0,6.0,6.0,1.0,0.0,0.0,1.0,4.0,5.0,1.0,1.0,8.0,1.0,4.0,4.0,7.0,6.0,6.0,3.0,9.0,8.0,2.0,0.0,0.0,5.0,11.0,6.0,2.0,6.0,3.0,5.0,4.0,2.0,3.0,6.0,13.0,8.0,5.0,1.0,1.0,5.0,5.0,6.0,7.0,13.0,2.0,10.0,2.0,6.0,8.0,8.0,6.0,12.0,3.0,9.0,6.0,1.0,6.0,10.0,1.0,8.0,11.0,7.0,4.0,4.0,17.0,11.0,12.0,3.0,7.0,8.0,8.0,2.0,12.0,8.0,10.0,10.0,6.0,11.0,4.0,16.0,8.0,13.0,16.0,9.0,15.0,11.0,5.0,21.0,14.0,4.0,1.0,11.0,8.0,12.0,9.0,9.0,14.0,9.0,4.0,13.0,15.0,8.0,13.0,27.0,108.0,21.0,13.0,5.0,22.0,9.0,7.0,7.0,28.0,55.0,24.0,5.0,29.0
88,22.0,0.0,0.0,1.0,0.0,0.0,0.0,0.0,0.0,1.0,2.0,0.0,0.0,0.0,1.0,0.0,0.0,1.0,0.0,0.0,3.0,3.0,1.0,1.0,0.0,0.0,0.0,0.0,0.0,0.0,0.0,1.0,0.0,0.0,0.0,0.0,0.0,0.0,0.0,0.0,3.0,2.0,0.0,0.0,1.0,1.0,1.0,0.0,0.0,0.0,0.0,0.0,1.0,0.0,2.0,0.0,0.0,1.0,0.0,0.0,0.0,0.0,0.0,0.0,0.0,0.0,3.0,10.0,4.0,3.0,1.0,3.0,0.0,0.0,2.0,2.0,2.0,0.0,0.0,1.0,2.0,8.0,6.0,5.0,2.0,7.0,2.0,0.0,3.0,5.0,6.0,3.0,5.0,6.0,5.0,6.0,1.0,0.0,0.0,0.0,3.0,4.0,1.0,1.0,5.0,1.0,3.0,4.0,7.0,6.0,6.0,3.0,9.0,7.0,2.0,0.0,0.0,5.0,12.0,4.0,1.0,4.0,3.0,3.0,3.0,4.0,5.0,5.0,12.0,11.0,5.0,1.0,0.0,4.0,5.0,4.0,7.0,7.0,2.0,10.0,2.0,6.0,4.0,8.0,6.0,6.0,3.0,4.0,3.0,1.0,6.0,5.0,2.0,10.0,11.0,7.0,5.0,4.0,14.0,9.0,12.0,3.0,5.0,7.0,7.0,2.0,10.0,7.0,10.0,8.0,5.0,9.0,4.0,13.0,6.0,14.0,16.0,11.0,13.0,6.0,5.0,16.0,11.0,5.0,1.0,11.0,8.0,12.0,7.0,7.0,14.0,9.0,4.0,13.0,15.0,9.0,11.0,22.0,61.0,23.0,9.0,4.0,15.0,12.0,7.0,6.0,25.0,55.0,20.0,8.0,27.0
89,22.25,0.0,0.0,1.0,0.0,0.0,0.0,0.0,0.0,1.0,0.0,0.0,0.0,0.0,0.0,0.0,0.0,1.0,0.0,0.0,2.0,4.0,0.0,2.0,0.0,0.0,0.0,0.0,0.0,0.0,0.0,0.0,0.0,0.0,0.0,0.0,0.0,0.0,0.0,0.0,1.0,2.0,0.0,0.0,1.0,1.0,1.0,0.0,0.0,0.0,0.0,0.0,0.0,0.0,4.0,0.0,0.0,1.0,0.0,0.0,0.0,0.0,0.0,0.0,0.0,0.0,2.0,5.0,3.0,3.0,1.0,0.0,1.0,0.0,2.0,1.0,0.0,0.0,0.0,1.0,2.0,6.0,2.0,3.0,2.0,5.0,2.0,1.0,3.0,1.0,2.0,1.0,5.0,6.0,5.0,6.0,1.0,0.0,0.0,0.0,3.0,4.0,0.0,1.0,4.0,1.0,3.0,1.0,7.0,2.0,3.0,2.0,4.0,4.0,1.0,0.0,0.0,4.0,7.0,4.0,0.0,7.0,3.0,4.0,2.0,4.0,3.0,5.0,7.0,11.0,5.0,0.0,0.0,4.0,5.0,1.0,2.0,6.0,7.0,10.0,1.0,6.0,4.0,4.0,4.0,4.0,2.0,4.0,3.0,0.0,6.0,5.0,1.0,6.0,11.0,7.0,4.0,4.0,9.0,9.0,14.0,4.0,5.0,5.0,7.0,2.0,8.0,8.0,5.0,6.0,5.0,6.0,3.0,13.0,6.0,14.0,13.0,9.0,10.0,6.0,4.0,14.0,8.0,4.0,2.0,10.0,4.0,12.0,7.0,6.0,14.0,9.0,4.0,10.0,11.0,9.0,10.0,22.0,59.0,23.0,10.0,5.0,12.0,12.0,4.0,7.0,24.0,41.0,20.0,8.0,20.0
90,22.5,0.0,0.0,0.0,0.0,0.0,0.0,0.0,0.0,1.0,0.0,0.0,0.0,0.0,0.0,0.0,0.0,0.0,0.0,0.0,1.0,2.0,0.0,1.0,0.0,0.0,0.0,1.0,0.0,0.0,0.0,0.0,0.0,0.0,0.0,0.0,0.0,0.0,0.0,0.0,1.0,2.0,0.0,0.0,1.0,0.0,0.0,0.0,0.0,0.0,0.0,0.0,1.0,0.0,3.0,0.0,0.0,1.0,0.0,0.0,0.0,0.0,0.0,0.0,0.0,0.0,1.0,5.0,2.0,0.0,0.0,0.0,0.0,0.0,2.0,1.0,0.0,0.0,0.0,0.0,2.0,6.0,2.0,1.0,2.0,2.0,1.0,0.0,2.0,0.0,2.0,1.0,4.0,5.0,2.0,2.0,1.0,0.0,0.0,0.0,3.0,4.0,0.0,1.0,2.0,2.0,3.0,1.0,7.0,1.0,4.0,1.0,4.0,4.0,0.0,0.0,0.0,5.0,7.0,3.0,0.0,2.0,2.0,1.0,2.0,1.0,1.0,5.0,7.0,5.0,3.0,0.0,0.0,2.0,2.0,1.0,2.0,6.0,7.0,6.0,1.0,2.0,3.0,4.0,4.0,1.0,2.0,2.0,3.0,0.0,6.0,3.0,1.0,6.0,7.0,5.0,4.0,4.0,9.0,8.0,14.0,6.0,6.0,1.0,7.0,2.0,8.0,11.0,6.0,4.0,5.0,4.0,4.0,10.0,6.0,7.0,12.0,8.0,8.0,5.0,4.0,13.0,4.0,2.0,2.0,5.0,3.0,10.0,7.0,5.0,15.0,6.0,7.0,10.0,11.0,6.0,8.0,29.0,38.0,13.0,9.0,4.0,10.0,9.0,2.0,6.0,24.0,31.0,14.0,7.0,17.0
91,22.75,0.0,0.0,0.0,0.0,0.0,0.0,0.0,0.0,0.0,0.0,0.0,0.0,0.0,0.0,0.0,0.0,0.0,0.0,0.0,0.0,2.0,0.0,1.0,0.0,0.0,0.0,1.0,0.0,0.0,0.0,0.0,0.0,0.0,0.0,0.0,0.0,0.0,0.0,0.0,0.0,1.0,0.0,0.0,1.0,0.0,0.0,0.0,0.0,0.0,0.0,0.0,0.0,0.0,3.0,0.0,0.0,1.0,0.0,0.0,0.0,0.0,0.0,0.0,0.0,0.0,0.0,5.0,0.0,0.0,0.0,0.0,1.0,0.0,2.0,1.0,0.0,0.0,0.0,0.0,2.0,3.0,2.0,1.0,2.0,0.0,1.0,1.0,1.0,0.0,1.0,0.0,2.0,4.0,0.0,2.0,1.0,0.0,0.0,0.0,2.0,4.0,1.0,1.0,2.0,1.0,2.0,1.0,3.0,2.0,3.0,1.0,3.0,4.0,0.0,0.0,0.0,4.0,6.0,2.0,0.0,2.0,0.0,2.0,0.0,1.0,1.0,4.0,3.0,1.0,2.0,0.0,0.0,3.0,2.0,1.0,2.0,6.0,4.0,4.0,1.0,2.0,4.0,3.0,2.0,1.0,2.0,2.0,3.0,0.0,5.0,3.0,1.0,6.0,5.0,6.0,2.0,2.0,10.0,8.0,12.0,5.0,6.0,1.0,7.0,1.0,4.0,11.0,5.0,4.0,5.0,4.0,1.0,10.0,4.0,5.0,12.0,8.0,8.0,3.0,4.0,7.0,3.0,0.0,0.0,5.0,3.0,10.0,7.0,6.0,16.0,5.0,7.0,8.0,7.0,3.0,6.0,29.0,34.0,11.0,5.0,5.0,10.0,7.0,2.0,6.0,17.0,25.0,12.0,6.0,16.0
92,23.0,0.0,0.0,0.0,0.0,0.0,0.0,0.0,0.0,0.0,0.0,0.0,0.0,0.0,0.0,0.0,0.0,0.0,0.0,0.0,0.0,2.0,0.0,0.0,0.0,0.0,0.0,0.0,0.0,0.0,0.0,1.0,0.0,0.0,0.0,0.0,0.0,0.0,0.0,0.0,0.0,1.0,0.0,0.0,0.0,0.0,0.0,0.0,0.0,0.0,0.0,0.0,0.0,0.0,2.0,0.0,0.0,0.0,0.0,0.0,1.0,0.0,0.0,0.0,0.0,0.0,0.0,2.0,0.0,0.0,0.0,0.0,0.0,0.0,1.0,1.0,0.0,0.0,0.0,0.0,2.0,0.0,2.0,1.0,0.0,0.0,1.0,0.0,1.0,0.0,1.0,0.0,2.0,1.0,2.0,2.0,0.0,0.0,0.0,0.0,1.0,1.0,1.0,1.0,1.0,1.0,1.0,1.0,3.0,1.0,3.0,1.0,2.0,4.0,0.0,0.0,0.0,2.0,5.0,1.0,0.0,1.0,0.0,2.0,0.0,1.0,1.0,4.0,1.0,1.0,3.0,0.0,0.0,3.0,2.0,2.0,4.0,2.0,2.0,4.0,2.0,1.0,3.0,3.0,2.0,2.0,2.0,2.0,2.0,0.0,4.0,3.0,1.0,6.0,5.0,3.0,2.0,2.0,10.0,6.0,12.0,5.0,5.0,1.0,7.0,1.0,4.0,6.0,4.0,3.0,5.0,4.0,1.0,10.0,3.0,5.0,12.0,4.0,6.0,1.0,2.0,7.0,3.0,0.0,0.0,3.0,2.0,10.0,8.0,5.0,15.0,5.0,3.0,5.0,7.0,2.0,5.0,21.0,32.0,7.0,5.0,3.0,10.0,6.0,1.0,4.0,20.0,23.0,11.0,3.0,13.0
93,23.25,0.0,0.0,0.0,0.0,0.0,0.0,0.0,0.0,0.0,0.0,0.0,0.0,0.0,0.0,0.0,0.0,0.0,0.0,0.0,0.0,1.0,0.0,0.0,0.0,0.0,0.0,0.0,0.0,0.0,0.0,1.0,0.0,0.0,0.0,0.0,0.0,0.0,0.0,0.0,0.0,1.0,0.0,0.0,0.0,0.0,0.0,0.0,0.0,0.0,0.0,0.0,0.0,0.0,1.0,0.0,0.0,0.0,0.0,0.0,0.0,0.0,0.0,0.0,0.0,0.0,0.0,2.0,0.0,0.0,0.0,0.0,0.0,0.0,1.0,1.0,0.0,0.0,0.0,0.0,2.0,1.0,2.0,1.0,0.0,1.0,0.0,0.0,0.0,0.0,1.0,0.0,1.0,1.0,0.0,1.0,0.0,0.0,0.0,0.0,1.0,1.0,0.0,1.0,1.0,1.0,1.0,1.0,3.0,1.0,1.0,0.0,2.0,1.0,0.0,0.0,0.0,1.0,4.0,0.0,0.0,0.0,0.0,2.0,0.0,1.0,0.0,2.0,1.0,1.0,2.0,0.0,0.0,3.0,2.0,2.0,1.0,3.0,2.0,4.0,1.0,1.0,3.0,2.0,2.0,5.0,2.0,2.0,2.0,0.0,2.0,3.0,2.0,3.0,4.0,4.0,0.0,1.0,8.0,6.0,5.0,5.0,2.0,1.0,3.0,1.0,4.0,3.0,2.0,3.0,1.0,6.0,1.0,7.0,3.0,4.0,9.0,5.0,6.0,3.0,2.0,3.0,7.0,2.0,0.0,2.0,1.0,10.0,7.0,6.0,7.0,5.0,3.0,5.0,7.0,2.0,5.0,20.0,21.0,7.0,8.0,3.0,10.0,5.0,1.0,3.0,13.0,19.0,10.0,3.0,13.0
94,23.5,0.0,0.0,0.0,0.0,0.0,0.0,0.0,0.0,0.0,0.0,0.0,0.0,0.0,0.0,0.0,0.0,0.0,0.0,0.0,0.0,0.0,0.0,0.0,0.0,0.0,0.0,0.0,0.0,0.0,0.0,0.0,0.0,0.0,0.0,0.0,0.0,0.0,0.0,0.0,0.0,0.0,0.0,0.0,0.0,0.0,0.0,0.0,0.0,0.0,0.0,0.0,0.0,0.0,1.0,0.0,0.0,0.0,0.0,0.0,1.0,0.0,0.0,0.0,0.0,0.0,0.0,2.0,0.0,0.0,0.0,0.0,0.0,0.0,0.0,0.0,0.0,0.0,0.0,0.0,2.0,1.0,2.0,1.0,1.0,1.0,0.0,0.0,0.0,1.0,2.0,0.0,0.0,1.0,0.0,1.0,0.0,0.0,0.0,0.0,2.0,1.0,0.0,0.0,1.0,1.0,1.0,1.0,3.0,1.0,0.0,0.0,1.0,1.0,0.0,0.0,0.0,1.0,3.0,1.0,1.0,1.0,1.0,1.0,1.0,1.0,0.0,2.0,3.0,1.0,2.0,0.0,0.0,2.0,2.0,2.0,1.0,3.0,2.0,3.0,1.0,5.0,2.0,1.0,2.0,5.0,1.0,2.0,1.0,0.0,1.0,3.0,1.0,2.0,3.0,4.0,0.0,0.0,5.0,4.0,6.0,5.0,2.0,4.0,2.0,1.0,3.0,3.0,3.0,2.0,1.0,2.0,1.0,2.0,1.0,5.0,4.0,4.0,6.0,3.0,2.0,3.0,7.0,2.0,0.0,3.0,1.0,7.0,4.0,3.0,6.0,4.0,3.0,5.0,9.0,7.0,5.0,11.0,19.0,7.0,8.0,3.0,10.0,5.0,1.0,3.0,13.0,16.0,10.0,2.0,25.0
95,23.75,0.0,0.0,0.0,0.0,0.0,0.0,0.0,0.0,0.0,0.0,0.0,0.0,0.0,0.0,0.0,0.0,0.0,0.0,0.0,0.0,0.0,0.0,0.0,0.0,0.0,0.0,0.0,0.0,0.0,0.0,0.0,0.0,0.0,0.0,0.0,0.0,0.0,0.0,0.0,0.0,0.0,0.0,0.0,0.0,0.0,0.0,0.0,0.0,0.0,0.0,0.0,0.0,0.0,1.0,0.0,0.0,0.0,0.0,0.0,0.0,0.0,0.0,0.0,0.0,0.0,0.0,3.0,0.0,0.0,0.0,0.0,0.0,0.0,0.0,0.0,0.0,0.0,0.0,0.0,3.0,1.0,1.0,2.0,1.0,1.0,0.0,0.0,1.0,0.0,2.0,2.0,0.0,0.0,0.0,1.0,0.0,0.0,0.0,0.0,2.0,2.0,0.0,0.0,1.0,1.0,1.0,1.0,4.0,1.0,0.0,0.0,1.0,1.0,0.0,0.0,0.0,1.0,3.0,2.0,1.0,1.0,0.0,1.0,1.0,1.0,0.0,2.0,4.0,1.0,2.0,0.0,0.0,1.0,3.0,1.0,1.0,3.0,2.0,3.0,1.0,5.0,1.0,2.0,2.0,2.0,1.0,2.0,1.0,0.0,1.0,2.0,0.0,2.0,2.0,4.0,0.0,0.0,5.0,4.0,5.0,5.0,2.0,4.0,1.0,1.0,4.0,2.0,2.0,3.0,1.0,4.0,0.0,2.0,1.0,4.0,4.0,3.0,4.0,3.0,3.0,4.0,5.0,2.0,0.0,3.0,2.0,5.0,4.0,3.0,6.0,4.0,3.0,3.0,10.0,7.0,5.0,11.0,20.0,7.0,7.0,5.0,10.0,5.0,1.0,2.0,11.0,15.0,7.0,2.0,25.0
96,24.0,0.0,0.0,0.0,0.0,0.0,0.0,0.0,0.0,0.0,0.0,0.0,0.0,0.0,0.0,0.0,0.0,0.0,0.0,0.0,0.0,0.0,0.0,0.0,0.0,0.0,0.0,0.0,0.0,0.0,1.0,0.0,0.0,0.0,0.0,0.0,0.0,0.0,0.0,0.0,0.0,0.0,0.0,0.0,0.0,0.0,0.0,0.0,0.0,0.0,0.0,0.0,0.0,0.0,0.0,0.0,0.0,0.0,0.0,0.0,0.0,0.0,0.0,0.0,0.0,0.0,0.0,1.0,0.0,0.0,0.0,0.0,0.0,0.0,0.0,0.0,0.0,0.0,0.0,0.0,3.0,0.0,0.0,1.0,1.0,1.0,0.0,0.0,1.0,0.0,0.0,0.0,1.0,0.0,0.0,1.0,1.0,0.0,0.0,0.0,1.0,2.0,0.0,0.0,2.0,1.0,1.0,0.0,2.0,1.0,0.0,0.0,2.0,3.0,0.0,0.0,0.0,2.0,3.0,2.0,1.0,1.0,0.0,0.0,1.0,1.0,0.0,2.0,4.0,1.0,2.0,0.0,0.0,1.0,3.0,0.0,1.0,2.0,2.0,2.0,2.0,2.0,2.0,2.0,1.0,2.0,0.0,1.0,1.0,0.0,0.0,2.0,0.0,2.0,2.0,3.0,0.0,2.0,5.0,1.0,6.0,1.0,2.0,0.0,1.0,1.0,3.0,1.0,2.0,2.0,0.0,2.0,0.0,2.0,1.0,5.0,4.0,3.0,3.0,1.0,3.0,6.0,3.0,1.0,0.0,3.0,2.0,4.0,4.0,2.0,5.0,4.0,4.0,2.0,10.0,4.0,2.0,9.0,14.0,4.0,3.0,5.0,10.0,5.0,1.0,2.0,9.0,15.0,6.0,2.0,25.0
97,24.25,0.0,0.0,0.0,0.0,0.0,0.0,0.0,0.0,0.0,0.0,0.0,0.0,0.0,0.0,1.0,0.0,0.0,0.0,0.0,0.0,1.0,0.0,0.0,0.0,0.0,0.0,0.0,0.0,0.0,0.0,0.0,0.0,0.0,0.0,0.0,0.0,0.0,0.0,0.0,0.0,1.0,0.0,0.0,0.0,0.0,0.0,0.0,0.0,0.0,0.0,0.0,0.0,0.0,0.0,0.0,0.0,0.0,0.0,0.0,0.0,0.0,0.0,0.0,0.0,0.0,0.0,3.0,0.0,0.0,0.0,0.0,0.0,0.0,0.0,0.0,0.0,0.0,0.0,0.0,1.0,0.0,0.0,1.0,0.0,1.0,0.0,0.0,0.0,0.0,0.0,0.0,1.0,0.0,1.0,1.0,1.0,0.0,0.0,0.0,0.0,1.0,0.0,0.0,1.0,1.0,2.0,0.0,2.0,0.0,2.0,0.0,2.0,1.0,0.0,0.0,0.0,2.0,0.0,2.0,0.0,0.0,0.0,0.0,1.0,0.0,0.0,2.0,2.0,1.0,1.0,0.0,0.0,1.0,0.0,0.0,0.0,2.0,1.0,2.0,2.0,0.0,1.0,2.0,2.0,2.0,0.0,0.0,2.0,0.0,0.0,1.0,0.0,2.0,2.0,2.0,0.0,2.0,5.0,1.0,5.0,0.0,2.0,0.0,1.0,1.0,3.0,1.0,1.0,2.0,0.0,2.0,0.0,3.0,2.0,3.0,1.0,2.0,3.0,1.0,4.0,6.0,2.0,1.0,0.0,3.0,2.0,3.0,3.0,1.0,4.0,4.0,4.0,2.0,2.0,1.0,1.0,5.0,14.0,4.0,3.0,3.0,4.0,3.0,1.0,0.0,6.0,11.0,7.0,2.0,14.0
98,24.5,0.0,0.0,0.0,0.0,0.0,0.0,0.0,0.0,0.0,1.0,0.0,0.0,0.0,0.0,0.0,0.0,0.0,0.0,0.0,0.0,1.0,0.0,0.0,0.0,0.0,0.0,0.0,0.0,0.0,0.0,0.0,0.0,0.0,0.0,0.0,0.0,0.0,0.0,0.0,0.0,0.0,0.0,0.0,0.0,0.0,0.0,0.0,0.0,0.0,0.0,0.0,0.0,0.0,0.0,0.0,0.0,0.0,0.0,0.0,0.0,0.0,0.0,0.0,0.0,0.0,0.0,1.0,0.0,0.0,0.0,0.0,0.0,0.0,0.0,0.0,0.0,0.0,0.0,0.0,1.0,0.0,0.0,1.0,0.0,0.0,0.0,0.0,0.0,1.0,0.0,0.0,0.0,0.0,0.0,1.0,1.0,0.0,0.0,0.0,0.0,0.0,0.0,0.0,2.0,1.0,0.0,0.0,2.0,0.0,0.0,0.0,1.0,3.0,0.0,0.0,0.0,1.0,0.0,1.0,0.0,0.0,0.0,0.0,0.0,0.0,0.0,2.0,2.0,1.0,1.0,0.0,0.0,1.0,0.0,0.0,0.0,0.0,0.0,1.0,2.0,1.0,0.0,1.0,1.0,2.0,0.0,1.0,0.0,0.0,0.0,1.0,0.0,1.0,2.0,0.0,0.0,2.0,5.0,3.0,3.0,1.0,1.0,0.0,2.0,1.0,3.0,0.0,0.0,2.0,0.0,1.0,0.0,3.0,2.0,1.0,2.0,1.0,1.0,0.0,3.0,5.0,1.0,1.0,1.0,2.0,0.0,3.0,3.0,1.0,4.0,4.0,2.0,3.0,2.0,1.0,1.0,4.0,9.0,4.0,3.0,3.0,4.0,2.0,0.0,0.0,6.0,11.0,6.0,1.0,12.0
99,24.75,0.0,0.0,0.0,0.0,0.0,0.0,0.0,0.0,0.0,1.0,0.0,0.0,0.0,0.0,0.0,0.0,0.0,0.0,0.0,0.0,1.0,0.0,0.0,0.0,0.0,0.0,0.0,0.0,0.0,0.0,0.0,0.0,0.0,0.0,0.0,0.0,0.0,0.0,0.0,0.0,1.0,0.0,0.0,0.0,0.0,0.0,0.0,0.0,0.0,0.0,0.0,0.0,0.0,0.0,0.0,0.0,0.0,0.0,0.0,0.0,0.0,0.0,0.0,0.0,0.0,0.0,1.0,1.0,0.0,0.0,0.0,0.0,0.0,0.0,0.0,0.0,0.0,0.0,0.0,1.0,0.0,0.0,1.0,0.0,0.0,0.0,0.0,0.0,1.0,0.0,0.0,0.0,1.0,0.0,1.0,0.0,0.0,0.0,0.0,0.0,0.0,0.0,0.0,1.0,1.0,1.0,2.0,2.0,0.0,0.0,0.0,1.0,1.0,0.0,0.0,0.0,1.0,2.0,2.0,0.0,0.0,0.0,0.0,0.0,0.0,0.0,1.0,1.0,1.0,0.0,0.0,0.0,1.0,1.0,0.0,0.0,0.0,1.0,1.0,2.0,0.0,0.0,0.0,2.0,2.0,0.0,0.0,0.0,0.0,1.0,1.0,0.0,1.0,2.0,1.0,0.0,1.0,4.0,3.0,3.0,1.0,1.0,1.0,2.0,0.0,3.0,1.0,0.0,0.0,2.0,1.0,1.0,3.0,1.0,1.0,2.0,1.0,1.0,1.0,1.0,3.0,1.0,0.0,0.0,2.0,1.0,2.0,4.0,1.0,4.0,1.0,2.0,3.0,2.0,2.0,2.0,4.0,9.0,6.0,5.0,3.0,3.0,2.0,0.0,0.0,4.0,10.0,5.0,1.0,8.0
100,25.0,0.0,0.0,0.0,0.0,0.0,0.0,0.0,0.0,0.0,0.0,0.0,0.0,0.0,0.0,0.0,0.0,0.0,0.0,0.0,0.0,0.0,0.0,0.0,0.0,0.0,0.0,0.0,0.0,0.0,0.0,0.0,0.0,0.0,0.0,0.0,0.0,0.0,0.0,0.0,0.0,0.0,0.0,0.0,0.0,0.0,0.0,0.0,0.0,0.0,0.0,0.0,0.0,0.0,0.0,0.0,0.0,0.0,0.0,0.0,0.0,0.0,0.0,0.0,0.0,0.0,0.0,0.0,0.0,0.0,0.0,0.0,0.0,0.0,0.0,0.0,0.0,0.0,0.0,0.0,0.0,0.0,0.0,1.0,0.0,0.0,0.0,0.0,0.0,0.0,0.0,0.0,0.0,1.0,0.0,0.0,0.0,0.0,0.0,0.0,0.0,0.0,0.0,1.0,1.0,0.0,0.0,2.0,3.0,0.0,0.0,0.0,4.0,1.0,0.0,0.0,0.0,1.0,3.0,0.0,0.0,1.0,0.0,0.0,0.0,0.0,1.0,0.0,1.0,1.0,0.0,0.0,0.0,1.0,1.0,0.0,0.0,0.0,0.0,0.0,0.0,1.0,0.0,1.0,1.0,2.0,0.0,0.0,0.0,0.0,1.0,0.0,0.0,1.0,2.0,1.0,0.0,1.0,1.0,3.0,3.0,2.0,1.0,1.0,1.0,0.0,2.0,0.0,0.0,1.0,2.0,1.0,1.0,3.0,1.0,2.0,2.0,1.0,1.0,0.0,0.0,2.0,2.0,0.0,0.0,1.0,0.0,3.0,6.0,1.0,4.0,1.0,2.0,2.0,1.0,2.0,2.0,5.0,9.0,3.0,5.0,1.0,3.0,2.0,0.0,0.0,4.0,8.0,4.0,1.0,8.0
101,25.25,0.0,0.0,0.0,0.0,0.0,0.0,0.0,0.0,0.0,0.0,0.0,0.0,0.0,0.0,0.0,0.0,0.0,0.0,0.0,0.0,0.0,0.0,0.0,0.0,0.0,0.0,0.0,0.0,0.0,0.0,0.0,0.0,0.0,0.0,0.0,0.0,0.0,0.0,0.0,0.0,0.0,0.0,0.0,0.0,0.0,0.0,0.0,0.0,0.0,0.0,0.0,0.0,0.0,0.0,0.0,0.0,0.0,0.0,0.0,0.0,0.0,0.0,0.0,0.0,0.0,0.0,1.0,1.0,0.0,0.0,1.0,0.0,0.0,0.0,0.0,0.0,0.0,0.0,0.0,0.0,0.0,0.0,1.0,0.0,0.0,0.0,0.0,0.0,0.0,0.0,0.0,0.0,0.0,0.0,0.0,0.0,0.0,0.0,0.0,0.0,0.0,0.0,0.0,0.0,0.0,1.0,2.0,3.0,0.0,0.0,0.0,4.0,0.0,0.0,0.0,0.0,1.0,2.0,0.0,1.0,0.0,0.0,0.0,1.0,0.0,1.0,0.0,1.0,2.0,0.0,0.0,0.0,0.0,0.0,1.0,1.0,1.0,0.0,1.0,0.0,1.0,0.0,0.0,2.0,1.0,1.0,0.0,0.0,0.0,1.0,0.0,1.0,1.0,2.0,1.0,0.0,1.0,1.0,2.0,2.0,3.0,1.0,1.0,0.0,1.0,2.0,1.0,0.0,0.0,2.0,0.0,0.0,2.0,1.0,2.0,4.0,0.0,1.0,1.0,0.0,1.0,2.0,0.0,0.0,1.0,1.0,2.0,6.0,1.0,2.0,2.0,1.0,1.0,1.0,2.0,1.0,6.0,7.0,3.0,3.0,1.0,3.0,2.0,0.0,1.0,4.0,8.0,4.0,2.0,7.0
102,25.5,0.0,0.0,0.0,0.0,0.0,0.0,0.0,0.0,0.0,0.0,0.0,0.0,0.0,0.0,0.0,0.0,0.0,0.0,0.0,0.0,0.0,0.0,0.0,0.0,0.0,0.0,0.0,0.0,0.0,0.0,0.0,0.0,0.0,0.0,0.0,0.0,0.0,0.0,0.0,0.0,0.0,0.0,0.0,0.0,0.0,0.0,0.0,0.0,0.0,0.0,0.0,0.0,0.0,0.0,0.0,0.0,0.0,0.0,0.0,0.0,0.0,0.0,0.0,0.0,0.0,0.0,0.0,0.0,0.0,0.0,1.0,0.0,0.0,0.0,0.0,0.0,0.0,0.0,0.0,0.0,0.0,0.0,1.0,0.0,0.0,0.0,0.0,0.0,0.0,0.0,0.0,0.0,0.0,0.0,0.0,1.0,0.0,0.0,0.0,0.0,0.0,0.0,0.0,1.0,0.0,0.0,2.0,3.0,0.0,0.0,0.0,4.0,0.0,0.0,0.0,0.0,1.0,2.0,0.0,1.0,0.0,0.0,0.0,1.0,0.0,0.0,0.0,2.0,2.0,0.0,0.0,0.0,0.0,0.0,1.0,1.0,1.0,0.0,0.0,0.0,1.0,0.0,1.0,2.0,2.0,1.0,0.0,0.0,0.0,0.0,0.0,1.0,1.0,1.0,0.0,0.0,1.0,1.0,2.0,2.0,3.0,1.0,1.0,0.0,1.0,2.0,0.0,0.0,1.0,1.0,0.0,0.0,1.0,1.0,2.0,1.0,1.0,1.0,1.0,0.0,2.0,1.0,0.0,0.0,0.0,0.0,2.0,3.0,4.0,2.0,2.0,1.0,1.0,2.0,1.0,1.0,6.0,5.0,3.0,2.0,0.0,3.0,3.0,1.0,2.0,4.0,8.0,4.0,1.0,7.0
103,25.75,0.0,0.0,0.0,0.0,0.0,0.0,0.0,0.0,0.0,0.0,0.0,0.0,0.0,0.0,0.0,0.0,0.0,0.0,0.0,0.0,0.0,0.0,0.0,0.0,0.0,0.0,0.0,0.0,0.0,0.0,0.0,0.0,0.0,0.0,0.0,0.0,0.0,0.0,0.0,0.0,0.0,0.0,0.0,0.0,0.0,0.0,0.0,0.0,0.0,0.0,0.0,0.0,0.0,0.0,0.0,0.0,0.0,0.0,0.0,0.0,0.0,0.0,0.0,0.0,0.0,0.0,1.0,0.0,0.0,0.0,0.0,0.0,0.0,0.0,0.0,0.0,0.0,0.0,0.0,0.0,1.0,0.0,1.0,0.0,0.0,0.0,0.0,0.0,0.0,0.0,0.0,0.0,0.0,0.0,0.0,1.0,0.0,0.0,0.0,0.0,0.0,0.0,0.0,0.0,0.0,0.0,2.0,3.0,0.0,0.0,0.0,1.0,1.0,0.0,0.0,0.0,0.0,0.0,0.0,0.0,0.0,0.0,0.0,1.0,0.0,0.0,0.0,1.0,2.0,0.0,0.0,0.0,0.0,0.0,2.0,1.0,1.0,0.0,1.0,0.0,1.0,1.0,0.0,2.0,2.0,1.0,0.0,0.0,0.0,0.0,0.0,0.0,0.0,0.0,0.0,0.0,1.0,1.0,1.0,2.0,2.0,1.0,1.0,0.0,0.0,2.0,2.0,1.0,1.0,1.0,0.0,0.0,1.0,1.0,2.0,2.0,0.0,1.0,1.0,0.0,2.0,0.0,0.0,0.0,0.0,1.0,2.0,2.0,4.0,7.0,1.0,1.0,3.0,3.0,2.0,1.0,6.0,5.0,2.0,2.0,0.0,1.0,3.0,1.0,2.0,3.0,3.0,1.0,2.0,7.0
104,26.0,0.0,0.0,0.0,0.0,0.0,0.0,0.0,0.0,0.0,0.0,0.0,0.0,0.0,0.0,0.0,0.0,0.0,0.0,0.0,0.0,0.0,0.0,0.0,0.0,0.0,0.0,0.0,0.0,0.0,0.0,0.0,0.0,0.0,0.0,0.0,0.0,0.0,0.0,0.0,0.0,0.0,0.0,0.0,0.0,0.0,0.0,0.0,0.0,0.0,0.0,0.0,0.0,0.0,0.0,0.0,0.0,0.0,0.0,0.0,0.0,0.0,0.0,0.0,0.0,0.0,0.0,1.0,0.0,0.0,0.0,0.0,0.0,0.0,0.0,0.0,0.0,0.0,0.0,0.0,0.0,1.0,0.0,0.0,0.0,0.0,0.0,0.0,1.0,0.0,0.0,0.0,0.0,0.0,0.0,0.0,1.0,0.0,0.0,0.0,0.0,1.0,0.0,0.0,0.0,0.0,0.0,2.0,2.0,0.0,0.0,0.0,1.0,1.0,0.0,0.0,0.0,0.0,0.0,0.0,0.0,0.0,0.0,0.0,1.0,0.0,0.0,1.0,0.0,2.0,0.0,0.0,0.0,1.0,0.0,2.0,0.0,0.0,0.0,1.0,0.0,1.0,1.0,1.0,2.0,2.0,1.0,0.0,0.0,0.0,0.0,0.0,0.0,0.0,0.0,1.0,0.0,1.0,1.0,0.0,2.0,2.0,3.0,1.0,1.0,0.0,2.0,1.0,1.0,1.0,1.0,0.0,0.0,1.0,1.0,3.0,2.0,1.0,3.0,0.0,0.0,2.0,0.0,0.0,0.0,0.0,1.0,1.0,1.0,1.0,7.0,1.0,1.0,3.0,3.0,2.0,1.0,3.0,4.0,1.0,1.0,0.0,1.0,4.0,1.0,1.0,3.0,3.0,1.0,1.0,4.0
105,26.25,0.0,0.0,0.0,0.0,0.0,0.0,0.0,0.0,0.0,0.0,0.0,0.0,0.0,0.0,0.0,0.0,0.0,0.0,0.0,0.0,0.0,0.0,0.0,0.0,0.0,0.0,0.0,0.0,0.0,0.0,0.0,0.0,0.0,0.0,0.0,0.0,0.0,0.0,0.0,0.0,0.0,0.0,0.0,0.0,0.0,0.0,0.0,0.0,0.0,0.0,0.0,0.0,0.0,0.0,0.0,0.0,0.0,0.0,0.0,0.0,0.0,0.0,0.0,0.0,0.0,0.0,1.0,0.0,0.0,0.0,0.0,0.0,0.0,0.0,0.0,0.0,0.0,0.0,0.0,1.0,1.0,0.0,0.0,0.0,0.0,0.0,0.0,1.0,0.0,0.0,0.0,0.0,0.0,0.0,0.0,1.0,0.0,0.0,0.0,0.0,1.0,0.0,0.0,0.0,0.0,0.0,1.0,1.0,0.0,0.0,0.0,1.0,1.0,0.0,0.0,0.0,0.0,0.0,0.0,0.0,0.0,0.0,0.0,0.0,0.0,1.0,1.0,0.0,2.0,0.0,0.0,0.0,1.0,0.0,1.0,1.0,0.0,0.0,1.0,0.0,1.0,2.0,1.0,2.0,3.0,1.0,0.0,0.0,0.0,1.0,0.0,0.0,0.0,0.0,1.0,0.0,0.0,1.0,0.0,1.0,2.0,3.0,1.0,1.0,0.0,2.0,2.0,0.0,0.0,1.0,0.0,0.0,1.0,1.0,3.0,2.0,1.0,1.0,0.0,0.0,1.0,0.0,0.0,0.0,0.0,1.0,1.0,1.0,1.0,3.0,1.0,1.0,2.0,2.0,2.0,2.0,2.0,4.0,1.0,1.0,1.0,1.0,5.0,0.0,1.0,2.0,3.0,2.0,0.0,4.0
106,26.5,0.0,0.0,0.0,0.0,0.0,0.0,0.0,0.0,0.0,0.0,0.0,0.0,0.0,0.0,0.0,0.0,0.0,0.0,0.0,0.0,0.0,0.0,0.0,0.0,0.0,0.0,0.0,0.0,0.0,0.0,0.0,0.0,0.0,0.0,0.0,0.0,0.0,0.0,0.0,0.0,0.0,0.0,0.0,0.0,0.0,0.0,0.0,0.0,0.0,0.0,0.0,0.0,0.0,0.0,0.0,0.0,0.0,0.0,0.0,0.0,0.0,0.0,0.0,0.0,0.0,0.0,0.0,0.0,0.0,0.0,0.0,0.0,0.0,0.0,0.0,0.0,0.0,0.0,0.0,0.0,1.0,0.0,0.0,0.0,0.0,0.0,0.0,1.0,0.0,0.0,0.0,0.0,0.0,1.0,0.0,1.0,0.0,0.0,0.0,0.0,1.0,0.0,0.0,0.0,0.0,0.0,1.0,2.0,0.0,0.0,0.0,1.0,0.0,0.0,0.0,0.0,0.0,0.0,0.0,0.0,0.0,0.0,0.0,0.0,0.0,0.0,0.0,1.0,0.0,0.0,0.0,0.0,0.0,1.0,1.0,1.0,0.0,0.0,0.0,0.0,0.0,2.0,1.0,1.0,3.0,1.0,0.0,0.0,0.0,1.0,0.0,0.0,0.0,0.0,1.0,0.0,0.0,2.0,0.0,1.0,1.0,0.0,0.0,0.0,0.0,1.0,1.0,0.0,0.0,1.0,0.0,1.0,1.0,1.0,2.0,2.0,1.0,1.0,0.0,0.0,1.0,0.0,0.0,0.0,0.0,0.0,1.0,1.0,1.0,3.0,1.0,1.0,1.0,2.0,1.0,4.0,3.0,4.0,1.0,1.0,2.0,2.0,5.0,0.0,1.0,2.0,3.0,2.0,0.0,4.0
107,26.75,0.0,0.0,0.0,0.0,0.0,0.0,0.0,0.0,0.0,0.0,0.0,0.0,0.0,0.0,0.0,0.0,0.0,0.0,0.0,0.0,0.0,0.0,0.0,0.0,0.0,0.0,0.0,0.0,0.0,0.0,0.0,0.0,0.0,0.0,0.0,0.0,0.0,0.0,0.0,0.0,0.0,0.0,0.0,0.0,0.0,0.0,0.0,0.0,0.0,0.0,0.0,0.0,0.0,0.0,0.0,0.0,0.0,0.0,0.0,0.0,0.0,0.0,0.0,0.0,0.0,0.0,0.0,0.0,0.0,0.0,0.0,0.0,0.0,0.0,0.0,0.0,0.0,0.0,0.0,0.0,0.0,0.0,0.0,0.0,0.0,0.0,0.0,0.0,0.0,0.0,0.0,0.0,1.0,0.0,0.0,1.0,0.0,0.0,0.0,0.0,1.0,0.0,0.0,0.0,0.0,0.0,0.0,1.0,0.0,0.0,0.0,1.0,0.0,0.0,0.0,0.0,0.0,0.0,0.0,0.0,0.0,0.0,0.0,0.0,0.0,1.0,0.0,2.0,0.0,0.0,0.0,0.0,0.0,1.0,0.0,1.0,0.0,0.0,0.0,0.0,0.0,2.0,1.0,0.0,1.0,0.0,0.0,0.0,0.0,1.0,0.0,0.0,0.0,0.0,1.0,0.0,0.0,1.0,1.0,1.0,1.0,0.0,0.0,0.0,0.0,1.0,0.0,0.0,0.0,1.0,0.0,1.0,1.0,1.0,1.0,2.0,1.0,1.0,1.0,1.0,2.0,0.0,0.0,0.0,0.0,0.0,2.0,1.0,1.0,2.0,1.0,1.0,1.0,2.0,1.0,4.0,2.0,4.0,1.0,2.0,2.0,2.0,1.0,0.0,0.0,3.0,2.0,2.0,1.0,4.0
108,27.0,0.0,0.0,0.0,0.0,0.0,0.0,0.0,0.0,0.0,0.0,0.0,0.0,0.0,0.0,0.0,0.0,0.0,0.0,0.0,0.0,0.0,0.0,0.0,0.0,0.0,0.0,0.0,0.0,0.0,0.0,0.0,0.0,0.0,0.0,0.0,0.0,0.0,0.0,0.0,0.0,0.0,0.0,0.0,0.0,0.0,0.0,0.0,0.0,0.0,0.0,0.0,0.0,0.0,0.0,0.0,0.0,0.0,0.0,0.0,0.0,0.0,0.0,0.0,0.0,0.0,0.0,0.0,0.0,0.0,0.0,0.0,0.0,0.0,0.0,0.0,0.0,0.0,0.0,0.0,0.0,1.0,0.0,0.0,0.0,0.0,0.0,0.0,0.0,0.0,0.0,0.0,0.0,1.0,0.0,0.0,1.0,0.0,0.0,0.0,0.0,1.0,0.0,0.0,1.0,0.0,0.0,0.0,1.0,0.0,0.0,0.0,1.0,0.0,0.0,0.0,0.0,0.0,0.0,0.0,0.0,1.0,0.0,0.0,0.0,0.0,0.0,0.0,2.0,0.0,0.0,0.0,0.0,0.0,0.0,1.0,1.0,0.0,0.0,0.0,1.0,0.0,2.0,1.0,0.0,1.0,0.0,0.0,0.0,0.0,0.0,0.0,0.0,0.0,0.0,1.0,0.0,0.0,2.0,1.0,1.0,1.0,1.0,0.0,0.0,0.0,1.0,0.0,0.0,1.0,0.0,0.0,1.0,1.0,2.0,1.0,1.0,0.0,1.0,1.0,1.0,2.0,0.0,0.0,0.0,0.0,0.0,1.0,1.0,1.0,2.0,1.0,1.0,1.0,2.0,1.0,2.0,2.0,4.0,2.0,1.0,2.0,3.0,1.0,1.0,0.0,4.0,1.0,2.0,1.0,4.0
109,27.25,0.0,0.0,0.0,0.0,0.0,0.0,0.0,0.0,0.0,0.0,0.0,0.0,0.0,0.0,0.0,0.0,0.0,0.0,0.0,0.0,0.0,0.0,0.0,0.0,0.0,0.0,0.0,0.0,0.0,0.0,0.0,0.0,0.0,0.0,0.0,0.0,0.0,0.0,0.0,0.0,0.0,0.0,0.0,0.0,0.0,0.0,0.0,0.0,0.0,0.0,0.0,0.0,0.0,0.0,0.0,0.0,0.0,0.0,0.0,0.0,0.0,0.0,0.0,0.0,0.0,0.0,1.0,0.0,0.0,0.0,0.0,0.0,0.0,0.0,0.0,0.0,0.0,0.0,0.0,0.0,0.0,0.0,0.0,0.0,0.0,0.0,0.0,0.0,0.0,0.0,0.0,0.0,0.0,0.0,0.0,1.0,0.0,0.0,0.0,1.0,0.0,0.0,0.0,1.0,0.0,0.0,0.0,1.0,0.0,0.0,0.0,1.0,1.0,0.0,0.0,0.0,0.0,0.0,0.0,0.0,0.0,0.0,0.0,0.0,0.0,0.0,1.0,2.0,0.0,0.0,0.0,0.0,0.0,0.0,1.0,1.0,0.0,0.0,0.0,0.0,1.0,1.0,0.0,0.0,5.0,0.0,0.0,0.0,0.0,0.0,0.0,0.0,0.0,0.0,1.0,0.0,0.0,0.0,1.0,2.0,2.0,1.0,0.0,0.0,0.0,1.0,0.0,0.0,1.0,0.0,0.0,1.0,1.0,2.0,2.0,2.0,0.0,1.0,1.0,1.0,2.0,0.0,0.0,0.0,0.0,0.0,1.0,1.0,3.0,2.0,0.0,1.0,1.0,1.0,1.0,1.0,2.0,5.0,2.0,2.0,2.0,3.0,1.0,1.0,1.0,4.0,2.0,1.0,1.0,4.0
110,27.5,0.0,0.0,0.0,0.0,0.0,0.0,0.0,0.0,0.0,0.0,0.0,0.0,0.0,0.0,0.0,0.0,0.0,0.0,0.0,0.0,0.0,0.0,0.0,0.0,0.0,0.0,0.0,0.0,0.0,0.0,0.0,0.0,0.0,0.0,0.0,0.0,0.0,0.0,0.0,0.0,0.0,0.0,0.0,0.0,0.0,0.0,0.0,0.0,0.0,0.0,0.0,0.0,0.0,0.0,0.0,0.0,0.0,0.0,0.0,0.0,0.0,0.0,0.0,0.0,0.0,0.0,1.0,0.0,0.0,0.0,0.0,0.0,0.0,1.0,0.0,0.0,0.0,0.0,0.0,0.0,0.0,0.0,2.0,0.0,0.0,0.0,0.0,0.0,0.0,0.0,0.0,0.0,0.0,0.0,0.0,0.0,0.0,0.0,0.0,1.0,0.0,0.0,0.0,1.0,0.0,0.0,2.0,2.0,0.0,0.0,0.0,2.0,1.0,0.0,0.0,0.0,0.0,1.0,1.0,0.0,0.0,0.0,0.0,1.0,0.0,0.0,0.0,2.0,0.0,0.0,0.0,0.0,0.0,1.0,1.0,1.0,0.0,0.0,0.0,0.0,1.0,0.0,1.0,3.0,5.0,0.0,0.0,0.0,0.0,0.0,0.0,0.0,0.0,2.0,1.0,1.0,0.0,0.0,1.0,1.0,2.0,1.0,0.0,0.0,0.0,0.0,0.0,0.0,1.0,0.0,1.0,0.0,1.0,2.0,2.0,2.0,2.0,1.0,1.0,1.0,2.0,1.0,0.0,0.0,0.0,1.0,1.0,1.0,3.0,1.0,0.0,2.0,2.0,1.0,1.0,1.0,3.0,5.0,3.0,1.0,0.0,3.0,1.0,0.0,1.0,4.0,3.0,1.0,1.0,4.0
111,27.75,0.0,0.0,0.0,0.0,0.0,0.0,0.0,0.0,0.0,0.0,0.0,0.0,0.0,0.0,0.0,0.0,0.0,0.0,0.0,0.0,0.0,0.0,0.0,0.0,0.0,0.0,0.0,0.0,0.0,0.0,0.0,0.0,0.0,0.0,0.0,0.0,0.0,0.0,0.0,0.0,0.0,0.0,0.0,0.0,0.0,0.0,0.0,0.0,0.0,0.0,0.0,0.0,0.0,0.0,0.0,0.0,0.0,0.0,0.0,0.0,0.0,0.0,0.0,0.0,0.0,0.0,1.0,0.0,0.0,0.0,0.0,0.0,0.0,0.0,0.0,0.0,0.0,0.0,0.0,0.0,0.0,0.0,2.0,0.0,0.0,0.0,0.0,0.0,0.0,0.0,0.0,0.0,0.0,1.0,1.0,0.0,0.0,0.0,0.0,0.0,0.0,0.0,0.0,1.0,0.0,1.0,2.0,2.0,0.0,0.0,0.0,2.0,1.0,0.0,0.0,0.0,0.0,1.0,1.0,0.0,0.0,0.0,0.0,0.0,0.0,0.0,1.0,0.0,0.0,0.0,0.0,0.0,0.0,2.0,1.0,0.0,0.0,0.0,0.0,0.0,0.0,1.0,1.0,3.0,2.0,0.0,0.0,0.0,0.0,0.0,0.0,0.0,0.0,2.0,1.0,1.0,0.0,0.0,3.0,3.0,2.0,1.0,1.0,0.0,0.0,0.0,0.0,0.0,1.0,1.0,1.0,1.0,1.0,1.0,2.0,2.0,2.0,4.0,1.0,0.0,2.0,1.0,0.0,0.0,0.0,0.0,2.0,1.0,3.0,6.0,1.0,2.0,2.0,1.0,0.0,1.0,3.0,5.0,3.0,1.0,0.0,5.0,2.0,0.0,1.0,4.0,5.0,4.0,1.0,12.0
112,28.0,0.0,0.0,0.0,0.0,0.0,0.0,0.0,0.0,0.0,0.0,0.0,0.0,0.0,0.0,0.0,0.0,0.0,0.0,0.0,0.0,0.0,0.0,0.0,0.0,0.0,0.0,0.0,0.0,0.0,0.0,0.0,0.0,0.0,0.0,0.0,1.0,0.0,0.0,0.0,0.0,0.0,0.0,0.0,0.0,0.0,0.0,0.0,0.0,0.0,0.0,0.0,0.0,0.0,0.0,0.0,0.0,0.0,0.0,0.0,0.0,0.0,0.0,0.0,0.0,0.0,0.0,1.0,0.0,0.0,0.0,0.0,0.0,0.0,0.0,0.0,0.0,0.0,0.0,0.0,0.0,0.0,1.0,2.0,0.0,1.0,0.0,0.0,0.0,0.0,0.0,0.0,0.0,0.0,0.0,1.0,1.0,0.0,0.0,0.0,0.0,0.0,0.0,0.0,2.0,0.0,1.0,2.0,3.0,0.0,0.0,0.0,2.0,1.0,0.0,0.0,0.0,0.0,1.0,0.0,0.0,0.0,0.0,0.0,0.0,0.0,0.0,1.0,4.0,0.0,1.0,0.0,0.0,1.0,2.0,1.0,0.0,1.0,0.0,0.0,0.0,0.0,5.0,2.0,3.0,2.0,0.0,1.0,0.0,0.0,1.0,0.0,0.0,1.0,2.0,1.0,0.0,0.0,1.0,2.0,2.0,2.0,1.0,2.0,1.0,0.0,1.0,0.0,0.0,0.0,1.0,1.0,0.0,1.0,1.0,2.0,3.0,2.0,4.0,1.0,1.0,3.0,1.0,0.0,0.0,2.0,2.0,3.0,1.0,3.0,7.0,2.0,2.0,2.0,2.0,1.0,1.0,3.0,7.0,3.0,1.0,0.0,5.0,2.0,1.0,0.0,4.0,3.0,4.0,1.0,12.0
113,28.25,0.0,0.0,0.0,0.0,0.0,0.0,0.0,0.0,0.0,0.0,0.0,0.0,0.0,0.0,0.0,0.0,0.0,0.0,0.0,1.0,0.0,0.0,0.0,0.0,0.0,0.0,0.0,0.0,0.0,0.0,0.0,0.0,0.0,0.0,0.0,1.0,0.0,0.0,0.0,0.0,0.0,0.0,0.0,0.0,0.0,0.0,0.0,0.0,0.0,0.0,0.0,0.0,0.0,0.0,0.0,0.0,0.0,0.0,0.0,0.0,0.0,0.0,0.0,0.0,0.0,0.0,1.0,0.0,0.0,0.0,0.0,0.0,0.0,0.0,0.0,0.0,0.0,0.0,0.0,2.0,0.0,1.0,2.0,0.0,1.0,1.0,0.0,0.0,0.0,0.0,1.0,0.0,1.0,0.0,2.0,1.0,0.0,0.0,0.0,0.0,2.0,0.0,0.0,4.0,0.0,0.0,2.0,3.0,1.0,0.0,0.0,2.0,1.0,0.0,0.0,0.0,0.0,2.0,0.0,0.0,1.0,0.0,1.0,0.0,0.0,0.0,2.0,3.0,0.0,1.0,0.0,0.0,1.0,2.0,1.0,0.0,1.0,0.0,0.0,0.0,1.0,5.0,5.0,4.0,6.0,0.0,1.0,0.0,0.0,2.0,0.0,0.0,2.0,1.0,4.0,0.0,1.0,1.0,3.0,4.0,3.0,4.0,2.0,1.0,0.0,1.0,0.0,0.0,0.0,0.0,2.0,0.0,0.0,1.0,3.0,2.0,2.0,4.0,1.0,1.0,3.0,1.0,0.0,1.0,2.0,2.0,3.0,0.0,3.0,7.0,2.0,2.0,2.0,2.0,1.0,1.0,5.0,7.0,6.0,1.0,0.0,8.0,2.0,1.0,0.0,4.0,5.0,1.0,1.0,16.0
114,28.5,0.0,0.0,0.0,0.0,0.0,0.0,0.0,0.0,0.0,0.0,0.0,0.0,0.0,1.0,0.0,0.0,0.0,0.0,0.0,1.0,0.0,0.0,0.0,0.0,0.0,0.0,0.0,0.0,0.0,0.0,0.0,0.0,0.0,0.0,0.0,1.0,0.0,0.0,0.0,0.0,0.0,0.0,0.0,0.0,0.0,0.0,0.0,0.0,0.0,0.0,0.0,0.0,0.0,0.0,0.0,0.0,0.0,0.0,0.0,0.0,0.0,0.0,0.0,0.0,0.0,0.0,1.0,0.0,0.0,0.0,0.0,0.0,0.0,0.0,0.0,0.0,0.0,0.0,0.0,2.0,4.0,1.0,1.0,0.0,0.0,1.0,0.0,0.0,0.0,0.0,1.0,1.0,1.0,0.0,0.0,1.0,0.0,1.0,0.0,0.0,2.0,1.0,0.0,4.0,0.0,0.0,2.0,8.0,1.0,0.0,0.0,8.0,1.0,0.0,0.0,0.0,1.0,2.0,2.0,1.0,1.0,0.0,2.0,1.0,0.0,0.0,2.0,3.0,1.0,1.0,0.0,0.0,1.0,2.0,1.0,1.0,1.0,0.0,0.0,0.0,1.0,7.0,5.0,8.0,7.0,0.0,4.0,2.0,0.0,2.0,0.0,0.0,2.0,0.0,4.0,0.0,1.0,3.0,2.0,3.0,6.0,6.0,2.0,1.0,0.0,4.0,0.0,0.0,1.0,0.0,3.0,0.0,0.0,3.0,3.0,2.0,2.0,6.0,1.0,2.0,4.0,2.0,0.0,1.0,2.0,2.0,3.0,1.0,4.0,7.0,2.0,2.0,2.0,3.0,1.0,1.0,5.0,11.0,6.0,3.0,0.0,8.0,4.0,1.0,1.0,6.0,4.0,1.0,1.0,16.0
115,28.75,1.0,0.0,0.0,0.0,0.0,0.0,0.0,0.0,0.0,0.0,0.0,0.0,0.0,1.0,0.0,0.0,0.0,0.0,0.0,1.0,0.0,0.0,0.0,0.0,0.0,0.0,0.0,0.0,0.0,0.0,0.0,0.0,0.0,0.0,0.0,0.0,1.0,0.0,0.0,0.0,0.0,0.0,0.0,0.0,0.0,0.0,0.0,0.0,0.0,0.0,0.0,0.0,0.0,0.0,0.0,0.0,0.0,0.0,0.0,0.0,0.0,0.0,0.0,0.0,0.0,0.0,4.0,0.0,0.0,0.0,0.0,0.0,0.0,0.0,0.0,0.0,0.0,0.0,0.0,2.0,4.0,1.0,1.0,0.0,0.0,1.0,0.0,0.0,0.0,0.0,1.0,1.0,1.0,1.0,1.0,1.0,0.0,1.0,0.0,0.0,2.0,1.0,0.0,4.0,0.0,0.0,2.0,8.0,1.0,1.0,0.0,8.0,0.0,0.0,0.0,0.0,1.0,4.0,2.0,1.0,1.0,0.0,2.0,1.0,1.0,2.0,2.0,3.0,3.0,1.0,0.0,0.0,1.0,3.0,1.0,2.0,3.0,0.0,1.0,0.0,1.0,5.0,2.0,8.0,9.0,0.0,4.0,2.0,0.0,2.0,0.0,0.0,3.0,0.0,4.0,0.0,1.0,4.0,2.0,3.0,7.0,6.0,2.0,1.0,0.0,5.0,0.0,1.0,1.0,2.0,3.0,1.0,2.0,4.0,4.0,2.0,2.0,8.0,1.0,3.0,4.0,2.0,0.0,1.0,1.0,1.0,4.0,1.0,4.0,6.0,2.0,3.0,2.0,4.0,3.0,2.0,5.0,15.0,8.0,3.0,4.0,8.0,5.0,1.0,1.0,6.0,8.0,5.0,0.0,16.0
116,29.0,1.0,0.0,0.0,0.0,0.0,0.0,0.0,0.0,0.0,0.0,0.0,0.0,0.0,0.0,0.0,0.0,0.0,0.0,0.0,1.0,0.0,0.0,0.0,0.0,0.0,0.0,0.0,0.0,0.0,0.0,0.0,0.0,0.0,0.0,0.0,1.0,2.0,0.0,0.0,0.0,0.0,1.0,0.0,0.0,0.0,0.0,0.0,1.0,0.0,0.0,0.0,0.0,0.0,1.0,0.0,0.0,0.0,0.0,0.0,0.0,0.0,0.0,0.0,0.0,0.0,1.0,3.0,1.0,0.0,0.0,0.0,0.0,0.0,0.0,0.0,0.0,0.0,1.0,0.0,3.0,5.0,2.0,1.0,0.0,1.0,0.0,0.0,1.0,0.0,0.0,1.0,1.0,2.0,2.0,0.0,2.0,0.0,1.0,2.0,0.0,3.0,1.0,1.0,2.0,0.0,2.0,2.0,9.0,2.0,2.0,0.0,9.0,2.0,0.0,0.0,0.0,2.0,4.0,3.0,1.0,1.0,0.0,1.0,3.0,2.0,2.0,5.0,3.0,3.0,2.0,0.0,0.0,1.0,3.0,6.0,4.0,5.0,2.0,5.0,0.0,1.0,7.0,2.0,7.0,9.0,2.0,5.0,3.0,1.0,2.0,0.0,0.0,5.0,0.0,4.0,0.0,2.0,3.0,2.0,3.0,6.0,6.0,2.0,2.0,1.0,5.0,1.0,2.0,3.0,3.0,2.0,2.0,3.0,3.0,4.0,6.0,2.0,8.0,1.0,2.0,4.0,5.0,0.0,0.0,1.0,1.0,5.0,1.0,5.0,6.0,2.0,3.0,3.0,4.0,3.0,3.0,7.0,19.0,8.0,4.0,4.0,6.0,5.0,1.0,1.0,10.0,8.0,5.0,1.0,14.0
117,29.25,1.0,0.0,0.0,0.0,0.0,1.0,0.0,0.0,0.0,0.0,0.0,0.0,0.0,0.0,0.0,0.0,0.0,0.0,0.0,1.0,0.0,0.0,1.0,0.0,0.0,0.0,0.0,0.0,0.0,0.0,0.0,0.0,0.0,0.0,0.0,0.0,1.0,0.0,0.0,0.0,0.0,0.0,0.0,0.0,0.0,0.0,0.0,1.0,0.0,0.0,0.0,0.0,0.0,1.0,0.0,0.0,0.0,0.0,0.0,0.0,0.0,0.0,0.0,0.0,0.0,1.0,8.0,1.0,0.0,0.0,1.0,0.0,0.0,3.0,1.0,0.0,0.0,1.0,0.0,4.0,5.0,1.0,1.0,0.0,2.0,1.0,0.0,1.0,0.0,0.0,1.0,2.0,5.0,2.0,1.0,0.0,0.0,0.0,2.0,1.0,7.0,1.0,0.0,4.0,1.0,1.0,8.0,9.0,3.0,2.0,0.0,14.0,2.0,0.0,0.0,0.0,2.0,4.0,5.0,1.0,4.0,0.0,1.0,3.0,3.0,2.0,6.0,6.0,4.0,2.0,0.0,0.0,2.0,3.0,6.0,5.0,5.0,2.0,5.0,1.0,2.0,7.0,2.0,7.0,9.0,2.0,6.0,4.0,1.0,3.0,0.0,0.0,7.0,2.0,4.0,1.0,2.0,1.0,2.0,4.0,7.0,6.0,2.0,3.0,3.0,8.0,4.0,4.0,3.0,6.0,2.0,3.0,4.0,3.0,4.0,8.0,2.0,8.0,7.0,3.0,7.0,6.0,0.0,0.0,1.0,1.0,8.0,7.0,5.0,11.0,3.0,3.0,4.0,5.0,3.0,5.0,9.0,23.0,9.0,9.0,4.0,6.0,5.0,1.0,2.0,10.0,19.0,8.0,1.0,16.0
118,29.5,0.0,0.0,0.0,0.0,0.0,1.0,0.0,0.0,0.0,0.0,0.0,0.0,0.0,0.0,0.0,0.0,0.0,0.0,0.0,1.0,1.0,0.0,2.0,1.0,0.0,0.0,0.0,0.0,0.0,0.0,2.0,0.0,0.0,1.0,0.0,0.0,1.0,1.0,0.0,1.0,3.0,0.0,0.0,0.0,0.0,0.0,0.0,1.0,0.0,0.0,0.0,0.0,0.0,2.0,0.0,0.0,0.0,0.0,0.0,0.0,0.0,0.0,1.0,0.0,0.0,3.0,12.0,2.0,0.0,0.0,1.0,0.0,1.0,3.0,0.0,2.0,0.0,1.0,0.0,7.0,5.0,2.0,3.0,0.0,2.0,1.0,1.0,1.0,0.0,0.0,1.0,2.0,5.0,1.0,4.0,2.0,1.0,0.0,3.0,1.0,8.0,1.0,1.0,4.0,2.0,4.0,11.0,9.0,3.0,2.0,2.0,14.0,8.0,0.0,0.0,0.0,3.0,6.0,7.0,1.0,4.0,0.0,6.0,4.0,5.0,1.0,7.0,6.0,6.0,5.0,0.0,0.0,5.0,10.0,7.0,4.0,5.0,2.0,10.0,5.0,3.0,8.0,7.0,9.0,12.0,2.0,7.0,4.0,0.0,3.0,2.0,0.0,7.0,2.0,4.0,4.0,2.0,1.0,6.0,8.0,7.0,9.0,6.0,6.0,4.0,13.0,8.0,5.0,5.0,6.0,6.0,3.0,5.0,3.0,4.0,12.0,8.0,8.0,7.0,5.0,9.0,6.0,1.0,1.0,1.0,4.0,8.0,10.0,5.0,17.0,7.0,5.0,8.0,11.0,8.0,6.0,21.0,37.0,11.0,13.0,6.0,15.0,7.0,1.0,3.0,23.0,23.0,13.0,2.0,29.0
119,29.75,0.0,0.0,0.0,0.0,0.0,1.0,0.0,0.0,1.0,1.0,0.0,0.0,0.0,0.0,1.0,0.0,0.0,0.0,0.0,2.0,1.0,0.0,2.0,0.0,0.0,0.0,0.0,0.0,0.0,0.0,0.0,0.0,0.0,1.0,0.0,0.0,1.0,1.0,0.0,1.0,3.0,0.0,0.0,0.0,2.0,0.0,0.0,2.0,0.0,0.0,0.0,1.0,0.0,2.0,0.0,0.0,0.0,0.0,0.0,0.0,0.0,0.0,1.0,0.0,0.0,3.0,12.0,1.0,0.0,0.0,2.0,0.0,1.0,3.0,1.0,3.0,0.0,0.0,0.0,7.0,8.0,3.0,5.0,1.0,2.0,1.0,1.0,3.0,0.0,4.0,1.0,2.0,5.0,1.0,6.0,3.0,1.0,0.0,2.0,1.0,8.0,0.0,1.0,6.0,3.0,6.0,12.0,9.0,1.0,2.0,2.0,13.0,13.0,0.0,0.0,0.0,3.0,10.0,7.0,2.0,4.0,0.0,6.0,5.0,5.0,1.0,8.0,6.0,8.0,5.0,0.0,0.0,5.0,10.0,11.0,5.0,5.0,2.0,10.0,5.0,3.0,9.0,7.0,12.0,12.0,5.0,9.0,2.0,0.0,4.0,3.0,0.0,8.0,6.0,4.0,4.0,4.0,8.0,6.0,12.0,7.0,12.0,6.0,6.0,3.0,15.0,9.0,5.0,5.0,8.0,7.0,3.0,6.0,7.0,7.0,12.0,10.0,12.0,7.0,5.0,17.0,11.0,2.0,1.0,6.0,7.0,7.0,10.0,5.0,18.0,7.0,9.0,9.0,13.0,11.0,6.0,21.0,42.0,9.0,16.0,8.0,16.0,16.0,3.0,4.0,24.0,27.0,14.0,2.0,38.0
120,30.0,0.0,0.0,0.0,0.0,0.0,1.0,0.0,0.0,2.0,1.0,0.0,0.0,1.0,0.0,0.0,0.0,1.0,0.0,0.0,5.0,2.0,0.0,2.0,1.0,0.0,1.0,0.0,0.0,0.0,0.0,1.0,0.0,0.0,1.0,0.0,1.0,2.0,1.0,1.0,1.0,3.0,2.0,0.0,1.0,2.0,0.0,0.0,2.0,0.0,0.0,0.0,1.0,0.0,4.0,0.0,0.0,0.0,0.0,0.0,0.0,0.0,0.0,0.0,0.0,0.0,3.0,12.0,2.0,0.0,0.0,2.0,0.0,1.0,3.0,1.0,4.0,1.0,1.0,1.0,8.0,9.0,3.0,8.0,2.0,1.0,2.0,1.0,3.0,2.0,7.0,2.0,3.0,6.0,3.0,6.0,3.0,0.0,0.0,2.0,0.0,7.0,1.0,2.0,6.0,3.0,7.0,12.0,11.0,1.0,3.0,2.0,7.0,13.0,1.0,0.0,0.0,4.0,9.0,7.0,6.0,5.0,1.0,5.0,5.0,2.0,1.0,9.0,8.0,11.0,5.0,0.0,0.0,5.0,15.0,11.0,5.0,6.0,2.0,11.0,5.0,5.0,10.0,6.0,12.0,16.0,7.0,9.0,2.0,2.0,12.0,4.0,2.0,14.0,8.0,8.0,5.0,5.0,8.0,6.0,15.0,7.0,16.0,6.0,5.0,2.0,16.0,9.0,5.0,6.0,8.0,9.0,2.0,6.0,9.0,7.0,10.0,9.0,18.0,6.0,5.0,17.0,8.0,3.0,1.0,7.0,6.0,7.0,10.0,5.0,18.0,7.0,9.0,11.0,14.0,12.0,7.0,26.0,51.0,17.0,16.0,8.0,16.0,17.0,5.0,4.0,24.0,27.0,20.0,5.0,46.0
121,30.25,0.0,0.0,0.0,0.0,0.0,1.0,0.0,0.0,2.0,2.0,0.0,0.0,1.0,0.0,1.0,0.0,1.0,0.0,0.0,5.0,5.0,0.0,1.0,0.0,0.0,2.0,0.0,0.0,0.0,1.0,1.0,1.0,0.0,1.0,0.0,1.0,2.0,0.0,0.0,2.0,3.0,2.0,0.0,0.0,2.0,0.0,0.0,2.0,0.0,0.0,1.0,2.0,0.0,5.0,0.0,0.0,1.0,1.0,0.0,0.0,0.0,0.0,0.0,0.0,1.0,4.0,28.0,2.0,3.0,1.0,2.0,0.0,0.0,5.0,3.0,4.0,2.0,4.0,1.0,13.0,9.0,5.0,7.0,2.0,2.0,2.0,1.0,4.0,3.0,7.0,4.0,3.0,8.0,4.0,9.0,4.0,0.0,0.0,2.0,2.0,7.0,1.0,2.0,6.0,2.0,9.0,12.0,11.0,2.0,3.0,3.0,7.0,16.0,1.0,0.0,0.0,4.0,10.0,11.0,10.0,5.0,2.0,5.0,7.0,2.0,1.0,9.0,11.0,12.0,5.0,0.0,1.0,8.0,20.0,11.0,5.0,6.0,6.0,11.0,6.0,4.0,12.0,6.0,18.0,17.0,9.0,9.0,5.0,2.0,13.0,3.0,2.0,15.0,9.0,9.0,4.0,6.0,8.0,6.0,15.0,11.0,16.0,9.0,5.0,2.0,21.0,11.0,6.0,9.0,8.0,12.0,7.0,10.0,10.0,14.0,10.0,10.0,24.0,6.0,12.0,22.0,12.0,3.0,2.0,6.0,9.0,15.0,13.0,7.0,18.0,8.0,9.0,20.0,15.0,13.0,12.0,28.0,65.0,17.0,17.0,8.0,19.0,16.0,5.0,4.0,35.0,28.0,29.0,9.0,46.0
122,30.5,0.0,0.0,0.0,0.0,0.0,0.0,1.0,0.0,2.0,4.0,0.0,0.0,1.0,0.0,0.0,2.0,1.0,0.0,0.0,5.0,5.0,1.0,1.0,1.0,0.0,2.0,0.0,0.0,0.0,2.0,1.0,1.0,1.0,1.0,0.0,1.0,3.0,1.0,1.0,3.0,4.0,1.0,0.0,0.0,2.0,1.0,0.0,2.0,0.0,0.0,1.0,2.0,0.0,6.0,0.0,2.0,2.0,1.0,1.0,2.0,0.0,0.0,0.0,0.0,1.0,3.0,34.0,2.0,3.0,1.0,2.0,0.0,1.0,8.0,4.0,4.0,2.0,4.0,4.0,13.0,13.0,6.0,8.0,2.0,4.0,4.0,1.0,5.0,5.0,7.0,6.0,7.0,13.0,10.0,11.0,4.0,1.0,1.0,5.0,1.0,12.0,3.0,2.0,8.0,2.0,11.0,12.0,23.0,4.0,9.0,4.0,8.0,17.0,4.0,0.0,1.0,6.0,15.0,11.0,11.0,8.0,3.0,9.0,8.0,5.0,4.0,11.0,26.0,16.0,13.0,0.0,2.0,9.0,20.0,16.0,9.0,10.0,6.0,15.0,11.0,8.0,17.0,12.0,23.0,25.0,11.0,11.0,8.0,1.0,13.0,4.0,2.0,19.0,11.0,10.0,7.0,6.0,11.0,11.0,23.0,15.0,23.0,13.0,7.0,7.0,22.0,19.0,8.0,15.0,8.0,13.0,8.0,10.0,14.0,15.0,25.0,15.0,30.0,9.0,12.0,25.0,14.0,4.0,3.0,7.0,9.0,15.0,19.0,8.0,18.0,21.0,11.0,23.0,20.0,19.0,15.0,39.0,88.0,27.0,20.0,13.0,22.0,20.0,8.0,7.0,46.0,42.0,29.0,9.0,36.0
123,30.75,0.0,1.0,0.0,1.0,0.0,0.0,1.0,0.0,2.0,4.0,0.0,0.0,1.0,1.0,1.0,2.0,2.0,0.0,0.0,7.0,5.0,2.0,3.0,2.0,1.0,2.0,0.0,0.0,0.0,3.0,2.0,1.0,1.0,1.0,2.0,2.0,3.0,1.0,1.0,6.0,5.0,1.0,0.0,0.0,5.0,1.0,0.0,3.0,1.0,0.0,1.0,2.0,3.0,8.0,0.0,2.0,3.0,1.0,1.0,2.0,1.0,1.0,0.0,0.0,0.0,3.0,35.0,2.0,7.0,1.0,2.0,0.0,1.0,9.0,5.0,7.0,1.0,4.0,4.0,16.0,35.0,9.0,14.0,3.0,25.0,5.0,2.0,11.0,6.0,8.0,6.0,8.0,23.0,18.0,14.0,4.0,1.0,0.0,5.0,3.0,12.0,3.0,2.0,9.0,3.0,15.0,22.0,30.0,8.0,9.0,5.0,10.0,65.0,4.0,0.0,1.0,9.0,21.0,13.0,10.0,9.0,3.0,17.0,15.0,5.0,4.0,14.0,32.0,16.0,17.0,1.0,2.0,9.0,22.0,20.0,13.0,17.0,11.0,19.0,15.0,9.0,19.0,13.0,28.0,43.0,31.0,21.0,11.0,1.0,13.0,7.0,2.0,21.0,9.0,17.0,7.0,12.0,12.0,14.0,23.0,17.0,30.0,30.0,17.0,8.0,24.0,27.0,14.0,15.0,21.0,23.0,8.0,13.0,14.0,17.0,59.0,33.0,37.0,15.0,15.0,27.0,15.0,7.0,4.0,8.0,10.0,15.0,19.0,14.0,33.0,21.0,16.0,25.0,25.0,19.0,15.0,39.0,113.0,27.0,20.0,15.0,22.0,19.0,12.0,13.0,56.0,42.0,29.0,10.0,36.0
124,31.0,2.0,1.0,0.0,0.0,1.0,0.0,1.0,0.0,2.0,4.0,0.0,1.0,2.0,2.0,1.0,2.0,2.0,0.0,0.0,8.0,6.0,2.0,6.0,2.0,1.0,1.0,0.0,0.0,1.0,3.0,6.0,2.0,1.0,1.0,2.0,2.0,7.0,1.0,1.0,10.0,14.0,2.0,0.0,4.0,5.0,1.0,0.0,2.0,1.0,0.0,1.0,1.0,3.0,14.0,0.0,1.0,4.0,1.0,1.0,6.0,1.0,2.0,0.0,0.0,0.0,3.0,38.0,8.0,7.0,1.0,4.0,1.0,1.0,12.0,6.0,7.0,1.0,4.0,7.0,16.0,86.0,10.0,19.0,7.0,33.0,13.0,3.0,17.0,7.0,12.0,6.0,11.0,25.0,18.0,20.0,6.0,1.0,1.0,3.0,3.0,16.0,4.0,6.0,11.0,5.0,16.0,24.0,41.0,8.0,8.0,10.0,12.0,114.0,5.0,0.0,1.0,8.0,25.0,17.0,11.0,10.0,3.0,17.0,15.0,6.0,4.0,18.0,34.0,18.0,19.0,2.0,2.0,10.0,22.0,20.0,16.0,17.0,11.0,25.0,16.0,12.0,21.0,13.0,29.0,71.0,36.0,21.0,14.0,4.0,18.0,13.0,5.0,28.0,13.0,17.0,13.0,12.0,14.0,19.0,28.0,23.0,35.0,56.0,27.0,12.0,34.0,27.0,19.0,24.0,21.0,25.0,7.0,17.0,15.0,24.0,68.0,33.0,79.0,19.0,17.0,28.0,18.0,9.0,5.0,10.0,12.0,22.0,23.0,23.0,38.0,24.0,18.0,28.0,25.0,19.0,15.0,39.0,125.0,23.0,25.0,15.0,26.0,22.0,18.0,19.0,58.0,51.0,40.0,11.0,37.0
125,31.25,4.0,1.0,1.0,1.0,1.0,0.0,3.0,0.0,7.0,4.0,0.0,1.0,2.0,2.0,2.0,2.0,2.0,1.0,0.0,8.0,17.0,3.0,9.0,2.0,1.0,1.0,0.0,0.0,1.0,3.0,10.0,2.0,1.0,1.0,3.0,3.0,7.0,1.0,1.0,6.0,14.0,5.0,1.0,4.0,31.0,1.0,0.0,2.0,1.0,0.0,4.0,1.0,3.0,19.0,0.0,1.0,5.0,3.0,1.0,8.0,3.0,1.0,1.0,0.0,0.0,9.0,44.0,30.0,7.0,1.0,5.0,1.0,2.0,16.0,9.0,6.0,2.0,4.0,7.0,16.0,86.0,14.0,22.0,9.0,90.0,15.0,5.0,23.0,10.0,12.0,17.0,12.0,29.0,18.0,21.0,9.0,1.0,0.0,3.0,6.0,18.0,5.0,6.0,16.0,8.0,16.0,24.0,38.0,8.0,8.0,14.0,19.0,114.0,5.0,0.0,1.0,9.0,32.0,21.0,12.0,11.0,3.0,17.0,15.0,9.0,6.0,26.0,39.0,18.0,19.0,2.0,3.0,13.0,46.0,30.0,19.0,21.0,11.0,30.0,16.0,17.0,28.0,14.0,31.0,71.0,36.0,26.0,17.0,4.0,22.0,13.0,5.0,32.0,15.0,17.0,13.0,16.0,19.0,27.0,23.0,23.0,32.0,56.0,76.0,19.0,48.0,31.0,21.0,25.0,21.0,32.0,7.0,29.0,15.0,24.0,68.0,33.0,79.0,39.0,26.0,51.0,35.0,9.0,5.0,17.0,23.0,24.0,24.0,25.0,38.0,24.0,42.0,35.0,64.0,40.0,15.0,53.0,129.0,23.0,30.0,34.0,36.0,22.0,23.0,19.0,58.0,63.0,41.0,12.0,46.0
126,31.5,4.0,1.0,1.0,1.0,1.0,1.0,2.0,0.0,7.0,9.0,0.0,0.0,2.0,2.0,3.0,2.0,4.0,0.0,0.0,19.0,33.0,3.0,9.0,2.0,1.0,1.0,1.0,0.0,1.0,3.0,10.0,3.0,3.0,5.0,3.0,1.0,6.0,1.0,2.0,4.0,8.0,5.0,1.0,7.0,31.0,2.0,1.0,1.0,0.0,0.0,4.0,1.0,3.0,19.0,0.0,3.0,4.0,3.0,0.0,10.0,3.0,1.0,0.0,1.0,0.0,9.0,56.0,30.0,7.0,1.0,7.0,3.0,2.0,23.0,13.0,6.0,2.0,6.0,7.0,20.0,61.0,11.0,22.0,10.0,90.0,13.0,5.0,23.0,16.0,16.0,44.0,22.0,25.0,15.0,22.0,9.0,0.0,1.0,5.0,8.0,19.0,6.0,13.0,16.0,9.0,31.0,30.0,42.0,8.0,14.0,17.0,28.0,49.0,5.0,1.0,2.0,17.0,33.0,21.0,15.0,17.0,5.0,26.0,18.0,15.0,11.0,35.0,42.0,19.0,35.0,2.0,3.0,14.0,50.0,34.0,24.0,26.0,12.0,39.0,16.0,17.0,28.0,25.0,54.0,66.0,40.0,21.0,21.0,5.0,22.0,13.0,7.0,36.0,17.0,32.0,10.0,17.0,20.0,27.0,30.0,27.0,33.0,55.0,76.0,19.0,56.0,35.0,25.0,35.0,34.0,34.0,13.0,29.0,21.0,24.0,68.0,32.0,78.0,39.0,27.0,51.0,35.0,13.0,5.0,21.0,26.0,28.0,26.0,40.0,38.0,24.0,42.0,38.0,64.0,44.0,33.0,96.0,156.0,35.0,32.0,34.0,44.0,23.0,21.0,23.0,62.0,95.0,43.0,16.0,52.0
127,31.75,4.0,1.0,2.0,1.0,1.0,1.0,2.0,0.0,6.0,9.0,1.0,0.0,2.0,3.0,3.0,1.0,4.0,0.0,0.0,19.0,67.0,6.0,8.0,3.0,1.0,0.0,2.0,0.0,1.0,2.0,10.0,3.0,3.0,5.0,3.0,1.0,6.0,1.0,1.0,4.0,8.0,5.0,2.0,7.0,30.0,1.0,0.0,1.0,0.0,0.0,1.0,1.0,1.0,22.0,0.0,4.0,4.0,3.0,0.0,8.0,3.0,1.0,1.0,1.0,1.0,9.0,56.0,10.0,8.0,1.0,8.0,2.0,5.0,26.0,13.0,3.0,1.0,6.0,4.0,20.0,38.0,18.0,25.0,9.0,90.0,12.0,4.0,16.0,16.0,24.0,125.0,22.0,24.0,7.0,22.0,7.0,1.0,0.0,7.0,12.0,23.0,9.0,5.0,19.0,12.0,31.0,31.0,46.0,30.0,14.0,17.0,28.0,48.0,5.0,2.0,2.0,24.0,34.0,24.0,15.0,17.0,5.0,27.0,21.0,15.0,11.0,35.0,47.0,19.0,35.0,2.0,5.0,15.0,50.0,34.0,26.0,26.0,15.0,39.0,14.0,16.0,23.0,25.0,54.0,56.0,40.0,21.0,17.0,4.0,22.0,13.0,5.0,38.0,27.0,32.0,10.0,17.0,19.0,15.0,29.0,27.0,32.0,55.0,68.0,15.0,82.0,38.0,27.0,35.0,42.0,48.0,13.0,22.0,21.0,16.0,56.0,32.0,51.0,31.0,26.0,49.0,37.0,13.0,7.0,22.0,27.0,31.0,26.0,40.0,38.0,13.0,37.0,45.0,53.0,45.0,39.0,96.0,161.0,44.0,35.0,28.0,44.0,31.0,21.0,43.0,71.0,108.0,60.0,19.0,52.0
128,32.0,3.0,0.0,1.0,0.0,1.0,0.0,1.0,0.0,5.0,7.0,1.0,1.0,1.0,3.0,2.0,1.0,3.0,0.0,0.0,15.0,67.0,6.0,6.0,3.0,1.0,0.0,2.0,0.0,0.0,3.0,10.0,3.0,0.0,2.0,1.0,1.0,6.0,1.0,1.0,4.0,8.0,5.0,2.0,6.0,15.0,1.0,0.0,3.0,0.0,0.0,1.0,1.0,0.0,18.0,0.0,3.0,3.0,4.0,0.0,6.0,1.0,1.0,1.0,1.0,1.0,5.0,49.0,9.0,8.0,3.0,9.0,2.0,9.0,26.0,10.0,6.0,1.0,4.0,1.0,19.0,32.0,20.0,81.0,10.0,31.0,8.0,4.0,16.0,15.0,24.0,125.0,16.0,19.0,7.0,19.0,6.0,0.0,1.0,8.0,16.0,23.0,9.0,9.0,19.0,12.0,31.0,31.0,46.0,30.0,14.0,10.0,22.0,38.0,4.0,2.0,2.0,17.0,34.0,24.0,14.0,15.0,8.0,26.0,18.0,12.0,11.0,24.0,47.0,15.0,12.0,1.0,5.0,15.0,39.0,34.0,26.0,26.0,15.0,35.0,14.0,12.0,17.0,18.0,47.0,56.0,22.0,19.0,11.0,4.0,25.0,14.0,11.0,38.0,38.0,32.0,10.0,15.0,23.0,15.0,29.0,25.0,25.0,24.0,32.0,11.0,82.0,37.0,29.0,35.0,43.0,49.0,10.0,18.0,15.0,16.0,29.0,22.0,43.0,17.0,26.0,49.0,37.0,31.0,11.0,21.0,28.0,35.0,20.0,32.0,42.0,13.0,24.0,60.0,53.0,46.0,42.0,79.0,166.0,45.0,35.0,28.0,38.0,31.0,18.0,47.0,107.0,115.0,60.0,19.0,50.0
129,32.25,1.0,0.0,2.0,0.0,2.0,0.0,1.0,0.0,5.0,4.0,0.0,1.0,0.0,3.0,0.0,1.0,0.0,0.0,0.0,9.0,23.0,4.0,8.0,3.0,1.0,0.0,2.0,0.0,0.0,5.0,10.0,3.0,0.0,2.0,0.0,0.0,2.0,1.0,1.0,4.0,13.0,7.0,2.0,3.0,10.0,1.0,0.0,3.0,0.0,0.0,1.0,1.0,0.0,19.0,0.0,2.0,4.0,4.0,0.0,3.0,1.0,0.0,1.0,1.0,0.0,5.0,26.0,10.0,8.0,3.0,8.0,2.0,9.0,24.0,7.0,6.0,1.0,4.0,1.0,13.0,19.0,20.0,81.0,11.0,21.0,12.0,4.0,26.0,15.0,22.0,35.0,16.0,19.0,7.0,19.0,6.0,0.0,1.0,7.0,16.0,21.0,6.0,7.0,21.0,11.0,29.0,26.0,44.0,18.0,10.0,10.0,14.0,33.0,4.0,2.0,1.0,20.0,34.0,24.0,13.0,13.0,8.0,21.0,24.0,10.0,6.0,24.0,37.0,13.0,11.0,1.0,3.0,14.0,33.0,36.0,17.0,20.0,13.0,31.0,14.0,10.0,17.0,16.0,30.0,27.0,17.0,17.0,11.0,2.0,20.0,15.0,9.0,32.0,38.0,26.0,11.0,15.0,23.0,15.0,28.0,24.0,21.0,22.0,31.0,9.0,59.0,40.0,34.0,41.0,50.0,49.0,10.0,18.0,13.0,16.0,28.0,21.0,35.0,14.0,22.0,64.0,39.0,35.0,13.0,22.0,32.0,35.0,20.0,28.0,44.0,16.0,24.0,60.0,52.0,58.0,42.0,77.0,166.0,45.0,32.0,24.0,32.0,23.0,16.0,47.0,122.0,115.0,54.0,19.0,38.0
130,32.5,0.0,1.0,2.0,0.0,2.0,1.0,0.0,0.0,5.0,4.0,0.0,0.0,0.0,1.0,0.0,1.0,0.0,0.0,0.0,9.0,10.0,4.0,6.0,3.0,1.0,0.0,3.0,0.0,0.0,5.0,10.0,2.0,3.0,2.0,1.0,0.0,2.0,1.0,1.0,4.0,13.0,5.0,1.0,1.0,8.0,1.0,0.0,2.0,0.0,0.0,1.0,1.0,0.0,19.0,0.0,1.0,6.0,4.0,0.0,2.0,2.0,0.0,0.0,1.0,0.0,5.0,26.0,10.0,7.0,2.0,10.0,1.0,4.0,19.0,6.0,6.0,1.0,4.0,5.0,13.0,12.0,16.0,51.0,11.0,21.0,16.0,5.0,26.0,10.0,21.0,21.0,11.0,17.0,10.0,19.0,6.0,0.0,1.0,7.0,10.0,16.0,6.0,9.0,20.0,7.0,40.0,26.0,39.0,15.0,10.0,9.0,14.0,32.0,2.0,1.0,1.0,20.0,34.0,19.0,10.0,13.0,6.0,21.0,18.0,10.0,4.0,22.0,37.0,13.0,7.0,1.0,0.0,14.0,26.0,36.0,17.0,28.0,10.0,35.0,14.0,12.0,17.0,14.0,22.0,27.0,11.0,13.0,14.0,2.0,24.0,15.0,9.0,32.0,38.0,26.0,8.0,15.0,23.0,15.0,28.0,21.0,18.0,16.0,31.0,9.0,59.0,37.0,34.0,41.0,71.0,35.0,10.0,22.0,9.0,18.0,25.0,19.0,32.0,17.0,22.0,64.0,40.0,35.0,14.0,20.0,32.0,29.0,20.0,28.0,44.0,16.0,24.0,58.0,43.0,58.0,35.0,77.0,165.0,39.0,25.0,22.0,32.0,23.0,16.0,32.0,122.0,101.0,35.0,16.0,38.0
131,32.75,1.0,1.0,2.0,0.0,1.0,1.0,1.0,0.0,5.0,5.0,0.0,0.0,0.0,0.0,0.0,1.0,0.0,0.0,1.0,10.0,9.0,4.0,6.0,3.0,1.0,0.0,1.0,0.0,0.0,6.0,6.0,1.0,3.0,2.0,1.0,0.0,3.0,0.0,0.0,2.0,7.0,5.0,1.0,1.0,7.0,1.0,1.0,2.0,1.0,0.0,1.0,1.0,0.0,21.0,0.0,1.0,7.0,6.0,0.0,2.0,2.0,0.0,0.0,1.0,0.0,5.0,27.0,10.0,5.0,0.0,13.0,1.0,2.0,18.0,6.0,6.0,1.0,4.0,5.0,12.0,12.0,16.0,28.0,8.0,21.0,34.0,5.0,26.0,10.0,19.0,12.0,10.0,18.0,10.0,24.0,5.0,0.0,1.0,2.0,10.0,21.0,6.0,7.0,20.0,6.0,34.0,26.0,36.0,9.0,9.0,6.0,15.0,32.0,2.0,1.0,1.0,20.0,34.0,12.0,10.0,13.0,5.0,17.0,15.0,9.0,4.0,18.0,34.0,18.0,11.0,1.0,1.0,14.0,24.0,32.0,17.0,27.0,10.0,31.0,11.0,10.0,18.0,14.0,22.0,23.0,10.0,13.0,14.0,2.0,24.0,10.0,8.0,27.0,32.0,26.0,9.0,13.0,25.0,14.0,28.0,14.0,14.0,16.0,29.0,7.0,56.0,40.0,34.0,41.0,71.0,31.0,10.0,24.0,10.0,15.0,22.0,19.0,32.0,18.0,22.0,47.0,40.0,16.0,13.0,20.0,19.0,25.0,18.0,21.0,39.0,17.0,17.0,46.0,43.0,41.0,32.0,67.0,111.0,39.0,25.0,20.0,32.0,18.0,16.0,23.0,74.0,96.0,35.0,16.0,38.0
132,33.0,1.0,1.0,1.0,0.0,1.0,1.0,0.0,0.0,3.0,5.0,0.0,0.0,1.0,1.0,2.0,1.0,0.0,0.0,0.0,10.0,9.0,1.0,6.0,2.0,1.0,2.0,2.0,0.0,0.0,4.0,6.0,1.0,1.0,4.0,1.0,0.0,3.0,1.0,0.0,2.0,7.0,5.0,1.0,2.0,6.0,2.0,0.0,1.0,0.0,0.0,1.0,1.0,1.0,21.0,0.0,2.0,6.0,6.0,1.0,2.0,1.0,0.0,0.0,1.0,0.0,4.0,28.0,9.0,5.0,0.0,13.0,0.0,2.0,15.0,6.0,5.0,1.0,4.0,5.0,10.0,13.0,16.0,27.0,5.0,14.0,34.0,5.0,19.0,5.0,16.0,12.0,8.0,14.0,11.0,24.0,2.0,0.0,1.0,2.0,10.0,23.0,9.0,5.0,14.0,7.0,34.0,25.0,33.0,6.0,10.0,6.0,16.0,28.0,1.0,0.0,1.0,14.0,36.0,19.0,10.0,16.0,5.0,19.0,13.0,8.0,4.0,18.0,31.0,18.0,7.0,0.0,1.0,14.0,26.0,30.0,15.0,27.0,10.0,23.0,11.0,10.0,18.0,12.0,18.0,25.0,10.0,13.0,14.0,2.0,24.0,10.0,8.0,23.0,17.0,23.0,8.0,10.0,19.0,13.0,31.0,21.0,18.0,16.0,21.0,6.0,44.0,35.0,32.0,41.0,30.0,26.0,10.0,22.0,10.0,15.0,20.0,14.0,28.0,18.0,21.0,38.0,34.0,16.0,9.0,20.0,17.0,18.0,11.0,21.0,39.0,16.0,17.0,34.0,33.0,35.0,28.0,55.0,101.0,34.0,25.0,19.0,25.0,21.0,14.0,23.0,71.0,99.0,39.0,16.0,34.0
133,33.25,1.0,1.0,0.0,0.0,1.0,0.0,1.0,0.0,3.0,3.0,0.0,1.0,2.0,1.0,2.0,1.0,0.0,1.0,1.0,7.0,9.0,1.0,3.0,1.0,0.0,2.0,0.0,0.0,1.0,1.0,5.0,2.0,1.0,4.0,0.0,0.0,3.0,0.0,1.0,3.0,7.0,5.0,1.0,3.0,4.0,2.0,1.0,1.0,1.0,0.0,1.0,0.0,1.0,12.0,0.0,2.0,6.0,5.0,1.0,1.0,1.0,0.0,0.0,0.0,0.0,4.0,27.0,8.0,5.0,0.0,6.0,0.0,3.0,13.0,6.0,5.0,1.0,4.0,3.0,11.0,13.0,12.0,17.0,4.0,14.0,11.0,5.0,15.0,4.0,16.0,14.0,7.0,10.0,9.0,21.0,2.0,0.0,1.0,2.0,11.0,23.0,6.0,5.0,14.0,6.0,19.0,21.0,33.0,6.0,11.0,6.0,16.0,28.0,2.0,0.0,2.0,14.0,38.0,15.0,10.0,16.0,4.0,19.0,10.0,9.0,7.0,18.0,31.0,8.0,7.0,0.0,1.0,12.0,22.0,26.0,15.0,27.0,10.0,23.0,11.0,9.0,18.0,14.0,18.0,25.0,13.0,15.0,10.0,2.0,16.0,11.0,8.0,21.0,14.0,25.0,8.0,10.0,19.0,12.0,31.0,14.0,14.0,21.0,18.0,6.0,43.0,35.0,28.0,32.0,29.0,24.0,6.0,22.0,10.0,15.0,20.0,14.0,33.0,18.0,14.0,37.0,25.0,16.0,8.0,20.0,11.0,18.0,10.0,20.0,39.0,15.0,19.0,34.0,33.0,30.0,27.0,55.0,92.0,37.0,23.0,16.0,27.0,21.0,12.0,23.0,71.0,99.0,39.0,18.0,32.0
134,33.5,1.0,0.0,0.0,0.0,1.0,0.0,1.0,0.0,2.0,3.0,1.0,1.0,2.0,1.0,0.0,1.0,1.0,1.0,1.0,5.0,7.0,1.0,2.0,1.0,0.0,2.0,1.0,0.0,1.0,1.0,3.0,2.0,1.0,2.0,0.0,0.0,4.0,1.0,2.0,5.0,7.0,5.0,1.0,3.0,5.0,1.0,0.0,0.0,1.0,0.0,0.0,0.0,1.0,12.0,0.0,1.0,6.0,3.0,0.0,0.0,2.0,0.0,0.0,0.0,0.0,4.0,25.0,8.0,5.0,0.0,6.0,0.0,3.0,13.0,6.0,4.0,1.0,3.0,3.0,11.0,12.0,8.0,17.0,4.0,16.0,11.0,5.0,11.0,4.0,15.0,14.0,6.0,9.0,6.0,18.0,2.0,0.0,0.0,3.0,11.0,15.0,7.0,4.0,14.0,6.0,16.0,20.0,33.0,6.0,11.0,4.0,15.0,28.0,2.0,0.0,2.0,15.0,38.0,15.0,10.0,16.0,6.0,19.0,10.0,10.0,7.0,17.0,33.0,8.0,7.0,0.0,2.0,10.0,26.0,20.0,15.0,17.0,10.0,23.0,11.0,9.0,15.0,14.0,16.0,25.0,13.0,16.0,10.0,2.0,16.0,11.0,10.0,21.0,13.0,25.0,8.0,17.0,17.0,9.0,30.0,22.0,17.0,14.0,18.0,6.0,43.0,28.0,23.0,31.0,24.0,21.0,6.0,21.0,9.0,13.0,20.0,17.0,30.0,17.0,20.0,37.0,25.0,13.0,7.0,16.0,16.0,21.0,10.0,13.0,32.0,15.0,19.0,34.0,29.0,22.0,27.0,66.0,91.0,34.0,23.0,13.0,27.0,21.0,12.0,23.0,71.0,99.0,39.0,17.0,32.0
135,33.75,0.0,0.0,0.0,0.0,1.0,0.0,1.0,0.0,2.0,3.0,1.0,1.0,1.0,3.0,0.0,1.0,1.0,0.0,1.0,6.0,5.0,1.0,2.0,1.0,0.0,1.0,0.0,0.0,0.0,1.0,3.0,2.0,1.0,0.0,0.0,0.0,4.0,0.0,2.0,5.0,6.0,5.0,2.0,3.0,5.0,1.0,0.0,1.0,1.0,0.0,0.0,0.0,1.0,13.0,0.0,1.0,9.0,3.0,0.0,0.0,2.0,0.0,0.0,0.0,0.0,3.0,25.0,9.0,4.0,1.0,3.0,0.0,3.0,12.0,6.0,3.0,1.0,3.0,3.0,11.0,10.0,8.0,18.0,4.0,16.0,11.0,5.0,13.0,6.0,13.0,8.0,5.0,9.0,6.0,14.0,6.0,0.0,0.0,3.0,11.0,15.0,6.0,5.0,14.0,4.0,16.0,20.0,42.0,7.0,10.0,3.0,14.0,28.0,2.0,0.0,1.0,15.0,34.0,13.0,8.0,13.0,5.0,20.0,14.0,11.0,6.0,19.0,35.0,15.0,8.0,0.0,2.0,4.0,20.0,20.0,6.0,18.0,8.0,24.0,12.0,9.0,15.0,14.0,17.0,25.0,12.0,16.0,7.0,1.0,18.0,11.0,10.0,21.0,12.0,25.0,8.0,17.0,19.0,9.0,25.0,21.0,15.0,14.0,25.0,12.0,43.0,27.0,23.0,32.0,24.0,24.0,6.0,21.0,9.0,12.0,22.0,17.0,34.0,17.0,14.0,37.0,21.0,11.0,6.0,16.0,15.0,21.0,15.0,13.0,32.0,12.0,14.0,37.0,29.0,22.0,19.0,66.0,91.0,37.0,19.0,11.0,34.0,15.0,10.0,16.0,66.0,90.0,35.0,17.0,32.0
136,34.0,1.0,0.0,0.0,0.0,0.0,0.0,1.0,1.0,0.0,3.0,1.0,2.0,1.0,1.0,0.0,0.0,2.0,0.0,0.0,5.0,5.0,1.0,2.0,1.0,0.0,1.0,0.0,0.0,0.0,2.0,5.0,2.0,0.0,0.0,0.0,1.0,2.0,1.0,0.0,5.0,6.0,2.0,2.0,3.0,5.0,1.0,0.0,3.0,1.0,0.0,1.0,0.0,1.0,15.0,0.0,3.0,9.0,4.0,1.0,1.0,1.0,0.0,1.0,0.0,0.0,2.0,23.0,9.0,5.0,1.0,3.0,0.0,1.0,13.0,4.0,3.0,0.0,3.0,2.0,11.0,10.0,8.0,18.0,4.0,15.0,12.0,5.0,13.0,6.0,13.0,8.0,6.0,10.0,11.0,14.0,7.0,1.0,0.0,2.0,5.0,15.0,3.0,5.0,11.0,4.0,16.0,19.0,42.0,7.0,9.0,4.0,14.0,22.0,2.0,0.0,1.0,14.0,34.0,13.0,8.0,11.0,5.0,20.0,17.0,12.0,4.0,17.0,44.0,15.0,9.0,0.0,2.0,4.0,20.0,19.0,6.0,16.0,8.0,20.0,12.0,11.0,15.0,14.0,17.0,20.0,10.0,17.0,11.0,1.0,18.0,12.0,11.0,21.0,12.0,28.0,8.0,10.0,25.0,9.0,30.0,21.0,15.0,14.0,25.0,12.0,35.0,28.0,23.0,32.0,24.0,22.0,9.0,21.0,12.0,11.0,22.0,14.0,30.0,11.0,19.0,37.0,25.0,10.0,4.0,18.0,15.0,17.0,15.0,13.0,27.0,16.0,14.0,39.0,23.0,22.0,17.0,57.0,85.0,23.0,17.0,11.0,34.0,15.0,8.0,16.0,58.0,87.0,35.0,17.0,40.0
137,34.25,2.0,0.0,0.0,0.0,0.0,0.0,0.0,0.0,0.0,3.0,0.0,0.0,1.0,1.0,1.0,0.0,2.0,0.0,0.0,6.0,5.0,1.0,2.0,1.0,0.0,1.0,0.0,0.0,0.0,2.0,5.0,2.0,0.0,1.0,0.0,0.0,2.0,0.0,0.0,1.0,7.0,2.0,2.0,3.0,8.0,0.0,0.0,3.0,0.0,0.0,1.0,0.0,1.0,18.0,0.0,5.0,2.0,4.0,1.0,2.0,1.0,0.0,1.0,1.0,0.0,2.0,25.0,7.0,5.0,1.0,3.0,0.0,2.0,12.0,4.0,3.0,0.0,1.0,2.0,11.0,13.0,11.0,20.0,3.0,15.0,13.0,5.0,13.0,6.0,15.0,13.0,4.0,10.0,13.0,23.0,7.0,1.0,0.0,2.0,5.0,10.0,3.0,10.0,13.0,5.0,17.0,13.0,30.0,7.0,9.0,4.0,16.0,22.0,2.0,1.0,0.0,13.0,39.0,13.0,8.0,11.0,5.0,22.0,15.0,12.0,4.0,16.0,45.0,15.0,8.0,0.0,1.0,9.0,19.0,19.0,9.0,16.0,8.0,22.0,12.0,11.0,10.0,14.0,17.0,20.0,10.0,19.0,7.0,1.0,14.0,13.0,10.0,21.0,9.0,22.0,10.0,10.0,29.0,16.0,26.0,20.0,15.0,10.0,24.0,8.0,35.0,33.0,29.0,33.0,21.0,22.0,11.0,22.0,14.0,11.0,22.0,13.0,24.0,11.0,11.0,37.0,32.0,11.0,6.0,18.0,15.0,15.0,17.0,15.0,33.0,18.0,14.0,39.0,23.0,23.0,17.0,55.0,85.0,32.0,17.0,11.0,34.0,24.0,8.0,11.0,58.0,74.0,38.0,16.0,32.0
138,34.5,2.0,0.0,0.0,0.0,0.0,0.0,0.0,1.0,2.0,4.0,0.0,1.0,1.0,1.0,1.0,0.0,2.0,0.0,0.0,7.0,7.0,1.0,2.0,1.0,0.0,2.0,0.0,0.0,1.0,2.0,6.0,1.0,3.0,1.0,1.0,0.0,2.0,1.0,0.0,1.0,7.0,3.0,1.0,3.0,4.0,1.0,1.0,1.0,0.0,0.0,1.0,1.0,0.0,19.0,0.0,5.0,2.0,1.0,0.0,2.0,1.0,0.0,1.0,0.0,0.0,3.0,30.0,6.0,5.0,1.0,3.0,0.0,2.0,13.0,3.0,6.0,0.0,3.0,2.0,10.0,14.0,11.0,15.0,3.0,16.0,13.0,4.0,16.0,6.0,15.0,13.0,7.0,11.0,11.0,23.0,7.0,0.0,0.0,2.0,10.0,10.0,6.0,10.0,11.0,5.0,18.0,15.0,30.0,6.0,9.0,4.0,16.0,26.0,2.0,0.0,1.0,14.0,43.0,10.0,7.0,15.0,2.0,24.0,15.0,11.0,4.0,16.0,47.0,16.0,6.0,0.0,1.0,10.0,19.0,19.0,9.0,16.0,8.0,22.0,12.0,15.0,10.0,13.0,21.0,20.0,8.0,19.0,10.0,1.0,13.0,17.0,10.0,21.0,12.0,25.0,11.0,8.0,29.0,17.0,28.0,20.0,17.0,12.0,24.0,8.0,36.0,38.0,29.0,33.0,21.0,18.0,11.0,22.0,14.0,13.0,22.0,12.0,24.0,15.0,9.0,37.0,35.0,11.0,7.0,18.0,12.0,17.0,16.0,13.0,27.0,18.0,17.0,28.0,22.0,24.0,24.0,55.0,85.0,25.0,21.0,12.0,43.0,25.0,8.0,13.0,58.0,74.0,40.0,17.0,39.0
139,34.75,2.0,0.0,0.0,1.0,0.0,0.0,0.0,0.0,6.0,4.0,0.0,0.0,1.0,0.0,1.0,0.0,0.0,0.0,0.0,9.0,7.0,1.0,2.0,1.0,0.0,1.0,0.0,0.0,1.0,2.0,6.0,0.0,3.0,1.0,1.0,0.0,2.0,0.0,0.0,1.0,7.0,3.0,1.0,5.0,3.0,0.0,1.0,0.0,0.0,0.0,0.0,1.0,0.0,19.0,0.0,4.0,2.0,1.0,0.0,2.0,0.0,0.0,1.0,0.0,0.0,3.0,31.0,6.0,5.0,1.0,4.0,0.0,2.0,12.0,4.0,6.0,0.0,3.0,2.0,10.0,13.0,8.0,20.0,3.0,25.0,9.0,3.0,23.0,8.0,14.0,13.0,10.0,11.0,11.0,26.0,7.0,0.0,1.0,3.0,10.0,11.0,6.0,6.0,11.0,5.0,17.0,15.0,36.0,6.0,9.0,4.0,15.0,26.0,1.0,1.0,0.0,14.0,46.0,10.0,7.0,15.0,8.0,24.0,15.0,11.0,6.0,16.0,48.0,16.0,4.0,0.0,1.0,10.0,19.0,22.0,9.0,21.0,10.0,23.0,10.0,15.0,16.0,13.0,22.0,21.0,11.0,19.0,9.0,1.0,13.0,17.0,10.0,24.0,12.0,25.0,12.0,18.0,29.0,17.0,28.0,18.0,18.0,10.0,26.0,8.0,47.0,34.0,29.0,35.0,24.0,18.0,9.0,22.0,14.0,13.0,24.0,12.0,35.0,15.0,9.0,43.0,32.0,11.0,8.0,17.0,21.0,18.0,18.0,15.0,33.0,19.0,17.0,28.0,22.0,24.0,24.0,55.0,93.0,32.0,21.0,15.0,45.0,25.0,9.0,13.0,55.0,95.0,41.0,16.0,38.0
140,35.0,2.0,0.0,0.0,0.0,0.0,0.0,0.0,0.0,4.0,7.0,0.0,0.0,0.0,1.0,0.0,0.0,0.0,0.0,0.0,12.0,9.0,1.0,2.0,1.0,0.0,1.0,0.0,0.0,1.0,3.0,5.0,1.0,1.0,2.0,0.0,1.0,2.0,0.0,0.0,2.0,12.0,3.0,2.0,5.0,2.0,0.0,1.0,1.0,1.0,0.0,1.0,1.0,0.0,22.0,0.0,1.0,3.0,1.0,2.0,2.0,0.0,1.0,0.0,0.0,0.0,2.0,44.0,8.0,5.0,0.0,4.0,0.0,2.0,15.0,5.0,6.0,0.0,3.0,4.0,10.0,12.0,7.0,23.0,3.0,29.0,9.0,3.0,23.0,8.0,14.0,12.0,10.0,12.0,6.0,23.0,7.0,0.0,1.0,3.0,10.0,11.0,4.0,6.0,11.0,2.0,18.0,15.0,49.0,7.0,7.0,4.0,15.0,27.0,2.0,1.0,1.0,16.0,52.0,10.0,8.0,15.0,7.0,26.0,12.0,12.0,10.0,16.0,49.0,16.0,4.0,0.0,1.0,8.0,28.0,22.0,16.0,21.0,10.0,26.0,10.0,9.0,16.0,13.0,24.0,27.0,13.0,20.0,9.0,1.0,13.0,18.0,9.0,25.0,13.0,26.0,13.0,19.0,31.0,17.0,28.0,19.0,20.0,12.0,26.0,4.0,48.0,34.0,29.0,35.0,24.0,27.0,9.0,20.0,14.0,14.0,24.0,16.0,36.0,15.0,10.0,46.0,36.0,11.0,11.0,20.0,14.0,23.0,16.0,15.0,40.0,19.0,17.0,39.0,22.0,23.0,19.0,56.0,94.0,34.0,21.0,15.0,58.0,22.0,11.0,13.0,50.0,111.0,48.0,14.0,39.0
141,35.25,1.0,0.0,0.0,1.0,0.0,0.0,0.0,0.0,4.0,7.0,0.0,0.0,1.0,0.0,0.0,1.0,1.0,0.0,1.0,11.0,7.0,1.0,2.0,1.0,0.0,1.0,1.0,0.0,1.0,3.0,5.0,1.0,1.0,2.0,0.0,1.0,2.0,0.0,0.0,2.0,12.0,5.0,2.0,5.0,3.0,0.0,1.0,1.0,2.0,0.0,1.0,0.0,0.0,13.0,0.0,1.0,3.0,2.0,2.0,2.0,0.0,1.0,0.0,0.0,0.0,2.0,44.0,8.0,5.0,0.0,6.0,2.0,2.0,16.0,5.0,6.0,1.0,3.0,4.0,10.0,12.0,8.0,26.0,4.0,36.0,10.0,3.0,23.0,10.0,16.0,10.0,11.0,12.0,6.0,24.0,7.0,1.0,2.0,3.0,11.0,13.0,2.0,4.0,15.0,3.0,20.0,20.0,44.0,7.0,7.0,4.0,18.0,27.0,2.0,1.0,1.0,24.0,54.0,10.0,11.0,14.0,7.0,31.0,17.0,12.0,10.0,14.0,52.0,18.0,8.0,0.0,1.0,8.0,28.0,17.0,16.0,21.0,11.0,26.0,14.0,9.0,13.0,10.0,24.0,21.0,17.0,24.0,9.0,2.0,17.0,20.0,9.0,32.0,15.0,31.0,13.0,19.0,31.0,17.0,33.0,19.0,22.0,21.0,25.0,4.0,48.0,34.0,29.0,35.0,27.0,27.0,9.0,20.0,14.0,14.0,21.0,18.0,38.0,13.0,12.0,47.0,36.0,12.0,8.0,20.0,15.0,23.0,17.0,15.0,45.0,17.0,18.0,40.0,26.0,23.0,14.0,65.0,95.0,34.0,16.0,13.0,58.0,22.0,11.0,13.0,55.0,111.0,41.0,14.0,39.0
142,35.5,1.0,0.0,0.0,0.0,0.0,0.0,0.0,1.0,4.0,6.0,0.0,0.0,1.0,1.0,0.0,0.0,1.0,0.0,1.0,11.0,8.0,2.0,4.0,1.0,1.0,1.0,1.0,0.0,1.0,3.0,7.0,1.0,1.0,1.0,0.0,1.0,2.0,0.0,0.0,4.0,10.0,6.0,2.0,3.0,6.0,0.0,1.0,1.0,1.0,0.0,1.0,1.0,0.0,22.0,0.0,3.0,3.0,2.0,2.0,2.0,0.0,1.0,0.0,0.0,0.0,2.0,42.0,12.0,4.0,0.0,6.0,2.0,1.0,16.0,5.0,5.0,1.0,4.0,3.0,10.0,15.0,9.0,32.0,4.0,36.0,10.0,4.0,23.0,10.0,21.0,10.0,11.0,12.0,10.0,24.0,5.0,1.0,3.0,3.0,11.0,15.0,4.0,6.0,15.0,3.0,28.0,22.0,49.0,7.0,7.0,4.0,21.0,30.0,2.0,1.0,1.0,24.0,56.0,10.0,11.0,17.0,5.0,36.0,15.0,14.0,8.0,14.0,52.0,18.0,11.0,0.0,1.0,8.0,23.0,17.0,12.0,29.0,15.0,26.0,14.0,9.0,13.0,10.0,26.0,32.0,17.0,24.0,8.0,2.0,23.0,18.0,9.0,32.0,21.0,26.0,13.0,16.0,31.0,19.0,37.0,20.0,23.0,21.0,25.0,4.0,48.0,33.0,33.0,35.0,27.0,27.0,13.0,31.0,16.0,17.0,21.0,16.0,39.0,13.0,20.0,47.0,36.0,12.0,11.0,28.0,14.0,24.0,17.0,13.0,41.0,16.0,20.0,40.0,29.0,27.0,12.0,65.0,95.0,38.0,16.0,13.0,56.0,22.0,10.0,13.0,62.0,94.0,49.0,15.0,47.0
143,35.75,1.0,0.0,1.0,1.0,0.0,0.0,0.0,1.0,4.0,5.0,0.0,1.0,1.0,0.0,1.0,1.0,1.0,0.0,0.0,11.0,8.0,2.0,5.0,1.0,1.0,1.0,1.0,0.0,0.0,2.0,7.0,1.0,2.0,1.0,0.0,1.0,2.0,0.0,0.0,2.0,9.0,6.0,1.0,3.0,9.0,1.0,0.0,2.0,1.0,0.0,0.0,0.0,1.0,22.0,0.0,5.0,1.0,2.0,1.0,3.0,1.0,1.0,0.0,0.0,0.0,3.0,41.0,14.0,4.0,0.0,7.0,2.0,3.0,13.0,7.0,5.0,1.0,5.0,3.0,10.0,22.0,10.0,32.0,4.0,28.0,10.0,4.0,23.0,6.0,20.0,11.0,11.0,10.0,10.0,27.0,5.0,1.0,3.0,4.0,11.0,15.0,4.0,6.0,15.0,5.0,20.0,23.0,44.0,7.0,8.0,4.0,18.0,30.0,2.0,0.0,1.0,23.0,58.0,12.0,11.0,19.0,5.0,39.0,17.0,18.0,6.0,18.0,66.0,18.0,11.0,1.0,1.0,10.0,23.0,20.0,12.0,29.0,12.0,25.0,14.0,14.0,16.0,10.0,26.0,32.0,16.0,20.0,10.0,2.0,23.0,11.0,11.0,32.0,21.0,33.0,14.0,15.0,30.0,17.0,37.0,23.0,23.0,17.0,25.0,7.0,52.0,35.0,37.0,30.0,22.0,26.0,13.0,31.0,20.0,17.0,21.0,18.0,39.0,12.0,19.0,54.0,36.0,12.0,7.0,28.0,15.0,29.0,19.0,13.0,51.0,17.0,21.0,44.0,33.0,31.0,14.0,65.0,94.0,40.0,21.0,20.0,56.0,23.0,10.0,17.0,67.0,94.0,49.0,16.0,39.0
144,36.0,1.0,0.0,1.0,1.0,0.0,0.0,0.0,0.0,3.0,5.0,0.0,1.0,1.0,0.0,1.0,1.0,0.0,1.0,0.0,10.0,8.0,2.0,5.0,1.0,1.0,1.0,1.0,0.0,0.0,1.0,7.0,2.0,5.0,1.0,0.0,1.0,4.0,0.0,0.0,6.0,9.0,7.0,1.0,3.0,9.0,1.0,0.0,2.0,1.0,0.0,0.0,0.0,1.0,22.0,0.0,5.0,1.0,2.0,1.0,3.0,1.0,0.0,0.0,0.0,0.0,4.0,35.0,14.0,4.0,0.0,8.0,1.0,1.0,13.0,8.0,5.0,0.0,7.0,6.0,10.0,22.0,11.0,23.0,4.0,22.0,10.0,3.0,22.0,6.0,20.0,11.0,10.0,10.0,5.0,28.0,5.0,0.0,3.0,3.0,12.0,15.0,5.0,9.0,17.0,5.0,30.0,23.0,42.0,7.0,8.0,3.0,17.0,30.0,2.0,0.0,1.0,22.0,59.0,15.0,8.0,19.0,7.0,44.0,16.0,18.0,5.0,18.0,67.0,27.0,11.0,1.0,1.0,8.0,27.0,20.0,18.0,32.0,12.0,33.0,14.0,20.0,18.0,13.0,24.0,32.0,16.0,20.0,8.0,2.0,21.0,11.0,9.0,37.0,19.0,35.0,14.0,14.0,31.0,17.0,44.0,24.0,23.0,17.0,30.0,9.0,53.0,35.0,37.0,33.0,22.0,31.0,11.0,26.0,20.0,17.0,25.0,19.0,35.0,12.0,23.0,51.0,36.0,11.0,7.0,28.0,16.0,29.0,19.0,20.0,44.0,17.0,21.0,47.0,36.0,31.0,29.0,71.0,85.0,40.0,21.0,20.0,56.0,23.0,10.0,17.0,67.0,96.0,49.0,16.0,41.0
145,36.25,1.0,1.0,2.0,1.0,0.0,0.0,1.0,0.0,2.0,2.0,1.0,1.0,0.0,0.0,0.0,1.0,0.0,1.0,0.0,9.0,9.0,4.0,4.0,1.0,0.0,1.0,0.0,0.0,0.0,1.0,7.0,2.0,5.0,1.0,1.0,0.0,4.0,0.0,0.0,2.0,9.0,7.0,0.0,3.0,4.0,1.0,0.0,1.0,1.0,0.0,0.0,0.0,1.0,15.0,0.0,6.0,3.0,1.0,1.0,3.0,1.0,0.0,1.0,0.0,0.0,4.0,35.0,13.0,2.0,0.0,8.0,2.0,5.0,14.0,8.0,7.0,1.0,7.0,6.0,10.0,17.0,11.0,23.0,3.0,22.0,14.0,3.0,22.0,7.0,20.0,13.0,8.0,13.0,5.0,27.0,6.0,0.0,1.0,3.0,9.0,24.0,5.0,16.0,20.0,6.0,25.0,19.0,40.0,7.0,10.0,4.0,17.0,30.0,3.0,0.0,1.0,23.0,58.0,18.0,7.0,19.0,7.0,46.0,16.0,18.0,6.0,22.0,72.0,27.0,11.0,1.0,1.0,11.0,27.0,20.0,18.0,23.0,8.0,33.0,13.0,20.0,18.0,14.0,14.0,31.0,16.0,20.0,12.0,2.0,17.0,11.0,7.0,37.0,19.0,35.0,15.0,15.0,34.0,17.0,44.0,24.0,23.0,16.0,31.0,11.0,64.0,39.0,37.0,33.0,23.0,31.0,11.0,26.0,20.0,17.0,26.0,27.0,30.0,17.0,19.0,63.0,39.0,7.0,7.0,21.0,16.0,23.0,18.0,20.0,49.0,17.0,21.0,52.0,36.0,31.0,29.0,71.0,94.0,37.0,20.0,20.0,55.0,23.0,8.0,17.0,70.0,108.0,49.0,16.0,38.0
146,36.5,1.0,1.0,2.0,1.0,0.0,0.0,1.0,1.0,3.0,5.0,0.0,1.0,1.0,2.0,0.0,0.0,1.0,2.0,0.0,8.0,7.0,4.0,3.0,1.0,0.0,0.0,0.0,0.0,1.0,1.0,6.0,2.0,3.0,1.0,1.0,0.0,4.0,0.0,0.0,2.0,8.0,10.0,1.0,1.0,4.0,1.0,0.0,1.0,1.0,0.0,2.0,1.0,1.0,15.0,0.0,5.0,3.0,1.0,0.0,4.0,1.0,0.0,1.0,0.0,0.0,4.0,42.0,12.0,7.0,0.0,7.0,1.0,4.0,14.0,9.0,5.0,1.0,5.0,6.0,12.0,17.0,16.0,24.0,3.0,22.0,10.0,5.0,26.0,8.0,17.0,11.0,5.0,13.0,7.0,22.0,6.0,0.0,0.0,3.0,13.0,24.0,5.0,16.0,20.0,8.0,30.0,19.0,40.0,7.0,11.0,4.0,17.0,31.0,2.0,0.0,1.0,23.0,58.0,18.0,8.0,24.0,8.0,44.0,16.0,18.0,6.0,18.0,72.0,28.0,10.0,1.0,1.0,11.0,27.0,24.0,16.0,30.0,8.0,34.0,14.0,13.0,19.0,16.0,23.0,29.0,17.0,21.0,12.0,2.0,17.0,15.0,7.0,37.0,25.0,35.0,15.0,18.0,41.0,17.0,52.0,23.0,23.0,21.0,31.0,11.0,64.0,40.0,35.0,36.0,23.0,31.0,11.0,28.0,16.0,18.0,29.0,27.0,32.0,20.0,23.0,67.0,39.0,7.0,8.0,21.0,16.0,23.0,18.0,16.0,44.0,17.0,23.0,52.0,41.0,29.0,30.0,71.0,99.0,37.0,20.0,20.0,52.0,21.0,8.0,17.0,70.0,115.0,54.0,18.0,38.0
147,36.75,1.0,1.0,2.0,0.0,0.0,0.0,0.0,1.0,3.0,3.0,1.0,1.0,0.0,2.0,0.0,0.0,1.0,2.0,1.0,7.0,7.0,2.0,3.0,2.0,0.0,0.0,0.0,0.0,0.0,1.0,6.0,1.0,3.0,1.0,1.0,0.0,4.0,0.0,1.0,1.0,8.0,7.0,0.0,2.0,4.0,1.0,0.0,1.0,0.0,0.0,2.0,1.0,0.0,16.0,0.0,3.0,3.0,2.0,0.0,2.0,0.0,1.0,0.0,0.0,0.0,4.0,42.0,10.0,9.0,0.0,7.0,2.0,4.0,8.0,9.0,5.0,1.0,4.0,3.0,13.0,17.0,10.0,24.0,6.0,20.0,14.0,5.0,26.0,9.0,19.0,13.0,8.0,14.0,7.0,22.0,4.0,0.0,0.0,1.0,10.0,16.0,6.0,12.0,20.0,8.0,25.0,25.0,41.0,7.0,11.0,5.0,19.0,33.0,1.0,0.0,2.0,24.0,56.0,15.0,8.0,24.0,8.0,39.0,16.0,18.0,7.0,17.0,72.0,26.0,12.0,1.0,2.0,13.0,27.0,24.0,15.0,24.0,14.0,33.0,14.0,13.0,19.0,16.0,22.0,26.0,14.0,25.0,13.0,3.0,19.0,16.0,9.0,30.0,25.0,32.0,15.0,18.0,41.0,17.0,45.0,23.0,14.0,20.0,34.0,10.0,55.0,43.0,35.0,37.0,19.0,29.0,13.0,28.0,18.0,18.0,33.0,27.0,32.0,22.0,23.0,67.0,39.0,7.0,8.0,21.0,13.0,26.0,18.0,16.0,49.0,17.0,23.0,50.0,43.0,28.0,30.0,61.0,99.0,36.0,21.0,20.0,52.0,21.0,15.0,20.0,62.0,115.0,54.0,13.0,38.0
148,37.0,2.0,1.0,0.0,0.0,0.0,0.0,0.0,1.0,3.0,3.0,0.0,0.0,0.0,1.0,0.0,0.0,0.0,1.0,1.0,5.0,7.0,2.0,3.0,2.0,0.0,0.0,0.0,0.0,0.0,1.0,6.0,1.0,3.0,1.0,0.0,0.0,3.0,0.0,1.0,1.0,6.0,6.0,1.0,2.0,5.0,0.0,1.0,1.0,0.0,0.0,1.0,1.0,0.0,16.0,0.0,3.0,3.0,2.0,2.0,2.0,0.0,0.0,0.0,0.0,0.0,4.0,44.0,12.0,9.0,0.0,7.0,2.0,3.0,8.0,5.0,4.0,1.0,4.0,2.0,13.0,17.0,16.0,24.0,6.0,19.0,14.0,6.0,21.0,9.0,16.0,12.0,7.0,14.0,8.0,25.0,4.0,0.0,0.0,4.0,10.0,10.0,6.0,9.0,16.0,6.0,22.0,25.0,41.0,7.0,11.0,4.0,19.0,33.0,1.0,0.0,2.0,24.0,52.0,13.0,12.0,18.0,8.0,36.0,14.0,18.0,7.0,17.0,67.0,23.0,10.0,1.0,1.0,15.0,21.0,24.0,15.0,24.0,14.0,33.0,15.0,13.0,22.0,14.0,23.0,26.0,18.0,21.0,13.0,3.0,19.0,16.0,9.0,30.0,17.0,28.0,8.0,15.0,41.0,17.0,45.0,24.0,21.0,20.0,28.0,7.0,52.0,40.0,35.0,37.0,19.0,29.0,11.0,28.0,18.0,17.0,33.0,19.0,32.0,22.0,23.0,57.0,41.0,12.0,8.0,18.0,17.0,26.0,19.0,16.0,50.0,20.0,22.0,43.0,43.0,25.0,30.0,70.0,98.0,37.0,22.0,23.0,52.0,21.0,15.0,18.0,62.0,115.0,50.0,18.0,38.0
149,37.25,2.0,1.0,0.0,0.0,0.0,0.0,1.0,1.0,3.0,3.0,0.0,0.0,0.0,1.0,0.0,1.0,0.0,0.0,1.0,5.0,6.0,1.0,4.0,1.0,0.0,1.0,0.0,0.0,0.0,1.0,5.0,1.0,2.0,1.0,0.0,0.0,3.0,0.0,1.0,1.0,5.0,6.0,1.0,3.0,5.0,0.0,1.0,1.0,0.0,0.0,0.0,0.0,0.0,15.0,0.0,3.0,4.0,2.0,2.0,2.0,0.0,1.0,0.0,0.0,0.0,3.0,43.0,8.0,6.0,0.0,6.0,2.0,2.0,16.0,5.0,4.0,1.0,2.0,2.0,17.0,17.0,11.0,22.0,6.0,19.0,14.0,5.0,21.0,6.0,12.0,12.0,11.0,15.0,13.0,28.0,4.0,0.0,1.0,2.0,9.0,12.0,5.0,12.0,16.0,4.0,19.0,23.0,41.0,7.0,9.0,8.0,21.0,31.0,3.0,0.0,3.0,24.0,53.0,14.0,8.0,16.0,7.0,39.0,13.0,13.0,7.0,19.0,64.0,23.0,10.0,1.0,1.0,15.0,27.0,21.0,13.0,23.0,11.0,29.0,15.0,14.0,22.0,14.0,29.0,26.0,13.0,21.0,13.0,3.0,24.0,18.0,9.0,31.0,16.0,32.0,7.0,14.0,40.0,17.0,45.0,29.0,21.0,13.0,30.0,7.0,52.0,38.0,33.0,37.0,25.0,29.0,13.0,30.0,18.0,17.0,33.0,19.0,36.0,24.0,23.0,57.0,36.0,17.0,7.0,18.0,17.0,30.0,19.0,16.0,51.0,20.0,21.0,34.0,34.0,25.0,24.0,70.0,93.0,37.0,22.0,24.0,54.0,21.0,9.0,18.0,59.0,99.0,49.0,13.0,42.0
150,37.5,2.0,0.0,0.0,0.0,0.0,0.0,1.0,0.0,5.0,3.0,0.0,1.0,0.0,1.0,0.0,1.0,1.0,0.0,0.0,6.0,7.0,2.0,5.0,1.0,0.0,1.0,0.0,0.0,0.0,2.0,5.0,1.0,2.0,2.0,0.0,0.0,1.0,0.0,1.0,1.0,5.0,6.0,1.0,4.0,6.0,0.0,1.0,1.0,0.0,0.0,0.0,0.0,0.0,15.0,0.0,3.0,4.0,2.0,1.0,2.0,1.0,2.0,0.0,0.0,0.0,3.0,43.0,8.0,5.0,0.0,6.0,2.0,1.0,18.0,5.0,6.0,1.0,2.0,2.0,10.0,20.0,11.0,23.0,5.0,27.0,12.0,4.0,25.0,6.0,11.0,12.0,10.0,15.0,13.0,28.0,6.0,0.0,1.0,2.0,9.0,10.0,2.0,5.0,16.0,6.0,19.0,23.0,45.0,7.0,11.0,4.0,21.0,31.0,4.0,1.0,2.0,24.0,49.0,14.0,12.0,12.0,8.0,39.0,13.0,13.0,8.0,19.0,67.0,26.0,10.0,1.0,1.0,15.0,23.0,14.0,13.0,23.0,11.0,29.0,15.0,11.0,24.0,11.0,32.0,31.0,17.0,21.0,15.0,2.0,21.0,14.0,10.0,31.0,17.0,28.0,8.0,14.0,40.0,14.0,45.0,24.0,30.0,13.0,26.0,10.0,52.0,38.0,36.0,32.0,27.0,27.0,12.0,30.0,24.0,21.0,37.0,19.0,36.0,24.0,23.0,60.0,36.0,17.0,8.0,20.0,19.0,26.0,26.0,20.0,51.0,19.0,20.0,34.0,34.0,25.0,24.0,78.0,93.0,41.0,25.0,24.0,56.0,21.0,9.0,18.0,73.0,96.0,47.0,14.0,48.0
151,37.75,1.0,0.0,1.0,0.0,1.0,0.0,1.0,0.0,5.0,4.0,2.0,1.0,2.0,2.0,1.0,1.0,1.0,0.0,0.0,8.0,10.0,1.0,6.0,1.0,0.0,0.0,0.0,0.0,1.0,2.0,6.0,4.0,2.0,2.0,0.0,2.0,1.0,0.0,1.0,2.0,10.0,7.0,1.0,4.0,10.0,0.0,1.0,1.0,0.0,1.0,0.0,0.0,0.0,14.0,0.0,4.0,4.0,2.0,0.0,1.0,1.0,2.0,0.0,0.0,0.0,5.0,43.0,8.0,4.0,2.0,6.0,2.0,1.0,18.0,7.0,6.0,1.0,2.0,2.0,10.0,20.0,11.0,23.0,5.0,27.0,10.0,4.0,25.0,8.0,12.0,15.0,10.0,15.0,10.0,28.0,4.0,1.0,1.0,2.0,11.0,10.0,2.0,8.0,16.0,4.0,24.0,23.0,48.0,4.0,8.0,7.0,30.0,32.0,4.0,0.0,2.0,24.0,49.0,14.0,11.0,12.0,8.0,39.0,13.0,22.0,8.0,21.0,79.0,30.0,16.0,1.0,0.0,13.0,23.0,14.0,13.0,30.0,13.0,30.0,17.0,14.0,20.0,19.0,29.0,39.0,17.0,21.0,15.0,2.0,21.0,16.0,10.0,31.0,17.0,27.0,18.0,18.0,40.0,22.0,53.0,29.0,32.0,21.0,30.0,10.0,52.0,45.0,33.0,37.0,27.0,27.0,12.0,30.0,19.0,22.0,37.0,23.0,36.0,14.0,23.0,60.0,36.0,14.0,8.0,21.0,21.0,30.0,26.0,20.0,53.0,19.0,20.0,35.0,35.0,25.0,25.0,81.0,106.0,42.0,26.0,25.0,56.0,28.0,8.0,18.0,73.0,89.0,42.0,14.0,52.0
152,38.0,3.0,0.0,0.0,0.0,0.0,0.0,2.0,0.0,4.0,7.0,2.0,1.0,2.0,2.0,1.0,0.0,1.0,0.0,0.0,8.0,11.0,1.0,7.0,1.0,0.0,0.0,0.0,0.0,1.0,2.0,8.0,4.0,2.0,3.0,0.0,2.0,1.0,0.0,1.0,2.0,10.0,8.0,2.0,3.0,11.0,0.0,0.0,1.0,1.0,1.0,2.0,0.0,1.0,16.0,0.0,5.0,4.0,3.0,1.0,1.0,1.0,2.0,0.0,0.0,0.0,8.0,45.0,8.0,4.0,2.0,6.0,0.0,1.0,14.0,7.0,7.0,3.0,3.0,4.0,10.0,34.0,17.0,23.0,5.0,26.0,10.0,4.0,20.0,9.0,12.0,15.0,10.0,15.0,10.0,33.0,6.0,1.0,1.0,2.0,11.0,10.0,5.0,5.0,15.0,4.0,25.0,24.0,48.0,4.0,9.0,7.0,26.0,47.0,4.0,1.0,1.0,20.0,45.0,14.0,12.0,17.0,10.0,41.0,17.0,22.0,9.0,22.0,79.0,43.0,18.0,1.0,3.0,10.0,23.0,27.0,15.0,30.0,22.0,37.0,17.0,15.0,20.0,19.0,32.0,54.0,29.0,28.0,13.0,2.0,21.0,16.0,10.0,33.0,17.0,27.0,18.0,18.0,41.0,18.0,58.0,42.0,35.0,23.0,28.0,15.0,58.0,45.0,33.0,44.0,30.0,33.0,12.0,28.0,20.0,22.0,46.0,36.0,43.0,14.0,23.0,58.0,33.0,11.0,8.0,29.0,19.0,31.0,26.0,20.0,56.0,27.0,20.0,37.0,38.0,26.0,31.0,81.0,107.0,41.0,30.0,25.0,59.0,28.0,8.0,22.0,79.0,96.0,40.0,14.0,52.0
153,38.25,1.0,0.0,0.0,0.0,0.0,0.0,2.0,0.0,4.0,7.0,1.0,2.0,2.0,2.0,1.0,0.0,2.0,0.0,0.0,10.0,11.0,1.0,7.0,1.0,0.0,0.0,1.0,1.0,1.0,2.0,9.0,4.0,2.0,3.0,1.0,2.0,4.0,0.0,1.0,2.0,13.0,8.0,2.0,3.0,20.0,0.0,0.0,1.0,1.0,1.0,1.0,0.0,3.0,16.0,0.0,5.0,5.0,2.0,2.0,1.0,1.0,1.0,0.0,2.0,0.0,10.0,67.0,10.0,4.0,2.0,6.0,0.0,2.0,14.0,10.0,7.0,3.0,5.0,6.0,11.0,34.0,17.0,24.0,5.0,26.0,14.0,4.0,20.0,11.0,20.0,15.0,11.0,28.0,15.0,35.0,7.0,0.0,1.0,3.0,10.0,13.0,5.0,8.0,13.0,4.0,26.0,24.0,50.0,8.0,9.0,14.0,26.0,47.0,4.0,1.0,1.0,20.0,45.0,15.0,15.0,25.0,10.0,34.0,17.0,22.0,8.0,22.0,79.0,43.0,18.0,1.0,1.0,13.0,33.0,27.0,17.0,30.0,14.0,36.0,17.0,15.0,20.0,20.0,29.0,54.0,29.0,29.0,11.0,3.0,23.0,16.0,6.0,33.0,15.0,33.0,12.0,19.0,41.0,20.0,58.0,46.0,38.0,48.0,35.0,12.0,58.0,48.0,33.0,46.0,37.0,34.0,17.0,38.0,20.0,32.0,63.0,36.0,68.0,26.0,24.0,53.0,42.0,14.0,7.0,26.0,22.0,31.0,29.0,29.0,56.0,29.0,32.0,38.0,42.0,29.0,33.0,83.0,108.0,54.0,32.0,30.0,64.0,29.0,15.0,27.0,84.0,116.0,40.0,17.0,52.0
154,38.5,3.0,0.0,0.0,0.0,0.0,0.0,1.0,1.0,4.0,5.0,1.0,2.0,2.0,1.0,1.0,1.0,2.0,0.0,0.0,14.0,16.0,3.0,11.0,2.0,0.0,0.0,1.0,1.0,1.0,2.0,9.0,3.0,1.0,3.0,2.0,2.0,5.0,0.0,0.0,2.0,12.0,8.0,2.0,3.0,20.0,1.0,0.0,1.0,1.0,0.0,1.0,0.0,3.0,25.0,0.0,9.0,7.0,2.0,2.0,1.0,1.0,2.0,0.0,1.0,0.0,10.0,67.0,15.0,8.0,0.0,6.0,0.0,7.0,14.0,6.0,13.0,3.0,5.0,4.0,18.0,26.0,18.0,55.0,11.0,51.0,15.0,4.0,22.0,11.0,25.0,18.0,11.0,37.0,23.0,33.0,7.0,0.0,1.0,3.0,10.0,15.0,5.0,10.0,13.0,4.0,28.0,22.0,52.0,11.0,12.0,16.0,26.0,45.0,5.0,1.0,0.0,24.0,54.0,16.0,15.0,25.0,7.0,38.0,20.0,20.0,9.0,32.0,80.0,43.0,18.0,0.0,3.0,16.0,33.0,27.0,17.0,29.0,17.0,36.0,16.0,21.0,27.0,21.0,32.0,42.0,24.0,33.0,13.0,4.0,23.0,19.0,11.0,34.0,15.0,33.0,11.0,19.0,36.0,20.0,55.0,46.0,38.0,48.0,65.0,15.0,64.0,44.0,37.0,49.0,59.0,34.0,18.0,29.0,24.0,36.0,59.0,40.0,68.0,47.0,27.0,53.0,45.0,18.0,7.0,26.0,23.0,31.0,35.0,36.0,58.0,29.0,52.0,44.0,44.0,33.0,33.0,86.0,117.0,48.0,32.0,30.0,71.0,28.0,17.0,27.0,89.0,116.0,64.0,22.0,45.0
155,38.75,1.0,0.0,1.0,0.0,1.0,0.0,1.0,0.0,5.0,5.0,1.0,0.0,2.0,1.0,1.0,1.0,3.0,1.0,1.0,22.0,34.0,4.0,11.0,2.0,0.0,1.0,1.0,0.0,1.0,4.0,9.0,3.0,2.0,3.0,3.0,3.0,4.0,0.0,1.0,2.0,12.0,6.0,2.0,5.0,17.0,1.0,0.0,1.0,2.0,0.0,0.0,0.0,3.0,35.0,0.0,9.0,7.0,2.0,1.0,1.0,1.0,1.0,1.0,1.0,1.0,10.0,67.0,26.0,9.0,0.0,7.0,0.0,7.0,18.0,6.0,13.0,3.0,6.0,6.0,19.0,26.0,25.0,55.0,11.0,65.0,22.0,6.0,23.0,14.0,25.0,21.0,11.0,36.0,23.0,35.0,3.0,0.0,1.0,3.0,10.0,15.0,11.0,11.0,29.0,5.0,28.0,22.0,59.0,19.0,12.0,14.0,26.0,34.0,5.0,1.0,2.0,24.0,60.0,16.0,14.0,20.0,7.0,33.0,20.0,20.0,13.0,27.0,80.0,41.0,30.0,1.0,1.0,17.0,36.0,27.0,19.0,33.0,17.0,36.0,15.0,21.0,30.0,23.0,41.0,42.0,24.0,41.0,22.0,6.0,24.0,12.0,16.0,32.0,22.0,32.0,11.0,21.0,36.0,25.0,55.0,42.0,37.0,42.0,65.0,19.0,64.0,44.0,48.0,51.0,59.0,40.0,18.0,35.0,28.0,36.0,59.0,48.0,57.0,47.0,41.0,60.0,45.0,25.0,8.0,26.0,24.0,36.0,35.0,36.0,48.0,29.0,52.0,67.0,47.0,45.0,40.0,108.0,122.0,54.0,39.0,35.0,71.0,29.0,18.0,29.0,105.0,116.0,66.0,28.0,39.0
156,39.0,3.0,0.0,1.0,2.0,1.0,0.0,1.0,1.0,6.0,9.0,1.0,0.0,1.0,3.0,1.0,1.0,4.0,1.0,1.0,31.0,34.0,4.0,4.0,3.0,0.0,2.0,1.0,0.0,3.0,5.0,9.0,5.0,2.0,2.0,3.0,3.0,5.0,0.0,1.0,7.0,12.0,6.0,1.0,5.0,14.0,1.0,1.0,2.0,2.0,0.0,0.0,3.0,3.0,35.0,0.0,2.0,8.0,3.0,1.0,1.0,1.0,1.0,1.0,1.0,1.0,19.0,44.0,26.0,9.0,2.0,7.0,3.0,5.0,18.0,6.0,11.0,3.0,6.0,5.0,18.0,26.0,25.0,55.0,12.0,65.0,22.0,6.0,24.0,14.0,26.0,54.0,13.0,36.0,23.0,30.0,3.0,1.0,3.0,3.0,15.0,15.0,12.0,11.0,34.0,11.0,28.0,32.0,59.0,20.0,22.0,13.0,23.0,42.0,5.0,1.0,2.0,24.0,63.0,18.0,14.0,20.0,9.0,38.0,19.0,21.0,13.0,28.0,82.0,42.0,30.0,1.0,1.0,17.0,35.0,27.0,25.0,33.0,17.0,36.0,15.0,21.0,31.0,23.0,47.0,42.0,28.0,41.0,22.0,6.0,24.0,20.0,16.0,34.0,25.0,27.0,15.0,21.0,45.0,27.0,59.0,42.0,37.0,42.0,56.0,19.0,62.0,44.0,50.0,49.0,39.0,41.0,14.0,35.0,28.0,38.0,58.0,48.0,57.0,36.0,41.0,60.0,44.0,37.0,11.0,35.0,23.0,40.0,35.0,36.0,59.0,33.0,39.0,67.0,51.0,56.0,47.0,110.0,136.0,57.0,39.0,35.0,72.0,29.0,27.0,51.0,106.0,138.0,66.0,33.0,35.0
157,39.25,6.0,0.0,0.0,0.0,0.0,1.0,1.0,0.0,8.0,9.0,1.0,0.0,2.0,3.0,1.0,1.0,3.0,1.0,1.0,31.0,19.0,4.0,4.0,2.0,1.0,3.0,2.0,0.0,2.0,5.0,9.0,5.0,2.0,2.0,4.0,2.0,6.0,0.0,1.0,8.0,12.0,10.0,0.0,6.0,14.0,1.0,0.0,2.0,2.0,0.0,2.0,3.0,3.0,28.0,0.0,2.0,3.0,3.0,1.0,2.0,1.0,1.0,1.0,1.0,1.0,19.0,61.0,19.0,7.0,2.0,7.0,3.0,5.0,29.0,11.0,10.0,1.0,5.0,5.0,24.0,21.0,25.0,63.0,13.0,37.0,21.0,6.0,32.0,15.0,26.0,54.0,27.0,28.0,23.0,36.0,7.0,0.0,3.0,7.0,15.0,21.0,13.0,11.0,34.0,12.0,35.0,32.0,59.0,23.0,22.0,13.0,28.0,42.0,5.0,1.0,2.0,24.0,64.0,18.0,22.0,20.0,9.0,43.0,19.0,22.0,16.0,28.0,73.0,42.0,30.0,3.0,1.0,22.0,36.0,32.0,26.0,41.0,17.0,36.0,22.0,21.0,32.0,23.0,47.0,44.0,28.0,41.0,18.0,6.0,24.0,14.0,16.0,45.0,36.0,29.0,15.0,26.0,45.0,33.0,68.0,44.0,38.0,45.0,49.0,19.0,62.0,44.0,48.0,51.0,39.0,44.0,13.0,43.0,33.0,43.0,58.0,50.0,62.0,32.0,35.0,76.0,44.0,37.0,12.0,38.0,31.0,64.0,40.0,53.0,89.0,42.0,35.0,67.0,56.0,56.0,47.0,127.0,156.0,57.0,45.0,35.0,72.0,34.0,27.0,51.0,124.0,144.0,67.0,33.0,35.0
158,39.5,6.0,0.0,0.0,1.0,0.0,0.0,1.0,2.0,8.0,10.0,1.0,0.0,2.0,3.0,0.0,2.0,2.0,1.0,1.0,17.0,14.0,4.0,4.0,3.0,1.0,3.0,2.0,0.0,2.0,5.0,8.0,5.0,2.0,2.0,2.0,2.0,13.0,1.0,1.0,8.0,17.0,10.0,0.0,6.0,14.0,0.0,0.0,3.0,2.0,0.0,2.0,1.0,3.0,28.0,0.0,2.0,6.0,3.0,1.0,2.0,1.0,1.0,1.0,1.0,1.0,11.0,61.0,18.0,6.0,1.0,10.0,3.0,5.0,31.0,11.0,9.0,1.0,5.0,3.0,24.0,21.0,25.0,63.0,13.0,32.0,21.0,3.0,35.0,20.0,30.0,32.0,27.0,25.0,22.0,36.0,9.0,1.0,3.0,7.0,18.0,36.0,13.0,15.0,34.0,12.0,29.0,27.0,59.0,23.0,22.0,14.0,28.0,42.0,5.0,1.0,2.0,28.0,74.0,24.0,22.0,24.0,9.0,53.0,19.0,25.0,16.0,29.0,83.0,42.0,27.0,3.0,6.0,26.0,40.0,35.0,26.0,41.0,15.0,36.0,22.0,18.0,32.0,25.0,40.0,46.0,31.0,42.0,18.0,5.0,26.0,17.0,18.0,45.0,40.0,29.0,13.0,26.0,50.0,36.0,68.0,45.0,39.0,53.0,48.0,16.0,62.0,56.0,50.0,55.0,34.0,44.0,11.0,51.0,33.0,51.0,60.0,44.0,69.0,31.0,27.0,76.0,47.0,34.0,12.0,38.0,31.0,64.0,47.0,53.0,97.0,42.0,35.0,84.0,64.0,43.0,59.0,127.0,160.0,62.0,45.0,34.0,76.0,39.0,24.0,41.0,124.0,147.0,67.0,24.0,52.0
159,39.75,2.0,0.0,1.0,1.0,2.0,0.0,3.0,1.0,4.0,8.0,1.0,1.0,2.0,3.0,1.0,2.0,2.0,1.0,1.0,17.0,14.0,4.0,6.0,3.0,1.0,1.0,2.0,0.0,1.0,5.0,6.0,3.0,2.0,2.0,4.0,2.0,6.0,1.0,1.0,6.0,17.0,9.0,1.0,4.0,15.0,0.0,0.0,4.0,2.0,1.0,2.0,0.0,3.0,28.0,0.0,4.0,6.0,3.0,2.0,2.0,1.0,1.0,0.0,1.0,1.0,10.0,64.0,18.0,6.0,0.0,13.0,2.0,6.0,29.0,12.0,9.0,3.0,8.0,3.0,25.0,21.0,25.0,34.0,9.0,32.0,30.0,3.0,36.0,20.0,30.0,32.0,17.0,25.0,22.0,37.0,8.0,0.0,2.0,7.0,18.0,39.0,8.0,16.0,31.0,7.0,48.0,27.0,57.0,20.0,22.0,14.0,32.0,52.0,5.0,1.0,1.0,28.0,81.0,24.0,22.0,25.0,12.0,54.0,23.0,25.0,14.0,31.0,102.0,40.0,24.0,3.0,6.0,26.0,42.0,39.0,22.0,37.0,18.0,36.0,17.0,21.0,28.0,25.0,39.0,47.0,21.0,39.0,19.0,5.0,26.0,17.0,18.0,42.0,36.0,33.0,13.0,22.0,54.0,33.0,60.0,45.0,39.0,53.0,48.0,15.0,74.0,63.0,49.0,60.0,44.0,46.0,13.0,51.0,39.0,51.0,60.0,46.0,62.0,32.0,27.0,75.0,49.0,34.0,12.0,34.0,32.0,50.0,49.0,42.0,97.0,40.0,45.0,84.0,69.0,43.0,59.0,111.0,156.0,59.0,50.0,39.0,76.0,44.0,22.0,33.0,121.0,147.0,67.0,24.0,53.0
160,40.0,2.0,2.0,1.0,1.0,2.0,0.0,3.0,2.0,3.0,9.0,2.0,0.0,2.0,3.0,1.0,2.0,2.0,1.0,0.0,15.0,14.0,4.0,6.0,3.0,1.0,0.0,2.0,0.0,1.0,4.0,6.0,3.0,2.0,2.0,1.0,3.0,8.0,1.0,2.0,6.0,17.0,8.0,2.0,4.0,15.0,0.0,0.0,4.0,2.0,1.0,1.0,0.0,3.0,30.0,0.0,1.0,6.0,3.0,2.0,3.0,1.0,1.0,0.0,1.0,1.0,9.0,67.0,18.0,13.0,1.0,13.0,2.0,5.0,31.0,14.0,7.0,3.0,9.0,4.0,25.0,21.0,25.0,34.0,9.0,34.0,30.0,4.0,36.0,18.0,30.0,29.0,17.0,22.0,19.0,37.0,9.0,0.0,1.0,7.0,18.0,40.0,8.0,16.0,23.0,5.0,29.0,27.0,58.0,20.0,20.0,13.0,55.0,52.0,3.0,1.0,1.0,28.0,81.0,24.0,22.0,27.0,12.0,54.0,27.0,25.0,9.0,31.0,102.0,40.0,22.0,2.0,5.0,26.0,42.0,39.0,22.0,36.0,14.0,38.0,13.0,17.0,27.0,25.0,40.0,47.0,23.0,42.0,21.0,5.0,26.0,17.0,14.0,42.0,34.0,33.0,14.0,22.0,54.0,34.0,58.0,43.0,43.0,54.0,44.0,14.0,62.0,63.0,49.0,60.0,40.0,40.0,14.0,51.0,31.0,39.0,54.0,41.0,69.0,32.0,27.0,75.0,49.0,33.0,14.0,32.0,32.0,43.0,49.0,42.0,68.0,33.0,45.0,70.0,64.0,43.0,56.0,109.0,153.0,59.0,45.0,39.0,71.0,44.0,24.0,33.0,118.0,135.0,71.0,26.0,52.0
161,40.25,5.0,2.0,1.0,1.0,1.0,1.0,3.0,1.0,1.0,8.0,0.0,1.0,0.0,4.0,3.0,2.0,2.0,1.0,0.0,17.0,15.0,4.0,10.0,4.0,1.0,1.0,3.0,0.0,1.0,4.0,6.0,3.0,2.0,2.0,2.0,3.0,8.0,2.0,1.0,6.0,16.0,8.0,2.0,4.0,10.0,1.0,0.0,4.0,2.0,1.0,1.0,1.0,3.0,30.0,0.0,0.0,5.0,3.0,2.0,4.0,1.0,1.0,0.0,1.0,0.0,9.0,72.0,18.0,13.0,3.0,8.0,2.0,6.0,29.0,14.0,7.0,0.0,9.0,5.0,25.0,21.0,28.0,46.0,9.0,34.0,18.0,7.0,35.0,15.0,30.0,36.0,21.0,22.0,17.0,35.0,8.0,0.0,1.0,7.0,16.0,40.0,9.0,13.0,19.0,4.0,38.0,19.0,58.0,19.0,20.0,11.0,55.0,52.0,3.0,1.0,1.0,39.0,78.0,25.0,22.0,27.0,12.0,51.0,33.0,20.0,9.0,31.0,102.0,43.0,22.0,2.0,5.0,31.0,42.0,38.0,22.0,36.0,18.0,38.0,17.0,17.0,28.0,25.0,48.0,45.0,23.0,46.0,22.0,3.0,26.0,21.0,13.0,42.0,28.0,35.0,17.0,17.0,54.0,31.0,60.0,42.0,44.0,54.0,44.0,14.0,75.0,53.0,39.0,60.0,40.0,46.0,18.0,51.0,27.0,39.0,54.0,42.0,62.0,32.0,29.0,81.0,63.0,29.0,14.0,30.0,31.0,43.0,29.0,42.0,68.0,33.0,36.0,68.0,57.0,43.0,48.0,111.0,153.0,59.0,50.0,47.0,71.0,43.0,23.0,31.0,118.0,135.0,72.0,29.0,44.0
162,40.5,5.0,2.0,1.0,1.0,1.0,2.0,2.0,1.0,1.0,9.0,0.0,0.0,0.0,4.0,3.0,2.0,3.0,1.0,1.0,16.0,18.0,4.0,10.0,5.0,1.0,2.0,3.0,0.0,1.0,4.0,6.0,3.0,2.0,2.0,2.0,1.0,8.0,2.0,0.0,6.0,11.0,10.0,2.0,4.0,10.0,1.0,2.0,2.0,1.0,1.0,1.0,1.0,2.0,23.0,0.0,0.0,4.0,4.0,2.0,5.0,2.0,1.0,0.0,0.0,0.0,13.0,74.0,18.0,7.0,3.0,8.0,3.0,5.0,38.0,14.0,9.0,0.0,9.0,5.0,22.0,24.0,28.0,48.0,10.0,42.0,18.0,6.0,33.0,17.0,28.0,29.0,23.0,27.0,17.0,34.0,9.0,0.0,1.0,6.0,19.0,34.0,15.0,13.0,19.0,4.0,35.0,19.0,58.0,10.0,20.0,11.0,37.0,50.0,4.0,1.0,1.0,39.0,78.0,28.0,16.0,27.0,9.0,49.0,27.0,28.0,9.0,31.0,101.0,48.0,22.0,1.0,7.0,31.0,38.0,38.0,23.0,44.0,24.0,38.0,15.0,17.0,30.0,24.0,48.0,39.0,28.0,51.0,22.0,3.0,26.0,23.0,11.0,41.0,29.0,35.0,14.0,17.0,52.0,31.0,57.0,38.0,43.0,51.0,48.0,22.0,81.0,53.0,39.0,55.0,39.0,45.0,19.0,52.0,27.0,42.0,49.0,42.0,62.0,32.0,29.0,84.0,68.0,24.0,14.0,26.0,27.0,43.0,29.0,31.0,70.0,33.0,36.0,70.0,57.0,45.0,48.0,109.0,177.0,65.0,45.0,51.0,84.0,35.0,25.0,33.0,116.0,151.0,72.0,33.0,44.0
163,40.75,2.0,0.0,0.0,2.0,0.0,2.0,1.0,1.0,1.0,9.0,0.0,1.0,2.0,2.0,3.0,1.0,2.0,0.0,1.0,16.0,20.0,2.0,9.0,5.0,2.0,2.0,1.0,0.0,3.0,4.0,7.0,3.0,2.0,3.0,3.0,1.0,8.0,2.0,0.0,6.0,14.0,10.0,2.0,5.0,11.0,2.0,0.0,4.0,1.0,1.0,1.0,1.0,2.0,21.0,0.0,2.0,5.0,4.0,1.0,6.0,2.0,1.0,2.0,0.0,1.0,13.0,75.0,15.0,7.0,2.0,7.0,2.0,6.0,30.0,14.0,11.0,4.0,8.0,4.0,21.0,25.0,24.0,48.0,10.0,38.0,22.0,8.0,35.0,17.0,24.0,30.0,21.0,35.0,17.0,34.0,8.0,1.0,2.0,7.0,18.0,29.0,15.0,13.0,30.0,7.0,38.0,24.0,59.0,9.0,23.0,24.0,37.0,50.0,10.0,2.0,1.0,35.0,74.0,26.0,13.0,27.0,9.0,49.0,27.0,27.0,13.0,33.0,101.0,55.0,28.0,2.0,7.0,30.0,45.0,38.0,23.0,44.0,26.0,46.0,17.0,25.0,34.0,24.0,23.0,39.0,28.0,46.0,25.0,3.0,37.0,23.0,11.0,37.0,25.0,41.0,17.0,17.0,55.0,31.0,73.0,37.0,38.0,42.0,48.0,22.0,81.0,59.0,39.0,55.0,38.0,46.0,18.0,52.0,29.0,42.0,49.0,42.0,62.0,32.0,29.0,88.0,68.0,20.0,16.0,30.0,24.0,43.0,33.0,31.0,72.0,33.0,36.0,70.0,59.0,46.0,48.0,96.0,177.0,65.0,51.0,51.0,90.0,34.0,25.0,35.0,116.0,151.0,72.0,33.0,45.0
164,41.0,2.0,0.0,0.0,2.0,1.0,2.0,1.0,0.0,5.0,9.0,0.0,1.0,3.0,2.0,1.0,2.0,5.0,0.0,1.0,16.0,22.0,2.0,6.0,4.0,2.0,2.0,1.0,0.0,1.0,4.0,7.0,3.0,1.0,3.0,3.0,1.0,5.0,2.0,0.0,7.0,14.0,7.0,2.0,5.0,11.0,2.0,1.0,2.0,2.0,0.0,2.0,1.0,2.0,21.0,0.0,2.0,7.0,3.0,1.0,6.0,2.0,1.0,2.0,1.0,1.0,12.0,75.0,20.0,7.0,2.0,6.0,2.0,6.0,30.0,14.0,9.0,4.0,8.0,4.0,12.0,26.0,24.0,42.0,12.0,42.0,23.0,6.0,29.0,17.0,28.0,29.0,24.0,35.0,28.0,33.0,6.0,1.0,4.0,7.0,19.0,27.0,10.0,13.0,30.0,8.0,35.0,28.0,61.0,10.0,23.0,24.0,52.0,59.0,10.0,2.0,1.0,35.0,74.0,26.0,16.0,28.0,12.0,54.0,25.0,28.0,13.0,40.0,99.0,55.0,23.0,2.0,7.0,30.0,40.0,39.0,25.0,44.0,25.0,46.0,15.0,25.0,38.0,21.0,23.0,39.0,28.0,47.0,25.0,3.0,39.0,27.0,11.0,37.0,25.0,41.0,15.0,18.0,50.0,31.0,61.0,36.0,29.0,35.0,48.0,18.0,74.0,61.0,43.0,50.0,36.0,45.0,23.0,48.0,29.0,32.0,49.0,45.0,63.0,32.0,33.0,88.0,68.0,20.0,17.0,32.0,23.0,42.0,39.0,28.0,81.0,51.0,35.0,70.0,69.0,45.0,54.0,96.0,163.0,61.0,41.0,50.0,90.0,35.0,26.0,35.0,110.0,150.0,67.0,31.0,52.0
165,41.25,3.0,0.0,0.0,0.0,1.0,2.0,0.0,1.0,6.0,9.0,1.0,1.0,2.0,2.0,1.0,2.0,4.0,1.0,1.0,21.0,22.0,2.0,9.0,2.0,1.0,1.0,1.0,0.0,1.0,4.0,7.0,3.0,2.0,3.0,3.0,2.0,8.0,0.0,1.0,6.0,14.0,6.0,0.0,4.0,8.0,0.0,1.0,1.0,2.0,1.0,1.0,1.0,2.0,21.0,0.0,3.0,11.0,3.0,0.0,1.0,2.0,1.0,0.0,1.0,1.0,8.0,65.0,18.0,8.0,2.0,6.0,2.0,6.0,22.0,14.0,11.0,2.0,9.0,5.0,12.0,26.0,24.0,42.0,12.0,38.0,24.0,8.0,32.0,18.0,27.0,29.0,25.0,35.0,28.0,42.0,6.0,1.0,4.0,7.0,27.0,21.0,8.0,13.0,22.0,7.0,38.0,28.0,63.0,18.0,20.0,16.0,52.0,59.0,9.0,2.0,1.0,33.0,71.0,25.0,17.0,28.0,14.0,54.0,25.0,27.0,12.0,40.0,94.0,45.0,23.0,2.0,6.0,22.0,40.0,31.0,25.0,42.0,25.0,42.0,13.0,22.0,38.0,17.0,30.0,33.0,23.0,45.0,24.0,6.0,39.0,27.0,12.0,37.0,25.0,40.0,18.0,25.0,50.0,32.0,67.0,32.0,29.0,35.0,40.0,17.0,74.0,61.0,44.0,55.0,35.0,48.0,14.0,36.0,29.0,32.0,46.0,45.0,63.0,31.0,33.0,80.0,67.0,23.0,17.0,36.0,22.0,39.0,42.0,32.0,80.0,32.0,35.0,66.0,69.0,49.0,56.0,108.0,162.0,60.0,37.0,45.0,95.0,33.0,26.0,33.0,98.0,136.0,67.0,31.0,52.0
166,41.5,3.0,0.0,0.0,0.0,1.0,1.0,0.0,0.0,6.0,5.0,0.0,0.0,1.0,2.0,1.0,2.0,4.0,1.0,1.0,21.0,26.0,1.0,6.0,4.0,1.0,2.0,1.0,1.0,1.0,4.0,10.0,1.0,2.0,4.0,2.0,1.0,7.0,0.0,1.0,6.0,11.0,7.0,0.0,3.0,8.0,0.0,1.0,1.0,1.0,0.0,1.0,1.0,2.0,20.0,0.0,3.0,11.0,4.0,0.0,1.0,2.0,1.0,0.0,1.0,1.0,8.0,65.0,19.0,8.0,2.0,6.0,2.0,4.0,14.0,14.0,9.0,2.0,9.0,5.0,17.0,23.0,24.0,55.0,12.0,44.0,24.0,10.0,25.0,14.0,27.0,29.0,25.0,31.0,22.0,38.0,6.0,1.0,4.0,7.0,27.0,20.0,10.0,13.0,22.0,8.0,33.0,20.0,63.0,22.0,20.0,8.0,47.0,50.0,9.0,3.0,1.0,34.0,68.0,17.0,17.0,27.0,14.0,48.0,24.0,25.0,12.0,40.0,93.0,45.0,22.0,1.0,5.0,18.0,33.0,30.0,16.0,33.0,19.0,42.0,12.0,22.0,25.0,17.0,42.0,33.0,22.0,47.0,23.0,7.0,31.0,27.0,12.0,32.0,24.0,28.0,15.0,25.0,50.0,31.0,67.0,32.0,38.0,44.0,40.0,18.0,63.0,54.0,50.0,58.0,34.0,47.0,9.0,36.0,25.0,34.0,45.0,44.0,67.0,31.0,29.0,68.0,65.0,27.0,11.0,32.0,22.0,35.0,39.0,28.0,80.0,20.0,35.0,65.0,59.0,47.0,56.0,108.0,133.0,58.0,36.0,50.0,95.0,34.0,26.0,33.0,91.0,136.0,67.0,31.0,49.0
167,41.75,4.0,0.0,0.0,0.0,1.0,1.0,1.0,0.0,4.0,4.0,0.0,0.0,1.0,2.0,2.0,2.0,3.0,0.0,0.0,17.0,17.0,1.0,6.0,3.0,0.0,2.0,1.0,1.0,1.0,4.0,10.0,3.0,2.0,4.0,2.0,3.0,7.0,1.0,1.0,6.0,11.0,6.0,0.0,3.0,16.0,0.0,1.0,1.0,0.0,0.0,1.0,2.0,2.0,20.0,0.0,3.0,9.0,4.0,0.0,3.0,2.0,1.0,0.0,0.0,1.0,8.0,65.0,19.0,8.0,2.0,6.0,2.0,4.0,14.0,9.0,9.0,3.0,7.0,2.0,17.0,23.0,24.0,60.0,14.0,37.0,20.0,10.0,31.0,10.0,27.0,28.0,17.0,30.0,17.0,40.0,6.0,0.0,4.0,5.0,21.0,20.0,10.0,13.0,22.0,8.0,25.0,20.0,64.0,22.0,20.0,8.0,30.0,43.0,9.0,4.0,1.0,24.0,63.0,17.0,12.0,24.0,8.0,41.0,19.0,21.0,12.0,24.0,93.0,54.0,16.0,1.0,3.0,18.0,28.0,25.0,16.0,33.0,19.0,26.0,12.0,19.0,25.0,14.0,42.0,32.0,19.0,45.0,18.0,6.0,29.0,24.0,12.0,32.0,23.0,28.0,15.0,25.0,49.0,31.0,67.0,36.0,38.0,44.0,40.0,20.0,58.0,54.0,50.0,58.0,24.0,47.0,9.0,36.0,27.0,34.0,45.0,41.0,67.0,31.0,24.0,68.0,50.0,27.0,11.0,32.0,22.0,30.0,38.0,38.0,61.0,20.0,33.0,56.0,58.0,47.0,56.0,103.0,126.0,43.0,36.0,43.0,95.0,33.0,22.0,36.0,88.0,124.0,66.0,32.0,45.0
168,42.0,3.0,1.0,0.0,1.0,1.0,2.0,1.0,0.0,4.0,4.0,0.0,0.0,2.0,3.0,2.0,1.0,3.0,0.0,0.0,13.0,19.0,1.0,6.0,4.0,0.0,3.0,1.0,0.0,1.0,4.0,10.0,0.0,1.0,4.0,1.0,2.0,3.0,1.0,1.0,5.0,11.0,6.0,0.0,3.0,16.0,0.0,1.0,1.0,1.0,0.0,1.0,1.0,2.0,21.0,0.0,0.0,7.0,2.0,0.0,3.0,2.0,1.0,0.0,0.0,1.0,8.0,65.0,19.0,5.0,2.0,10.0,2.0,4.0,21.0,9.0,9.0,3.0,4.0,1.0,17.0,29.0,24.0,55.0,12.0,35.0,20.0,4.0,31.0,8.0,24.0,28.0,17.0,27.0,16.0,38.0,5.0,0.0,4.0,5.0,15.0,23.0,10.0,13.0,24.0,8.0,19.0,20.0,64.0,14.0,15.0,13.0,28.0,31.0,6.0,3.0,1.0,29.0,58.0,16.0,12.0,24.0,8.0,41.0,16.0,21.0,11.0,23.0,93.0,54.0,10.0,0.0,3.0,20.0,28.0,21.0,15.0,33.0,15.0,26.0,10.0,18.0,21.0,18.0,31.0,32.0,17.0,42.0,17.0,4.0,27.0,21.0,11.0,32.0,21.0,27.0,15.0,28.0,49.0,23.0,55.0,36.0,27.0,46.0,40.0,20.0,58.0,44.0,50.0,57.0,24.0,36.0,12.0,41.0,25.0,28.0,36.0,29.0,63.0,29.0,23.0,71.0,50.0,27.0,11.0,32.0,18.0,30.0,37.0,22.0,61.0,20.0,21.0,56.0,45.0,46.0,44.0,95.0,124.0,43.0,35.0,38.0,67.0,34.0,26.0,36.0,82.0,119.0,65.0,28.0,45.0
169,42.25,3.0,1.0,1.0,1.0,0.0,2.0,0.0,0.0,4.0,4.0,0.0,0.0,2.0,3.0,2.0,1.0,3.0,0.0,1.0,13.0,17.0,3.0,6.0,3.0,0.0,3.0,0.0,0.0,1.0,3.0,5.0,4.0,1.0,2.0,1.0,2.0,3.0,1.0,1.0,3.0,11.0,2.0,0.0,1.0,5.0,1.0,1.0,0.0,0.0,0.0,1.0,2.0,2.0,21.0,0.0,1.0,9.0,1.0,0.0,2.0,2.0,1.0,0.0,0.0,1.0,9.0,48.0,14.0,5.0,0.0,10.0,0.0,2.0,21.0,9.0,8.0,3.0,6.0,2.0,16.0,29.0,24.0,54.0,12.0,34.0,18.0,2.0,31.0,8.0,24.0,24.0,17.0,26.0,14.0,37.0,4.0,0.0,4.0,5.0,14.0,23.0,7.0,9.0,25.0,5.0,16.0,20.0,54.0,14.0,15.0,13.0,19.0,28.0,6.0,0.0,2.0,26.0,57.0,12.0,11.0,24.0,11.0,38.0,15.0,22.0,8.0,23.0,90.0,46.0,10.0,1.0,5.0,21.0,28.0,18.0,10.0,30.0,19.0,26.0,10.0,18.0,25.0,13.0,30.0,32.0,13.0,39.0,17.0,2.0,19.0,21.0,9.0,28.0,21.0,27.0,16.0,16.0,49.0,19.0,55.0,27.0,27.0,44.0,38.0,20.0,48.0,47.0,40.0,50.0,24.0,30.0,12.0,41.0,25.0,28.0,36.0,21.0,59.0,28.0,18.0,71.0,45.0,20.0,11.0,28.0,16.0,32.0,25.0,24.0,61.0,22.0,21.0,58.0,45.0,33.0,37.0,79.0,111.0,43.0,29.0,29.0,67.0,24.0,18.0,23.0,81.0,113.0,55.0,25.0,53.0
170,42.5,2.0,0.0,1.0,2.0,0.0,1.0,0.0,0.0,2.0,5.0,0.0,0.0,2.0,3.0,2.0,1.0,3.0,0.0,1.0,13.0,13.0,3.0,6.0,3.0,0.0,1.0,0.0,0.0,1.0,2.0,5.0,0.0,1.0,2.0,1.0,1.0,3.0,1.0,1.0,3.0,10.0,4.0,0.0,1.0,5.0,1.0,1.0,0.0,1.0,0.0,0.0,1.0,2.0,17.0,0.0,1.0,6.0,1.0,0.0,1.0,0.0,0.0,0.0,0.0,1.0,8.0,46.0,12.0,7.0,0.0,8.0,0.0,2.0,16.0,7.0,6.0,1.0,6.0,2.0,14.0,17.0,16.0,40.0,10.0,28.0,14.0,4.0,23.0,7.0,18.0,24.0,15.0,24.0,9.0,28.0,4.0,0.0,6.0,5.0,14.0,23.0,4.0,9.0,25.0,5.0,16.0,20.0,53.0,14.0,13.0,11.0,19.0,28.0,4.0,0.0,2.0,26.0,47.0,12.0,11.0,24.0,11.0,28.0,14.0,22.0,8.0,23.0,87.0,41.0,14.0,0.0,5.0,21.0,25.0,16.0,10.0,29.0,17.0,23.0,10.0,18.0,19.0,12.0,25.0,29.0,13.0,39.0,17.0,4.0,19.0,21.0,8.0,28.0,17.0,22.0,16.0,14.0,46.0,18.0,55.0,27.0,27.0,44.0,32.0,12.0,47.0,38.0,40.0,34.0,22.0,25.0,10.0,32.0,17.0,27.0,31.0,21.0,47.0,22.0,18.0,49.0,44.0,16.0,8.0,27.0,16.0,32.0,21.0,22.0,38.0,22.0,19.0,58.0,45.0,23.0,34.0,68.0,111.0,42.0,24.0,28.0,56.0,24.0,18.0,21.0,81.0,99.0,53.0,25.0,53.0
171,42.75,2.0,0.0,1.0,1.0,0.0,1.0,0.0,0.0,2.0,6.0,0.0,1.0,2.0,2.0,2.0,1.0,2.0,1.0,0.0,20.0,13.0,3.0,3.0,2.0,0.0,1.0,1.0,0.0,0.0,2.0,6.0,2.0,1.0,2.0,1.0,1.0,3.0,0.0,0.0,1.0,10.0,4.0,0.0,3.0,6.0,2.0,3.0,1.0,0.0,0.0,0.0,1.0,1.0,13.0,0.0,1.0,5.0,1.0,0.0,1.0,0.0,0.0,0.0,0.0,0.0,8.0,39.0,12.0,7.0,0.0,6.0,0.0,2.0,9.0,7.0,6.0,1.0,6.0,4.0,14.0,17.0,14.0,36.0,10.0,26.0,14.0,4.0,23.0,8.0,18.0,12.0,13.0,19.0,9.0,25.0,4.0,0.0,6.0,5.0,13.0,20.0,4.0,9.0,23.0,5.0,16.0,17.0,47.0,10.0,15.0,8.0,20.0,28.0,4.0,0.0,1.0,26.0,47.0,13.0,11.0,18.0,7.0,28.0,11.0,22.0,10.0,16.0,78.0,25.0,14.0,1.0,3.0,15.0,25.0,18.0,10.0,29.0,17.0,26.0,10.0,18.0,25.0,12.0,25.0,29.0,12.0,32.0,15.0,2.0,23.0,21.0,7.0,23.0,16.0,20.0,6.0,14.0,30.0,18.0,47.0,27.0,24.0,44.0,37.0,10.0,42.0,39.0,35.0,30.0,22.0,25.0,10.0,27.0,15.0,26.0,29.0,21.0,44.0,19.0,17.0,49.0,40.0,16.0,8.0,22.0,16.0,22.0,21.0,21.0,38.0,24.0,19.0,45.0,50.0,23.0,27.0,60.0,79.0,42.0,28.0,27.0,58.0,20.0,8.0,23.0,75.0,92.0,51.0,18.0,44.0
172,43.0,1.0,0.0,0.0,1.0,1.0,0.0,0.0,0.0,4.0,5.0,0.0,0.0,2.0,2.0,1.0,1.0,2.0,1.0,0.0,20.0,17.0,3.0,3.0,1.0,0.0,1.0,2.0,0.0,0.0,6.0,6.0,2.0,2.0,1.0,2.0,1.0,2.0,0.0,0.0,4.0,10.0,4.0,0.0,3.0,6.0,2.0,0.0,1.0,1.0,0.0,1.0,1.0,0.0,13.0,0.0,2.0,5.0,2.0,1.0,1.0,0.0,0.0,0.0,0.0,1.0,6.0,39.0,11.0,3.0,1.0,5.0,1.0,1.0,9.0,7.0,6.0,1.0,3.0,2.0,14.0,17.0,12.0,30.0,6.0,19.0,14.0,4.0,20.0,9.0,18.0,12.0,13.0,19.0,10.0,16.0,7.0,0.0,3.0,1.0,11.0,15.0,4.0,8.0,20.0,7.0,15.0,17.0,47.0,14.0,13.0,5.0,20.0,29.0,5.0,0.0,0.0,24.0,57.0,13.0,11.0,16.0,7.0,37.0,11.0,19.0,10.0,16.0,66.0,41.0,20.0,0.0,2.0,15.0,22.0,20.0,11.0,29.0,16.0,23.0,9.0,11.0,19.0,10.0,19.0,29.0,8.0,29.0,11.0,4.0,23.0,15.0,7.0,20.0,13.0,20.0,6.0,12.0,30.0,14.0,34.0,30.0,23.0,33.0,35.0,10.0,39.0,33.0,31.0,30.0,23.0,23.0,9.0,27.0,15.0,26.0,29.0,35.0,37.0,19.0,17.0,37.0,38.0,13.0,6.0,20.0,17.0,16.0,19.0,17.0,46.0,24.0,19.0,43.0,40.0,21.0,26.0,56.0,74.0,35.0,24.0,27.0,58.0,20.0,8.0,20.0,52.0,91.0,39.0,25.0,41.0
173,43.25,1.0,0.0,0.0,0.0,1.0,1.0,0.0,0.0,4.0,7.0,0.0,0.0,1.0,0.0,1.0,1.0,2.0,1.0,0.0,18.0,17.0,3.0,2.0,0.0,0.0,1.0,1.0,0.0,0.0,6.0,6.0,2.0,2.0,1.0,1.0,0.0,3.0,0.0,0.0,1.0,9.0,3.0,1.0,3.0,6.0,2.0,0.0,1.0,1.0,0.0,1.0,0.0,0.0,14.0,0.0,2.0,4.0,2.0,1.0,1.0,0.0,1.0,0.0,0.0,0.0,6.0,29.0,9.0,3.0,1.0,3.0,1.0,1.0,9.0,7.0,5.0,2.0,3.0,2.0,12.0,19.0,12.0,30.0,6.0,19.0,13.0,4.0,16.0,10.0,8.0,17.0,13.0,20.0,11.0,20.0,3.0,0.0,2.0,7.0,10.0,15.0,4.0,8.0,19.0,3.0,15.0,16.0,47.0,12.0,15.0,5.0,15.0,23.0,5.0,1.0,0.0,22.0,57.0,6.0,5.0,16.0,7.0,37.0,11.0,19.0,6.0,14.0,75.0,29.0,20.0,0.0,2.0,11.0,22.0,20.0,10.0,24.0,14.0,23.0,8.0,11.0,16.0,9.0,13.0,29.0,8.0,26.0,10.0,2.0,17.0,15.0,7.0,20.0,13.0,20.0,6.0,14.0,33.0,12.0,35.0,30.0,17.0,28.0,35.0,10.0,39.0,33.0,28.0,33.0,23.0,16.0,7.0,25.0,14.0,26.0,25.0,35.0,37.0,24.0,17.0,37.0,37.0,13.0,6.0,20.0,17.0,16.0,21.0,13.0,46.0,21.0,10.0,31.0,38.0,24.0,25.0,55.0,74.0,28.0,21.0,22.0,58.0,22.0,12.0,20.0,52.0,81.0,46.0,17.0,35.0
174,43.5,0.0,0.0,0.0,0.0,0.0,0.0,0.0,0.0,2.0,5.0,0.0,0.0,1.0,0.0,1.0,1.0,3.0,1.0,0.0,9.0,12.0,1.0,2.0,0.0,0.0,2.0,1.0,0.0,1.0,2.0,6.0,4.0,2.0,1.0,0.0,0.0,3.0,0.0,0.0,3.0,4.0,3.0,0.0,1.0,11.0,1.0,0.0,0.0,1.0,0.0,1.0,0.0,1.0,14.0,0.0,1.0,4.0,2.0,0.0,0.0,0.0,0.0,0.0,0.0,0.0,5.0,28.0,7.0,4.0,1.0,3.0,1.0,1.0,10.0,7.0,4.0,2.0,3.0,1.0,6.0,19.0,13.0,26.0,7.0,16.0,15.0,4.0,15.0,9.0,8.0,17.0,12.0,20.0,12.0,16.0,3.0,0.0,1.0,2.0,10.0,15.0,6.0,8.0,19.0,4.0,15.0,12.0,36.0,12.0,10.0,5.0,11.0,22.0,6.0,1.0,0.0,22.0,55.0,6.0,5.0,15.0,4.0,22.0,10.0,19.0,6.0,14.0,59.0,29.0,13.0,0.0,2.0,11.0,17.0,18.0,11.0,24.0,10.0,15.0,4.0,8.0,11.0,9.0,11.0,28.0,9.0,25.0,10.0,6.0,13.0,15.0,5.0,20.0,8.0,21.0,7.0,12.0,33.0,12.0,35.0,22.0,17.0,28.0,29.0,9.0,34.0,33.0,25.0,33.0,22.0,16.0,8.0,23.0,12.0,26.0,22.0,28.0,30.0,24.0,16.0,37.0,33.0,13.0,6.0,20.0,8.0,21.0,21.0,13.0,39.0,20.0,17.0,31.0,34.0,23.0,24.0,55.0,65.0,28.0,21.0,18.0,59.0,26.0,12.0,13.0,53.0,79.0,39.0,17.0,32.0
175,43.75,2.0,0.0,0.0,0.0,0.0,0.0,0.0,1.0,2.0,7.0,0.0,0.0,1.0,0.0,2.0,1.0,3.0,0.0,0.0,7.0,10.0,2.0,1.0,0.0,0.0,2.0,1.0,0.0,1.0,2.0,6.0,1.0,1.0,1.0,0.0,0.0,3.0,0.0,1.0,1.0,4.0,3.0,0.0,1.0,11.0,0.0,0.0,0.0,1.0,0.0,1.0,0.0,1.0,12.0,0.0,1.0,4.0,2.0,0.0,1.0,2.0,1.0,0.0,1.0,0.0,5.0,20.0,7.0,4.0,1.0,3.0,1.0,3.0,9.0,6.0,3.0,1.0,1.0,1.0,5.0,19.0,17.0,26.0,7.0,16.0,13.0,4.0,15.0,11.0,15.0,13.0,8.0,18.0,11.0,15.0,2.0,0.0,1.0,2.0,10.0,8.0,6.0,8.0,12.0,4.0,12.0,6.0,28.0,6.0,10.0,4.0,11.0,21.0,4.0,1.0,0.0,22.0,53.0,7.0,6.0,14.0,4.0,17.0,8.0,14.0,10.0,14.0,59.0,18.0,13.0,1.0,2.0,11.0,16.0,15.0,10.0,19.0,9.0,15.0,4.0,8.0,8.0,11.0,13.0,16.0,9.0,25.0,11.0,6.0,13.0,15.0,5.0,19.0,14.0,20.0,7.0,11.0,32.0,12.0,35.0,22.0,19.0,28.0,29.0,10.0,31.0,28.0,25.0,27.0,19.0,19.0,8.0,20.0,10.0,17.0,17.0,24.0,31.0,23.0,9.0,34.0,37.0,13.0,6.0,15.0,8.0,21.0,21.0,12.0,38.0,17.0,17.0,32.0,32.0,23.0,23.0,49.0,62.0,28.0,21.0,18.0,58.0,22.0,13.0,13.0,53.0,76.0,38.0,17.0,32.0
176,44.0,1.0,0.0,0.0,0.0,0.0,0.0,0.0,1.0,2.0,5.0,0.0,1.0,1.0,0.0,2.0,1.0,2.0,1.0,0.0,7.0,10.0,1.0,1.0,0.0,0.0,2.0,1.0,0.0,0.0,3.0,6.0,1.0,1.0,1.0,0.0,1.0,4.0,0.0,1.0,3.0,4.0,2.0,0.0,1.0,6.0,0.0,0.0,0.0,1.0,1.0,1.0,0.0,2.0,8.0,0.0,1.0,4.0,2.0,0.0,0.0,2.0,0.0,1.0,1.0,0.0,3.0,20.0,6.0,2.0,1.0,3.0,1.0,1.0,10.0,7.0,4.0,1.0,1.0,1.0,4.0,16.0,17.0,26.0,6.0,16.0,6.0,3.0,14.0,8.0,15.0,13.0,8.0,18.0,12.0,10.0,2.0,0.0,1.0,2.0,10.0,8.0,6.0,7.0,11.0,4.0,12.0,6.0,26.0,6.0,9.0,4.0,11.0,21.0,4.0,1.0,1.0,15.0,41.0,7.0,7.0,9.0,4.0,16.0,5.0,11.0,10.0,14.0,42.0,16.0,12.0,1.0,2.0,11.0,16.0,17.0,12.0,19.0,9.0,15.0,6.0,8.0,8.0,11.0,13.0,16.0,8.0,25.0,11.0,6.0,18.0,10.0,8.0,14.0,11.0,20.0,7.0,11.0,27.0,9.0,26.0,22.0,19.0,20.0,29.0,9.0,28.0,19.0,25.0,26.0,17.0,19.0,8.0,20.0,10.0,16.0,17.0,24.0,30.0,13.0,9.0,36.0,33.0,11.0,6.0,15.0,13.0,21.0,14.0,14.0,35.0,14.0,17.0,32.0,29.0,22.0,22.0,54.0,62.0,32.0,14.0,19.0,58.0,26.0,12.0,14.0,51.0,73.0,25.0,11.0,32.0
177,44.25,2.0,0.0,0.0,0.0,1.0,0.0,0.0,0.0,3.0,5.0,0.0,1.0,1.0,0.0,0.0,0.0,0.0,0.0,0.0,7.0,4.0,1.0,1.0,0.0,0.0,2.0,1.0,0.0,0.0,3.0,4.0,1.0,1.0,1.0,1.0,1.0,4.0,0.0,1.0,2.0,5.0,2.0,0.0,1.0,3.0,1.0,0.0,1.0,1.0,1.0,0.0,0.0,2.0,6.0,0.0,1.0,3.0,1.0,0.0,0.0,0.0,0.0,1.0,0.0,0.0,3.0,17.0,4.0,1.0,1.0,2.0,1.0,3.0,9.0,4.0,3.0,1.0,1.0,2.0,5.0,14.0,18.0,19.0,6.0,16.0,6.0,3.0,14.0,8.0,16.0,13.0,7.0,15.0,11.0,8.0,2.0,0.0,0.0,1.0,10.0,11.0,6.0,6.0,7.0,5.0,10.0,6.0,28.0,8.0,7.0,4.0,10.0,21.0,4.0,1.0,1.0,15.0,28.0,5.0,7.0,7.0,4.0,15.0,5.0,11.0,10.0,13.0,41.0,18.0,11.0,0.0,1.0,13.0,16.0,15.0,10.0,17.0,9.0,18.0,6.0,8.0,14.0,7.0,13.0,17.0,7.0,25.0,8.0,3.0,18.0,8.0,8.0,11.0,14.0,14.0,8.0,11.0,19.0,9.0,26.0,22.0,15.0,20.0,16.0,7.0,28.0,19.0,25.0,20.0,14.0,18.0,8.0,20.0,16.0,16.0,18.0,17.0,31.0,17.0,13.0,35.0,27.0,8.0,3.0,18.0,13.0,16.0,14.0,15.0,35.0,13.0,14.0,29.0,29.0,22.0,19.0,49.0,62.0,25.0,14.0,19.0,46.0,20.0,12.0,16.0,39.0,73.0,30.0,11.0,32.0
178,44.5,1.0,0.0,0.0,0.0,1.0,0.0,0.0,0.0,3.0,5.0,0.0,0.0,0.0,0.0,0.0,0.0,0.0,1.0,0.0,7.0,3.0,1.0,1.0,0.0,0.0,0.0,1.0,0.0,0.0,2.0,5.0,1.0,1.0,0.0,0.0,0.0,1.0,0.0,0.0,2.0,5.0,2.0,0.0,2.0,3.0,1.0,0.0,1.0,0.0,0.0,0.0,0.0,0.0,6.0,0.0,2.0,3.0,1.0,0.0,0.0,0.0,0.0,0.0,0.0,0.0,3.0,19.0,4.0,1.0,0.0,3.0,1.0,2.0,7.0,7.0,3.0,1.0,1.0,2.0,4.0,9.0,17.0,13.0,6.0,16.0,6.0,3.0,10.0,7.0,10.0,6.0,7.0,19.0,6.0,8.0,2.0,0.0,1.0,1.0,10.0,11.0,5.0,6.0,9.0,3.0,10.0,6.0,34.0,10.0,9.0,4.0,14.0,17.0,3.0,0.0,1.0,15.0,25.0,5.0,4.0,7.0,4.0,9.0,5.0,9.0,10.0,10.0,41.0,23.0,11.0,0.0,1.0,10.0,15.0,15.0,8.0,17.0,10.0,13.0,3.0,11.0,14.0,7.0,7.0,17.0,7.0,21.0,8.0,1.0,16.0,10.0,8.0,10.0,11.0,15.0,7.0,9.0,19.0,9.0,25.0,18.0,15.0,20.0,16.0,6.0,24.0,18.0,24.0,20.0,13.0,12.0,7.0,18.0,16.0,14.0,21.0,15.0,33.0,13.0,13.0,35.0,25.0,5.0,3.0,18.0,7.0,9.0,16.0,18.0,22.0,13.0,14.0,25.0,33.0,22.0,17.0,41.0,53.0,25.0,20.0,22.0,38.0,16.0,8.0,14.0,39.0,55.0,29.0,11.0,32.0
179,44.75,0.0,0.0,0.0,0.0,1.0,0.0,0.0,0.0,0.0,4.0,0.0,0.0,1.0,1.0,0.0,0.0,0.0,0.0,1.0,3.0,3.0,1.0,1.0,0.0,0.0,0.0,0.0,0.0,1.0,2.0,4.0,2.0,1.0,0.0,0.0,0.0,1.0,0.0,0.0,2.0,4.0,1.0,0.0,3.0,5.0,1.0,0.0,0.0,0.0,0.0,0.0,1.0,0.0,9.0,0.0,2.0,4.0,2.0,0.0,0.0,0.0,0.0,0.0,1.0,0.0,5.0,19.0,6.0,2.0,0.0,2.0,0.0,2.0,7.0,4.0,3.0,1.0,4.0,2.0,8.0,9.0,17.0,13.0,7.0,10.0,12.0,4.0,10.0,6.0,11.0,6.0,13.0,15.0,6.0,6.0,1.0,0.0,0.0,1.0,4.0,12.0,4.0,6.0,9.0,3.0,7.0,6.0,34.0,10.0,10.0,4.0,14.0,11.0,1.0,0.0,1.0,9.0,25.0,5.0,4.0,7.0,4.0,8.0,5.0,9.0,7.0,10.0,26.0,23.0,8.0,0.0,1.0,13.0,13.0,13.0,8.0,17.0,7.0,16.0,3.0,8.0,9.0,10.0,7.0,17.0,7.0,12.0,8.0,1.0,15.0,12.0,5.0,10.0,7.0,13.0,7.0,8.0,23.0,12.0,25.0,18.0,15.0,10.0,16.0,7.0,21.0,20.0,18.0,20.0,12.0,9.0,7.0,18.0,9.0,12.0,19.0,15.0,33.0,15.0,9.0,30.0,20.0,5.0,4.0,15.0,7.0,9.0,17.0,18.0,19.0,12.0,14.0,19.0,33.0,13.0,17.0,41.0,48.0,25.0,20.0,15.0,36.0,16.0,5.0,14.0,39.0,55.0,29.0,11.0,23.0
180,45.0,0.0,1.0,0.0,0.0,1.0,0.0,0.0,0.0,0.0,5.0,0.0,0.0,1.0,1.0,0.0,0.0,0.0,0.0,1.0,3.0,3.0,1.0,1.0,0.0,0.0,0.0,0.0,0.0,0.0,4.0,4.0,1.0,1.0,0.0,0.0,0.0,0.0,0.0,0.0,1.0,4.0,1.0,0.0,3.0,5.0,1.0,0.0,0.0,0.0,0.0,0.0,0.0,0.0,9.0,0.0,0.0,4.0,2.0,0.0,0.0,1.0,0.0,1.0,1.0,0.0,5.0,22.0,6.0,4.0,0.0,2.0,0.0,1.0,7.0,4.0,3.0,2.0,1.0,2.0,4.0,9.0,13.0,13.0,7.0,8.0,12.0,2.0,10.0,6.0,10.0,6.0,13.0,10.0,6.0,6.0,2.0,0.0,0.0,2.0,4.0,8.0,4.0,6.0,9.0,3.0,4.0,6.0,29.0,10.0,10.0,4.0,14.0,11.0,1.0,0.0,1.0,9.0,25.0,5.0,2.0,6.0,2.0,6.0,5.0,6.0,7.0,9.0,24.0,16.0,6.0,1.0,1.0,14.0,12.0,13.0,6.0,15.0,6.0,13.0,4.0,5.0,9.0,10.0,7.0,16.0,6.0,12.0,8.0,1.0,15.0,12.0,5.0,10.0,6.0,7.0,4.0,8.0,23.0,12.0,22.0,15.0,15.0,10.0,19.0,6.0,21.0,15.0,14.0,13.0,7.0,12.0,7.0,18.0,9.0,12.0,19.0,15.0,27.0,15.0,9.0,24.0,20.0,5.0,5.0,15.0,9.0,11.0,16.0,13.0,22.0,12.0,13.0,18.0,21.0,11.0,17.0,49.0,43.0,25.0,13.0,15.0,28.0,15.0,5.0,10.0,35.0,56.0,29.0,14.0,23.0
181,45.25,0.0,1.0,0.0,0.0,0.0,0.0,0.0,0.0,1.0,2.0,0.0,0.0,1.0,1.0,0.0,0.0,0.0,0.0,0.0,3.0,5.0,1.0,1.0,0.0,0.0,1.0,0.0,0.0,0.0,4.0,3.0,1.0,1.0,0.0,0.0,0.0,0.0,1.0,0.0,1.0,6.0,1.0,0.0,1.0,2.0,1.0,0.0,0.0,0.0,0.0,0.0,0.0,2.0,9.0,0.0,0.0,4.0,0.0,0.0,0.0,0.0,0.0,1.0,1.0,0.0,3.0,23.0,6.0,2.0,1.0,2.0,0.0,1.0,4.0,2.0,3.0,0.0,1.0,2.0,5.0,8.0,9.0,13.0,2.0,8.0,6.0,2.0,7.0,5.0,8.0,8.0,9.0,9.0,6.0,6.0,0.0,0.0,0.0,2.0,7.0,8.0,4.0,5.0,9.0,4.0,3.0,5.0,11.0,9.0,9.0,3.0,14.0,10.0,1.0,0.0,0.0,9.0,18.0,3.0,4.0,6.0,2.0,6.0,4.0,4.0,7.0,7.0,22.0,12.0,6.0,0.0,1.0,14.0,12.0,6.0,8.0,15.0,4.0,8.0,4.0,3.0,9.0,6.0,6.0,16.0,6.0,9.0,8.0,1.0,10.0,9.0,5.0,12.0,6.0,7.0,3.0,7.0,16.0,12.0,19.0,15.0,13.0,13.0,15.0,6.0,21.0,11.0,11.0,10.0,7.0,9.0,3.0,18.0,13.0,11.0,19.0,15.0,16.0,15.0,11.0,22.0,18.0,6.0,5.0,15.0,9.0,17.0,15.0,9.0,18.0,13.0,12.0,15.0,17.0,11.0,17.0,49.0,48.0,19.0,11.0,12.0,23.0,15.0,5.0,11.0,32.0,56.0,27.0,7.0,22.0
182,45.5,0.0,0.0,1.0,0.0,0.0,0.0,0.0,0.0,1.0,2.0,0.0,0.0,1.0,0.0,0.0,0.0,1.0,0.0,0.0,5.0,6.0,1.0,1.0,0.0,0.0,1.0,0.0,0.0,0.0,1.0,3.0,1.0,1.0,0.0,1.0,1.0,1.0,0.0,0.0,1.0,6.0,1.0,0.0,1.0,2.0,0.0,0.0,0.0,0.0,0.0,0.0,0.0,2.0,7.0,0.0,0.0,1.0,0.0,0.0,0.0,1.0,0.0,0.0,0.0,0.0,3.0,22.0,4.0,2.0,0.0,2.0,0.0,0.0,1.0,2.0,1.0,0.0,1.0,0.0,4.0,13.0,6.0,6.0,0.0,7.0,5.0,2.0,7.0,5.0,7.0,8.0,8.0,5.0,4.0,9.0,0.0,0.0,0.0,1.0,7.0,6.0,1.0,4.0,9.0,4.0,3.0,5.0,11.0,6.0,5.0,2.0,10.0,8.0,1.0,0.0,0.0,9.0,17.0,3.0,5.0,6.0,2.0,6.0,2.0,4.0,3.0,7.0,19.0,16.0,6.0,1.0,1.0,6.0,12.0,6.0,6.0,11.0,4.0,8.0,5.0,3.0,7.0,5.0,5.0,16.0,3.0,7.0,8.0,0.0,8.0,6.0,3.0,12.0,6.0,5.0,1.0,8.0,16.0,7.0,14.0,7.0,10.0,14.0,12.0,4.0,14.0,10.0,9.0,9.0,5.0,8.0,3.0,12.0,13.0,11.0,13.0,13.0,12.0,14.0,11.0,16.0,14.0,5.0,5.0,12.0,9.0,17.0,15.0,6.0,18.0,13.0,10.0,18.0,17.0,11.0,16.0,47.0,48.0,19.0,11.0,12.0,19.0,15.0,5.0,11.0,31.0,41.0,27.0,10.0,23.0
183,45.75,1.0,0.0,1.0,0.0,0.0,0.0,0.0,0.0,0.0,2.0,1.0,0.0,0.0,0.0,0.0,0.0,1.0,0.0,0.0,5.0,6.0,1.0,1.0,1.0,0.0,0.0,0.0,0.0,0.0,0.0,2.0,0.0,1.0,0.0,1.0,1.0,1.0,0.0,1.0,1.0,1.0,0.0,0.0,1.0,3.0,0.0,0.0,0.0,0.0,0.0,0.0,0.0,1.0,4.0,0.0,1.0,1.0,0.0,0.0,0.0,1.0,0.0,0.0,0.0,0.0,4.0,13.0,4.0,2.0,0.0,2.0,0.0,0.0,1.0,2.0,1.0,0.0,1.0,0.0,4.0,8.0,5.0,5.0,0.0,5.0,2.0,0.0,6.0,5.0,6.0,3.0,2.0,5.0,4.0,9.0,0.0,0.0,0.0,0.0,3.0,6.0,1.0,4.0,8.0,1.0,3.0,5.0,11.0,6.0,5.0,2.0,10.0,10.0,1.0,0.0,0.0,6.0,13.0,3.0,5.0,6.0,2.0,5.0,2.0,4.0,3.0,12.0,14.0,12.0,6.0,0.0,1.0,6.0,9.0,5.0,4.0,9.0,3.0,8.0,5.0,3.0,7.0,3.0,5.0,9.0,6.0,5.0,8.0,0.0,6.0,4.0,5.0,9.0,6.0,5.0,2.0,6.0,13.0,10.0,13.0,7.0,10.0,14.0,6.0,4.0,13.0,10.0,7.0,9.0,2.0,8.0,3.0,12.0,13.0,11.0,13.0,7.0,11.0,11.0,7.0,14.0,11.0,3.0,3.0,10.0,8.0,11.0,15.0,6.0,18.0,12.0,10.0,13.0,17.0,11.0,14.0,37.0,48.0,15.0,14.0,7.0,18.0,17.0,4.0,11.0,26.0,41.0,20.0,7.0,28.0
184,46.0,0.0,0.0,0.0,0.0,0.0,0.0,0.0,0.0,0.0,1.0,0.0,0.0,0.0,0.0,1.0,0.0,2.0,2.0,1.0,3.0,1.0,1.0,2.0,1.0,0.0,0.0,0.0,0.0,0.0,0.0,1.0,0.0,0.0,0.0,2.0,1.0,1.0,0.0,1.0,0.0,1.0,0.0,0.0,0.0,3.0,0.0,0.0,0.0,0.0,0.0,1.0,0.0,1.0,4.0,0.0,1.0,1.0,0.0,0.0,0.0,1.0,0.0,0.0,0.0,0.0,4.0,11.0,4.0,2.0,0.0,1.0,0.0,0.0,4.0,0.0,3.0,0.0,1.0,0.0,2.0,8.0,4.0,5.0,2.0,5.0,2.0,0.0,3.0,3.0,6.0,2.0,2.0,8.0,6.0,6.0,0.0,0.0,0.0,0.0,3.0,6.0,1.0,1.0,2.0,1.0,3.0,5.0,10.0,6.0,5.0,1.0,9.0,8.0,1.0,0.0,0.0,5.0,8.0,2.0,3.0,4.0,1.0,4.0,1.0,3.0,2.0,12.0,13.0,11.0,3.0,0.0,1.0,3.0,6.0,5.0,4.0,8.0,4.0,3.0,5.0,4.0,7.0,4.0,5.0,8.0,4.0,7.0,4.0,1.0,6.0,3.0,3.0,9.0,7.0,5.0,2.0,6.0,10.0,10.0,13.0,7.0,6.0,7.0,6.0,3.0,13.0,10.0,4.0,7.0,2.0,7.0,3.0,13.0,8.0,10.0,13.0,7.0,11.0,5.0,7.0,14.0,9.0,3.0,3.0,9.0,9.0,11.0,14.0,6.0,15.0,11.0,6.0,14.0,17.0,10.0,13.0,37.0,46.0,15.0,14.0,7.0,13.0,15.0,4.0,11.0,23.0,41.0,16.0,5.0,28.0
185,46.25,1.0,0.0,0.0,0.0,0.0,0.0,0.0,0.0,0.0,1.0,0.0,0.0,0.0,0.0,0.0,1.0,2.0,2.0,0.0,2.0,1.0,1.0,2.0,1.0,0.0,0.0,0.0,0.0,0.0,0.0,1.0,0.0,0.0,0.0,2.0,0.0,0.0,0.0,1.0,0.0,1.0,1.0,0.0,0.0,2.0,0.0,0.0,0.0,0.0,0.0,1.0,0.0,0.0,5.0,0.0,0.0,3.0,0.0,0.0,0.0,0.0,0.0,0.0,0.0,0.0,1.0,3.0,4.0,2.0,0.0,1.0,0.0,0.0,4.0,0.0,3.0,0.0,0.0,0.0,2.0,5.0,4.0,4.0,2.0,5.0,1.0,0.0,3.0,0.0,3.0,2.0,2.0,8.0,6.0,6.0,0.0,0.0,0.0,0.0,2.0,3.0,1.0,1.0,2.0,1.0,3.0,4.0,10.0,4.0,4.0,3.0,9.0,4.0,1.0,0.0,0.0,4.0,5.0,2.0,2.0,4.0,2.0,4.0,1.0,2.0,2.0,4.0,3.0,5.0,3.0,0.0,1.0,3.0,4.0,4.0,4.0,8.0,3.0,3.0,2.0,4.0,4.0,4.0,4.0,8.0,4.0,5.0,4.0,1.0,7.0,2.0,5.0,7.0,5.0,6.0,2.0,4.0,10.0,10.0,10.0,8.0,5.0,7.0,7.0,2.0,6.0,8.0,4.0,7.0,2.0,7.0,1.0,13.0,6.0,4.0,13.0,9.0,10.0,3.0,6.0,13.0,9.0,2.0,2.0,9.0,8.0,7.0,11.0,6.0,15.0,5.0,4.0,13.0,14.0,11.0,12.0,30.0,40.0,16.0,13.0,5.0,13.0,10.0,4.0,10.0,25.0,41.0,10.0,5.0,18.0
186,46.5,1.0,0.0,0.0,0.0,1.0,0.0,0.0,0.0,0.0,1.0,0.0,0.0,0.0,0.0,0.0,0.0,0.0,0.0,0.0,1.0,2.0,0.0,2.0,1.0,0.0,1.0,0.0,0.0,0.0,0.0,1.0,0.0,0.0,0.0,0.0,0.0,1.0,0.0,0.0,1.0,1.0,1.0,0.0,0.0,0.0,0.0,0.0,0.0,0.0,0.0,0.0,0.0,0.0,5.0,0.0,0.0,3.0,0.0,0.0,0.0,0.0,0.0,0.0,0.0,0.0,1.0,3.0,2.0,1.0,0.0,1.0,0.0,0.0,3.0,1.0,0.0,0.0,0.0,0.0,2.0,3.0,4.0,1.0,2.0,3.0,2.0,0.0,3.0,0.0,3.0,1.0,4.0,3.0,3.0,6.0,0.0,0.0,0.0,0.0,2.0,3.0,1.0,1.0,3.0,1.0,4.0,3.0,10.0,3.0,4.0,1.0,6.0,4.0,2.0,0.0,0.0,4.0,6.0,4.0,3.0,2.0,1.0,4.0,1.0,1.0,2.0,2.0,3.0,5.0,3.0,0.0,0.0,2.0,3.0,1.0,7.0,3.0,3.0,3.0,2.0,3.0,4.0,4.0,4.0,6.0,2.0,4.0,4.0,1.0,7.0,2.0,3.0,6.0,5.0,6.0,2.0,4.0,10.0,8.0,7.0,8.0,5.0,3.0,7.0,2.0,6.0,7.0,4.0,4.0,7.0,7.0,1.0,10.0,3.0,10.0,10.0,10.0,9.0,3.0,4.0,13.0,3.0,2.0,2.0,9.0,8.0,7.0,11.0,8.0,15.0,5.0,4.0,5.0,11.0,9.0,11.0,29.0,46.0,16.0,10.0,4.0,8.0,10.0,3.0,5.0,24.0,38.0,9.0,4.0,13.0
187,46.75,1.0,0.0,0.0,0.0,1.0,0.0,0.0,0.0,0.0,0.0,0.0,0.0,0.0,0.0,0.0,0.0,0.0,0.0,0.0,1.0,2.0,0.0,0.0,0.0,0.0,0.0,0.0,0.0,0.0,0.0,2.0,0.0,0.0,0.0,0.0,0.0,1.0,0.0,0.0,1.0,1.0,1.0,0.0,0.0,0.0,0.0,0.0,0.0,0.0,0.0,0.0,0.0,0.0,1.0,0.0,0.0,1.0,0.0,0.0,0.0,0.0,0.0,0.0,0.0,0.0,1.0,3.0,2.0,1.0,0.0,1.0,0.0,0.0,1.0,1.0,0.0,0.0,0.0,1.0,2.0,3.0,2.0,1.0,2.0,2.0,1.0,0.0,0.0,2.0,3.0,1.0,2.0,3.0,2.0,5.0,1.0,0.0,0.0,1.0,2.0,3.0,2.0,1.0,3.0,0.0,4.0,3.0,5.0,1.0,1.0,1.0,4.0,4.0,1.0,0.0,0.0,3.0,6.0,4.0,2.0,2.0,2.0,4.0,1.0,1.0,1.0,2.0,3.0,6.0,4.0,0.0,1.0,3.0,2.0,1.0,7.0,3.0,2.0,3.0,1.0,3.0,3.0,4.0,3.0,3.0,2.0,4.0,3.0,0.0,6.0,1.0,3.0,3.0,5.0,6.0,1.0,4.0,7.0,7.0,5.0,6.0,5.0,3.0,4.0,2.0,6.0,4.0,2.0,4.0,7.0,5.0,1.0,8.0,6.0,3.0,8.0,9.0,9.0,4.0,4.0,6.0,2.0,2.0,2.0,6.0,4.0,9.0,10.0,7.0,12.0,4.0,4.0,5.0,7.0,5.0,7.0,23.0,40.0,10.0,8.0,4.0,8.0,7.0,2.0,5.0,24.0,37.0,9.0,3.0,10.0
188,47.0,0.0,0.0,0.0,0.0,0.0,0.0,0.0,0.0,0.0,1.0,0.0,0.0,0.0,0.0,0.0,0.0,0.0,0.0,0.0,0.0,1.0,0.0,0.0,0.0,0.0,2.0,0.0,0.0,0.0,0.0,2.0,0.0,0.0,0.0,0.0,0.0,1.0,0.0,0.0,0.0,1.0,1.0,0.0,0.0,0.0,0.0,0.0,0.0,0.0,0.0,0.0,0.0,0.0,0.0,0.0,0.0,1.0,0.0,0.0,0.0,0.0,0.0,0.0,0.0,0.0,0.0,3.0,2.0,1.0,0.0,1.0,0.0,0.0,1.0,1.0,0.0,0.0,0.0,1.0,1.0,3.0,1.0,0.0,0.0,1.0,2.0,0.0,0.0,2.0,2.0,2.0,3.0,2.0,1.0,2.0,0.0,0.0,0.0,1.0,2.0,3.0,2.0,1.0,3.0,0.0,4.0,3.0,2.0,0.0,1.0,1.0,2.0,2.0,1.0,0.0,0.0,2.0,6.0,2.0,2.0,2.0,1.0,3.0,0.0,1.0,1.0,2.0,3.0,6.0,4.0,0.0,0.0,2.0,3.0,3.0,7.0,2.0,1.0,2.0,1.0,1.0,2.0,3.0,3.0,2.0,1.0,2.0,2.0,0.0,4.0,0.0,0.0,3.0,2.0,5.0,0.0,2.0,4.0,7.0,5.0,4.0,5.0,4.0,4.0,2.0,5.0,3.0,1.0,3.0,5.0,2.0,2.0,5.0,2.0,3.0,6.0,6.0,9.0,4.0,4.0,6.0,2.0,1.0,1.0,3.0,4.0,11.0,11.0,7.0,12.0,2.0,4.0,5.0,6.0,3.0,5.0,22.0,38.0,9.0,5.0,4.0,8.0,6.0,2.0,7.0,15.0,32.0,11.0,3.0,10.0
189,47.25,0.0,0.0,0.0,0.0,0.0,0.0,0.0,0.0,0.0,0.0,0.0,0.0,0.0,0.0,0.0,0.0,0.0,0.0,0.0,0.0,0.0,0.0,0.0,0.0,0.0,0.0,0.0,0.0,0.0,0.0,0.0,0.0,0.0,0.0,0.0,0.0,0.0,0.0,0.0,0.0,1.0,1.0,0.0,0.0,1.0,0.0,0.0,0.0,0.0,0.0,0.0,0.0,0.0,0.0,0.0,0.0,0.0,0.0,0.0,0.0,0.0,0.0,0.0,0.0,0.0,1.0,5.0,0.0,0.0,0.0,0.0,0.0,0.0,0.0,1.0,0.0,0.0,0.0,0.0,1.0,2.0,1.0,0.0,0.0,1.0,0.0,0.0,1.0,1.0,0.0,2.0,2.0,1.0,1.0,0.0,0.0,0.0,0.0,1.0,2.0,3.0,2.0,0.0,1.0,0.0,3.0,2.0,2.0,0.0,1.0,1.0,2.0,1.0,0.0,0.0,0.0,2.0,5.0,2.0,0.0,1.0,0.0,2.0,0.0,1.0,0.0,2.0,2.0,4.0,3.0,0.0,0.0,1.0,2.0,3.0,2.0,2.0,2.0,2.0,1.0,3.0,0.0,4.0,1.0,3.0,1.0,2.0,1.0,0.0,3.0,0.0,0.0,4.0,2.0,5.0,0.0,2.0,1.0,7.0,4.0,4.0,4.0,4.0,4.0,3.0,5.0,3.0,1.0,5.0,2.0,1.0,1.0,4.0,4.0,3.0,6.0,3.0,7.0,4.0,2.0,6.0,4.0,2.0,1.0,5.0,2.0,9.0,7.0,3.0,9.0,1.0,2.0,3.0,6.0,3.0,5.0,20.0,34.0,7.0,3.0,6.0,8.0,6.0,2.0,7.0,14.0,32.0,11.0,3.0,10.0
190,47.5,0.0,0.0,0.0,0.0,0.0,0.0,0.0,0.0,0.0,1.0,0.0,0.0,0.0,0.0,0.0,0.0,0.0,0.0,0.0,0.0,0.0,0.0,0.0,0.0,0.0,0.0,0.0,0.0,0.0,0.0,0.0,0.0,0.0,0.0,0.0,0.0,0.0,0.0,0.0,0.0,1.0,1.0,0.0,0.0,0.0,0.0,0.0,0.0,0.0,0.0,0.0,0.0,0.0,0.0,0.0,0.0,0.0,0.0,0.0,0.0,0.0,0.0,0.0,0.0,0.0,0.0,2.0,0.0,0.0,0.0,0.0,0.0,0.0,0.0,0.0,0.0,0.0,0.0,0.0,2.0,2.0,1.0,2.0,0.0,0.0,1.0,0.0,1.0,0.0,0.0,0.0,2.0,1.0,1.0,0.0,0.0,0.0,0.0,0.0,2.0,1.0,2.0,0.0,1.0,0.0,1.0,0.0,2.0,0.0,1.0,1.0,2.0,0.0,0.0,0.0,0.0,1.0,2.0,2.0,0.0,1.0,0.0,2.0,0.0,1.0,0.0,2.0,2.0,4.0,2.0,0.0,0.0,1.0,1.0,0.0,3.0,2.0,1.0,2.0,1.0,2.0,0.0,2.0,1.0,2.0,0.0,0.0,1.0,0.0,3.0,0.0,0.0,4.0,2.0,2.0,0.0,1.0,1.0,3.0,4.0,3.0,2.0,3.0,3.0,2.0,1.0,3.0,1.0,3.0,1.0,1.0,1.0,4.0,1.0,3.0,4.0,3.0,5.0,3.0,2.0,6.0,5.0,1.0,0.0,3.0,1.0,7.0,5.0,3.0,8.0,1.0,2.0,3.0,4.0,4.0,2.0,17.0,15.0,7.0,3.0,3.0,7.0,3.0,3.0,7.0,12.0,22.0,8.0,3.0,11.0
191,47.75,0.0,0.0,0.0,0.0,0.0,0.0,0.0,0.0,0.0,0.0,0.0,0.0,0.0,0.0,0.0,0.0,0.0,0.0,0.0,0.0,2.0,1.0,0.0,0.0,0.0,0.0,0.0,0.0,0.0,0.0,0.0,0.0,0.0,0.0,0.0,0.0,0.0,0.0,0.0,0.0,0.0,0.0,0.0,0.0,0.0,0.0,0.0,0.0,0.0,0.0,0.0,0.0,0.0,0.0,0.0,0.0,0.0,0.0,0.0,0.0,0.0,0.0,0.0,0.0,0.0,0.0,2.0,0.0,0.0,0.0,0.0,0.0,0.0,0.0,0.0,0.0,0.0,1.0,0.0,4.0,2.0,0.0,2.0,0.0,0.0,0.0,0.0,1.0,0.0,0.0,0.0,1.0,0.0,0.0,0.0,0.0,0.0,0.0,0.0,1.0,1.0,2.0,0.0,1.0,0.0,1.0,1.0,2.0,0.0,1.0,1.0,2.0,0.0,0.0,0.0,0.0,1.0,3.0,1.0,1.0,0.0,0.0,1.0,1.0,1.0,0.0,2.0,2.0,2.0,2.0,0.0,1.0,1.0,1.0,0.0,1.0,1.0,1.0,1.0,1.0,2.0,1.0,3.0,1.0,2.0,0.0,2.0,1.0,0.0,3.0,1.0,0.0,4.0,0.0,2.0,0.0,2.0,1.0,3.0,4.0,2.0,1.0,2.0,3.0,2.0,1.0,6.0,1.0,2.0,1.0,2.0,1.0,5.0,3.0,3.0,6.0,3.0,5.0,1.0,4.0,3.0,4.0,0.0,0.0,3.0,1.0,5.0,5.0,3.0,4.0,3.0,4.0,3.0,6.0,5.0,6.0,16.0,14.0,7.0,4.0,5.0,7.0,3.0,3.0,6.0,14.0,20.0,8.0,3.0,11.0
192,48.0,0.0,0.0,0.0,0.0,0.0,0.0,0.0,0.0,0.0,0.0,0.0,0.0,0.0,0.0,0.0,0.0,0.0,0.0,0.0,0.0,2.0,1.0,0.0,0.0,0.0,0.0,0.0,0.0,0.0,0.0,0.0,0.0,0.0,0.0,0.0,0.0,0.0,0.0,0.0,0.0,1.0,0.0,0.0,0.0,0.0,0.0,0.0,0.0,0.0,0.0,0.0,0.0,0.0,0.0,0.0,0.0,0.0,0.0,0.0,0.0,0.0,0.0,0.0,0.0,0.0,0.0,1.0,0.0,0.0,0.0,0.0,0.0,0.0,0.0,0.0,0.0,0.0,0.0,0.0,2.0,1.0,0.0,2.0,1.0,0.0,0.0,0.0,1.0,0.0,1.0,0.0,0.0,0.0,0.0,0.0,1.0,0.0,0.0,0.0,0.0,1.0,0.0,0.0,1.0,0.0,1.0,0.0,2.0,0.0,1.0,1.0,1.0,2.0,0.0,0.0,0.0,1.0,3.0,1.0,1.0,0.0,0.0,0.0,1.0,0.0,0.0,2.0,2.0,0.0,1.0,0.0,1.0,1.0,1.0,1.0,1.0,1.0,0.0,1.0,1.0,1.0,1.0,2.0,1.0,2.0,1.0,1.0,2.0,0.0,1.0,1.0,0.0,1.0,0.0,2.0,0.0,1.0,1.0,1.0,5.0,2.0,1.0,2.0,3.0,2.0,1.0,1.0,1.0,0.0,0.0,3.0,1.0,5.0,3.0,3.0,4.0,1.0,3.0,1.0,4.0,1.0,4.0,0.0,1.0,3.0,1.0,4.0,6.0,3.0,4.0,4.0,4.0,3.0,5.0,5.0,2.0,16.0,14.0,7.0,6.0,3.0,5.0,3.0,1.0,6.0,8.0,19.0,7.0,0.0,7.0
193,48.25,0.0,0.0,0.0,0.0,0.0,0.0,0.0,0.0,0.0,0.0,0.0,0.0,0.0,0.0,0.0,0.0,0.0,0.0,0.0,0.0,0.0,0.0,0.0,0.0,0.0,0.0,0.0,0.0,0.0,0.0,0.0,0.0,0.0,0.0,0.0,0.0,0.0,0.0,0.0,0.0,0.0,0.0,0.0,0.0,0.0,0.0,0.0,0.0,0.0,0.0,0.0,0.0,0.0,0.0,0.0,0.0,0.0,0.0,0.0,0.0,0.0,0.0,0.0,0.0,0.0,0.0,1.0,0.0,0.0,0.0,0.0,0.0,0.0,0.0,0.0,0.0,0.0,1.0,0.0,2.0,0.0,0.0,0.0,1.0,0.0,0.0,0.0,1.0,0.0,1.0,0.0,0.0,0.0,0.0,0.0,2.0,0.0,0.0,0.0,0.0,0.0,0.0,0.0,0.0,0.0,1.0,1.0,1.0,0.0,1.0,0.0,2.0,2.0,0.0,0.0,0.0,1.0,3.0,1.0,0.0,0.0,0.0,0.0,1.0,0.0,0.0,2.0,1.0,0.0,1.0,0.0,0.0,1.0,1.0,1.0,1.0,0.0,0.0,2.0,1.0,0.0,1.0,2.0,1.0,2.0,1.0,1.0,0.0,0.0,1.0,0.0,0.0,1.0,0.0,4.0,0.0,1.0,2.0,1.0,5.0,2.0,0.0,1.0,2.0,1.0,1.0,1.0,1.0,0.0,1.0,3.0,1.0,4.0,3.0,3.0,3.0,1.0,1.0,1.0,2.0,3.0,3.0,1.0,1.0,3.0,1.0,2.0,6.0,2.0,5.0,4.0,2.0,3.0,5.0,2.0,4.0,8.0,14.0,7.0,6.0,3.0,7.0,3.0,1.0,1.0,8.0,12.0,8.0,2.0,6.0
194,48.5,0.0,0.0,0.0,0.0,0.0,0.0,0.0,0.0,0.0,0.0,0.0,0.0,0.0,0.0,0.0,0.0,0.0,0.0,0.0,0.0,0.0,0.0,0.0,0.0,0.0,0.0,0.0,0.0,0.0,0.0,0.0,0.0,0.0,0.0,0.0,0.0,0.0,0.0,0.0,0.0,0.0,0.0,0.0,0.0,0.0,0.0,0.0,0.0,0.0,0.0,0.0,0.0,0.0,0.0,0.0,0.0,0.0,0.0,0.0,0.0,0.0,0.0,0.0,0.0,0.0,0.0,1.0,0.0,0.0,0.0,0.0,0.0,0.0,0.0,0.0,0.0,0.0,0.0,0.0,1.0,0.0,1.0,0.0,0.0,0.0,0.0,0.0,0.0,0.0,1.0,0.0,0.0,0.0,0.0,0.0,2.0,0.0,0.0,0.0,0.0,0.0,0.0,0.0,0.0,0.0,1.0,2.0,1.0,0.0,1.0,0.0,1.0,2.0,0.0,0.0,0.0,1.0,2.0,0.0,0.0,0.0,0.0,0.0,1.0,0.0,0.0,2.0,0.0,0.0,2.0,0.0,0.0,1.0,1.0,1.0,0.0,0.0,1.0,2.0,0.0,0.0,1.0,0.0,1.0,2.0,0.0,1.0,0.0,0.0,1.0,0.0,0.0,1.0,1.0,3.0,0.0,1.0,2.0,2.0,5.0,2.0,0.0,1.0,1.0,1.0,1.0,1.0,0.0,0.0,1.0,2.0,1.0,1.0,1.0,3.0,2.0,1.0,1.0,1.0,1.0,2.0,3.0,1.0,0.0,3.0,1.0,1.0,6.0,1.0,5.0,2.0,2.0,3.0,5.0,2.0,2.0,6.0,14.0,7.0,3.0,3.0,3.0,1.0,0.0,0.0,5.0,10.0,6.0,0.0,2.0
195,48.75,0.0,0.0,0.0,0.0,0.0,0.0,0.0,0.0,0.0,0.0,0.0,0.0,0.0,0.0,0.0,0.0,0.0,0.0,0.0,0.0,0.0,0.0,0.0,0.0,0.0,0.0,0.0,0.0,0.0,0.0,0.0,0.0,0.0,0.0,0.0,0.0,0.0,0.0,0.0,0.0,0.0,0.0,0.0,0.0,0.0,0.0,0.0,0.0,0.0,0.0,0.0,0.0,0.0,0.0,0.0,0.0,0.0,0.0,0.0,0.0,0.0,0.0,0.0,0.0,0.0,0.0,1.0,0.0,0.0,0.0,0.0,0.0,0.0,0.0,0.0,0.0,0.0,0.0,0.0,0.0,0.0,0.0,1.0,0.0,0.0,0.0,0.0,0.0,0.0,0.0,0.0,0.0,0.0,0.0,0.0,1.0,0.0,0.0,0.0,0.0,0.0,0.0,0.0,0.0,0.0,1.0,2.0,3.0,0.0,0.0,0.0,2.0,1.0,0.0,0.0,0.0,1.0,1.0,0.0,0.0,0.0,0.0,0.0,0.0,0.0,0.0,0.0,1.0,1.0,2.0,0.0,0.0,1.0,2.0,1.0,0.0,0.0,1.0,1.0,0.0,0.0,1.0,0.0,1.0,2.0,0.0,1.0,0.0,0.0,1.0,1.0,0.0,1.0,1.0,3.0,0.0,1.0,2.0,2.0,5.0,1.0,2.0,0.0,1.0,1.0,1.0,1.0,1.0,0.0,2.0,0.0,1.0,1.0,1.0,3.0,3.0,1.0,1.0,1.0,0.0,2.0,1.0,0.0,0.0,3.0,1.0,0.0,4.0,1.0,5.0,1.0,1.0,3.0,4.0,2.0,2.0,6.0,9.0,6.0,3.0,2.0,2.0,1.0,0.0,0.0,8.0,8.0,6.0,2.0,2.0
196,49.0,0.0,0.0,0.0,0.0,0.0,0.0,0.0,0.0,0.0,0.0,0.0,0.0,0.0,0.0,0.0,0.0,0.0,0.0,0.0,0.0,0.0,0.0,0.0,0.0,0.0,0.0,0.0,0.0,0.0,0.0,0.0,0.0,0.0,0.0,0.0,0.0,0.0,0.0,0.0,0.0,0.0,0.0,0.0,0.0,0.0,0.0,0.0,0.0,0.0,0.0,0.0,0.0,0.0,0.0,0.0,0.0,0.0,0.0,0.0,0.0,0.0,0.0,0.0,0.0,0.0,0.0,1.0,0.0,0.0,0.0,0.0,0.0,0.0,0.0,0.0,0.0,0.0,0.0,0.0,0.0,0.0,0.0,1.0,0.0,0.0,0.0,0.0,0.0,0.0,0.0,0.0,0.0,0.0,0.0,0.0,0.0,0.0,0.0,0.0,0.0,0.0,0.0,0.0,0.0,0.0,0.0,1.0,3.0,0.0,0.0,0.0,1.0,0.0,0.0,0.0,0.0,0.0,0.0,0.0,0.0,0.0,0.0,0.0,0.0,0.0,0.0,0.0,1.0,1.0,0.0,0.0,0.0,1.0,2.0,1.0,0.0,0.0,1.0,0.0,0.0,1.0,1.0,0.0,0.0,2.0,0.0,1.0,0.0,0.0,2.0,1.0,0.0,1.0,1.0,1.0,0.0,1.0,1.0,2.0,0.0,1.0,2.0,0.0,1.0,1.0,1.0,0.0,0.0,1.0,1.0,0.0,0.0,2.0,1.0,2.0,3.0,2.0,1.0,1.0,0.0,2.0,1.0,0.0,0.0,3.0,2.0,1.0,4.0,1.0,3.0,1.0,2.0,3.0,4.0,2.0,2.0,6.0,12.0,3.0,2.0,1.0,2.0,2.0,0.0,0.0,4.0,8.0,2.0,3.0,2.0
197,49.25,0.0,0.0,0.0,0.0,0.0,0.0,0.0,0.0,0.0,0.0,0.0,0.0,0.0,0.0,0.0,0.0,0.0,0.0,0.0,0.0,0.0,0.0,0.0,0.0,0.0,0.0,0.0,0.0,0.0,0.0,0.0,0.0,0.0,0.0,0.0,0.0,0.0,0.0,0.0,0.0,0.0,0.0,0.0,0.0,0.0,0.0,0.0,0.0,0.0,0.0,0.0,0.0,0.0,0.0,0.0,0.0,0.0,0.0,0.0,0.0,0.0,0.0,0.0,0.0,0.0,0.0,0.0,0.0,0.0,0.0,0.0,0.0,0.0,0.0,0.0,0.0,0.0,0.0,0.0,0.0,0.0,0.0,0.0,0.0,0.0,0.0,0.0,0.0,0.0,0.0,0.0,0.0,0.0,0.0,0.0,0.0,0.0,0.0,0.0,0.0,0.0,0.0,0.0,0.0,0.0,0.0,1.0,2.0,0.0,0.0,0.0,2.0,0.0,0.0,0.0,0.0,0.0,1.0,1.0,0.0,0.0,0.0,1.0,0.0,0.0,0.0,0.0,1.0,1.0,0.0,0.0,0.0,1.0,2.0,0.0,0.0,0.0,0.0,0.0,0.0,1.0,1.0,1.0,1.0,4.0,1.0,1.0,0.0,0.0,2.0,0.0,0.0,1.0,0.0,0.0,0.0,1.0,1.0,1.0,2.0,1.0,1.0,0.0,2.0,1.0,1.0,0.0,0.0,1.0,2.0,1.0,0.0,2.0,1.0,1.0,3.0,1.0,1.0,1.0,0.0,1.0,1.0,0.0,0.0,3.0,0.0,1.0,2.0,0.0,2.0,2.0,2.0,1.0,2.0,2.0,1.0,7.0,9.0,1.0,2.0,0.0,2.0,2.0,0.0,2.0,4.0,8.0,1.0,3.0,2.0
198,49.5,0.0,0.0,0.0,0.0,0.0,0.0,0.0,0.0,0.0,0.0,0.0,0.0,0.0,0.0,0.0,0.0,0.0,0.0,0.0,0.0,0.0,0.0,0.0,0.0,0.0,0.0,0.0,0.0,0.0,0.0,0.0,0.0,0.0,0.0,0.0,0.0,0.0,0.0,0.0,0.0,0.0,0.0,0.0,0.0,0.0,0.0,0.0,0.0,0.0,0.0,0.0,0.0,0.0,0.0,0.0,0.0,0.0,0.0,0.0,0.0,0.0,0.0,0.0,0.0,0.0,0.0,0.0,0.0,0.0,0.0,0.0,0.0,0.0,0.0,0.0,0.0,0.0,0.0,0.0,0.0,0.0,0.0,0.0,0.0,0.0,0.0,0.0,0.0,0.0,0.0,0.0,0.0,0.0,0.0,0.0,0.0,0.0,0.0,0.0,0.0,0.0,0.0,0.0,1.0,0.0,0.0,1.0,2.0,0.0,0.0,0.0,1.0,0.0,0.0,0.0,0.0,0.0,0.0,0.0,0.0,0.0,0.0,0.0,0.0,0.0,0.0,0.0,1.0,1.0,0.0,0.0,0.0,0.0,2.0,0.0,0.0,0.0,0.0,0.0,0.0,1.0,1.0,0.0,1.0,4.0,0.0,0.0,0.0,0.0,1.0,0.0,0.0,1.0,0.0,0.0,0.0,1.0,1.0,1.0,2.0,1.0,0.0,0.0,2.0,1.0,1.0,0.0,0.0,1.0,1.0,1.0,0.0,2.0,0.0,2.0,3.0,1.0,1.0,1.0,0.0,1.0,0.0,0.0,0.0,3.0,1.0,3.0,4.0,2.0,2.0,2.0,2.0,4.0,2.0,2.0,0.0,6.0,5.0,1.0,2.0,0.0,3.0,2.0,0.0,2.0,2.0,6.0,1.0,1.0,2.0
199,49.75,0.0,0.0,0.0,0.0,0.0,0.0,0.0,0.0,0.0,0.0,0.0,0.0,0.0,0.0,0.0,0.0,0.0,0.0,0.0,0.0,0.0,0.0,0.0,0.0,0.0,0.0,0.0,0.0,0.0,0.0,0.0,0.0,0.0,0.0,0.0,0.0,0.0,0.0,0.0,0.0,0.0,0.0,0.0,0.0,0.0,0.0,0.0,0.0,0.0,0.0,0.0,0.0,0.0,0.0,0.0,0.0,0.0,0.0,0.0,0.0,0.0,0.0,0.0,0.0,0.0,0.0,0.0,0.0,0.0,0.0,0.0,0.0,0.0,0.0,0.0,0.0,0.0,0.0,0.0,1.0,2.0,0.0,0.0,1.0,0.0,0.0,0.0,0.0,0.0,0.0,0.0,0.0,0.0,0.0,0.0,0.0,0.0,0.0,0.0,0.0,1.0,0.0,0.0,1.0,0.0,0.0,2.0,2.0,0.0,0.0,0.0,1.0,0.0,0.0,0.0,0.0,0.0,0.0,0.0,1.0,0.0,0.0,1.0,1.0,0.0,0.0,0.0,1.0,0.0,0.0,0.0,0.0,0.0,2.0,0.0,1.0,0.0,0.0,0.0,0.0,0.0,2.0,1.0,2.0,1.0,0.0,0.0,1.0,0.0,0.0,0.0,0.0,2.0,0.0,0.0,0.0,1.0,1.0,1.0,3.0,1.0,0.0,0.0,2.0,0.0,2.0,1.0,0.0,1.0,2.0,0.0,0.0,1.0,0.0,4.0,0.0,0.0,3.0,0.0,0.0,1.0,1.0,0.0,0.0,1.0,0.0,3.0,1.0,0.0,2.0,1.0,2.0,4.0,2.0,1.0,0.0,4.0,5.0,1.0,1.0,0.0,4.0,2.0,0.0,1.0,2.0,6.0,1.0,0.0,2.0
200,50.0,0.0,0.0,0.0,0.0,0.0,0.0,0.0,0.0,0.0,0.0,0.0,0.0,0.0,0.0,0.0,0.0,0.0,0.0,0.0,0.0,0.0,1.0,0.0,0.0,0.0,0.0,0.0,0.0,0.0,0.0,0.0,0.0,0.0,0.0,0.0,0.0,0.0,0.0,0.0,0.0,0.0,0.0,0.0,0.0,0.0,0.0,0.0,0.0,0.0,0.0,0.0,0.0,0.0,0.0,0.0,0.0,0.0,0.0,0.0,0.0,0.0,0.0,0.0,0.0,0.0,0.0,1.0,0.0,0.0,0.0,0.0,0.0,0.0,0.0,0.0,0.0,0.0,0.0,0.0,1.0,2.0,0.0,0.0,1.0,0.0,0.0,0.0,0.0,0.0,1.0,0.0,0.0,0.0,0.0,0.0,0.0,0.0,0.0,0.0,0.0,1.0,0.0,0.0,0.0,1.0,0.0,2.0,2.0,0.0,0.0,0.0,0.0,0.0,0.0,0.0,0.0,0.0,0.0,0.0,1.0,0.0,0.0,0.0,1.0,0.0,0.0,0.0,1.0,0.0,0.0,0.0,0.0,0.0,2.0,0.0,2.0,0.0,0.0,0.0,0.0,1.0,1.0,1.0,2.0,1.0,0.0,0.0,0.0,0.0,1.0,0.0,0.0,0.0,0.0,0.0,0.0,1.0,1.0,1.0,3.0,2.0,1.0,0.0,0.0,0.0,2.0,1.0,0.0,0.0,1.0,0.0,0.0,2.0,1.0,4.0,0.0,0.0,3.0,0.0,0.0,2.0,1.0,0.0,0.0,1.0,1.0,3.0,1.0,2.0,4.0,1.0,3.0,4.0,2.0,1.0,1.0,4.0,4.0,1.0,1.0,1.0,4.0,1.0,0.0,0.0,2.0,5.0,3.0,0.0,1.0
201,50.25,0.0,0.0,0.0,0.0,0.0,0.0,0.0,0.0,0.0,0.0,0.0,0.0,0.0,0.0,0.0,0.0,0.0,0.0,0.0,0.0,0.0,0.0,0.0,0.0,0.0,0.0,0.0,0.0,0.0,0.0,0.0,0.0,0.0,0.0,0.0,0.0,0.0,0.0,0.0,0.0,0.0,0.0,0.0,0.0,0.0,0.0,0.0,0.0,0.0,0.0,0.0,0.0,0.0,0.0,0.0,0.0,0.0,0.0,0.0,0.0,0.0,0.0,0.0,0.0,0.0,0.0,0.0,0.0,0.0,0.0,0.0,0.0,0.0,0.0,0.0,0.0,0.0,0.0,0.0,1.0,0.0,0.0,0.0,1.0,0.0,0.0,0.0,0.0,0.0,0.0,0.0,0.0,0.0,0.0,0.0,0.0,0.0,0.0,0.0,0.0,1.0,0.0,0.0,0.0,1.0,0.0,2.0,1.0,0.0,0.0,0.0,0.0,0.0,0.0,0.0,0.0,0.0,0.0,0.0,0.0,0.0,0.0,1.0,0.0,0.0,0.0,0.0,1.0,0.0,0.0,0.0,0.0,0.0,1.0,1.0,2.0,0.0,0.0,0.0,0.0,0.0,3.0,1.0,2.0,1.0,0.0,1.0,0.0,0.0,1.0,0.0,0.0,1.0,0.0,0.0,0.0,1.0,1.0,0.0,2.0,2.0,1.0,0.0,0.0,0.0,2.0,1.0,0.0,0.0,1.0,0.0,0.0,1.0,1.0,3.0,1.0,0.0,1.0,0.0,0.0,2.0,1.0,0.0,0.0,0.0,0.0,3.0,0.0,0.0,5.0,1.0,2.0,2.0,1.0,1.0,1.0,6.0,7.0,1.0,1.0,1.0,2.0,1.0,0.0,1.0,1.0,5.0,2.0,0.0,1.0
202,50.5,0.0,0.0,0.0,0.0,0.0,0.0,0.0,0.0,0.0,0.0,0.0,0.0,0.0,0.0,0.0,0.0,0.0,0.0,0.0,0.0,0.0,0.0,0.0,0.0,0.0,0.0,0.0,0.0,0.0,0.0,0.0,0.0,0.0,0.0,0.0,0.0,0.0,0.0,0.0,0.0,0.0,0.0,0.0,0.0,0.0,0.0,0.0,0.0,0.0,0.0,0.0,0.0,0.0,0.0,0.0,0.0,0.0,0.0,0.0,0.0,0.0,0.0,0.0,0.0,0.0,0.0,0.0,0.0,0.0,0.0,0.0,0.0,0.0,0.0,0.0,0.0,0.0,0.0,0.0,1.0,0.0,0.0,0.0,0.0,0.0,0.0,0.0,0.0,0.0,0.0,0.0,0.0,0.0,0.0,0.0,0.0,0.0,0.0,0.0,0.0,1.0,0.0,0.0,0.0,1.0,0.0,0.0,0.0,0.0,0.0,0.0,0.0,1.0,0.0,0.0,0.0,0.0,0.0,0.0,0.0,0.0,0.0,0.0,0.0,0.0,0.0,0.0,1.0,0.0,0.0,0.0,0.0,1.0,1.0,1.0,2.0,1.0,0.0,0.0,0.0,1.0,2.0,1.0,2.0,1.0,0.0,0.0,0.0,0.0,1.0,0.0,0.0,1.0,0.0,0.0,0.0,1.0,0.0,0.0,1.0,2.0,1.0,0.0,2.0,0.0,1.0,1.0,0.0,0.0,0.0,0.0,0.0,0.0,0.0,3.0,1.0,0.0,1.0,1.0,0.0,2.0,1.0,0.0,0.0,0.0,0.0,2.0,0.0,1.0,4.0,1.0,2.0,1.0,1.0,1.0,1.0,6.0,4.0,2.0,1.0,1.0,2.0,1.0,0.0,1.0,1.0,5.0,2.0,0.0,1.0
203,50.75,0.0,0.0,0.0,0.0,0.0,0.0,0.0,0.0,0.0,0.0,0.0,0.0,0.0,0.0,0.0,0.0,0.0,0.0,0.0,0.0,0.0,0.0,0.0,0.0,0.0,0.0,0.0,0.0,0.0,0.0,0.0,0.0,0.0,0.0,0.0,0.0,0.0,0.0,0.0,0.0,0.0,0.0,0.0,0.0,0.0,0.0,0.0,0.0,0.0,0.0,0.0,0.0,0.0,0.0,0.0,0.0,0.0,0.0,0.0,0.0,0.0,0.0,0.0,0.0,0.0,0.0,0.0,0.0,0.0,0.0,0.0,0.0,0.0,0.0,0.0,0.0,0.0,0.0,0.0,2.0,0.0,0.0,1.0,0.0,0.0,0.0,0.0,0.0,0.0,0.0,0.0,0.0,0.0,0.0,0.0,0.0,0.0,0.0,0.0,0.0,1.0,0.0,0.0,0.0,0.0,0.0,0.0,1.0,0.0,0.0,0.0,0.0,0.0,0.0,0.0,0.0,1.0,0.0,0.0,0.0,0.0,0.0,0.0,0.0,0.0,0.0,0.0,1.0,0.0,1.0,0.0,0.0,1.0,0.0,0.0,1.0,0.0,0.0,0.0,0.0,0.0,2.0,1.0,2.0,1.0,0.0,1.0,0.0,0.0,1.0,0.0,0.0,1.0,0.0,1.0,0.0,1.0,0.0,0.0,1.0,2.0,1.0,0.0,2.0,0.0,0.0,1.0,0.0,0.0,0.0,0.0,1.0,0.0,0.0,3.0,1.0,0.0,1.0,0.0,0.0,2.0,1.0,0.0,0.0,0.0,0.0,1.0,0.0,1.0,4.0,1.0,2.0,1.0,1.0,0.0,0.0,4.0,2.0,3.0,1.0,1.0,2.0,2.0,0.0,1.0,4.0,3.0,2.0,0.0,2.0
204,51.0,0.0,0.0,0.0,0.0,0.0,0.0,0.0,0.0,0.0,0.0,0.0,0.0,0.0,0.0,0.0,0.0,0.0,0.0,0.0,0.0,0.0,0.0,0.0,0.0,0.0,0.0,0.0,0.0,0.0,0.0,0.0,0.0,0.0,0.0,0.0,0.0,0.0,0.0,0.0,0.0,0.0,0.0,0.0,0.0,0.0,0.0,0.0,0.0,0.0,0.0,0.0,0.0,0.0,0.0,0.0,0.0,0.0,0.0,0.0,0.0,0.0,0.0,0.0,0.0,0.0,0.0,0.0,0.0,0.0,0.0,0.0,0.0,0.0,0.0,0.0,0.0,0.0,0.0,0.0,2.0,1.0,0.0,1.0,0.0,0.0,0.0,0.0,0.0,0.0,0.0,0.0,0.0,0.0,0.0,0.0,0.0,0.0,0.0,0.0,0.0,1.0,0.0,0.0,0.0,0.0,0.0,0.0,2.0,0.0,0.0,0.0,0.0,0.0,0.0,0.0,0.0,0.0,0.0,0.0,0.0,0.0,0.0,0.0,0.0,0.0,0.0,0.0,1.0,0.0,1.0,0.0,0.0,1.0,1.0,0.0,1.0,1.0,0.0,0.0,0.0,0.0,2.0,0.0,1.0,1.0,0.0,1.0,1.0,0.0,2.0,0.0,0.0,0.0,0.0,1.0,0.0,1.0,0.0,0.0,1.0,2.0,1.0,0.0,1.0,0.0,0.0,1.0,0.0,0.0,0.0,1.0,1.0,0.0,1.0,3.0,1.0,2.0,1.0,0.0,0.0,2.0,0.0,0.0,0.0,0.0,0.0,1.0,1.0,1.0,4.0,1.0,1.0,1.0,1.0,0.0,1.0,2.0,2.0,3.0,1.0,0.0,2.0,1.0,0.0,2.0,4.0,3.0,2.0,0.0,3.0
205,51.25,0.0,0.0,0.0,0.0,0.0,0.0,0.0,0.0,0.0,0.0,0.0,0.0,0.0,0.0,0.0,0.0,0.0,0.0,0.0,0.0,0.0,0.0,0.0,0.0,0.0,0.0,0.0,0.0,0.0,0.0,0.0,0.0,0.0,0.0,0.0,0.0,0.0,0.0,0.0,0.0,0.0,0.0,0.0,0.0,0.0,0.0,0.0,0.0,0.0,0.0,0.0,0.0,0.0,0.0,0.0,0.0,0.0,0.0,0.0,0.0,0.0,0.0,0.0,0.0,0.0,0.0,0.0,0.0,0.0,0.0,0.0,0.0,0.0,0.0,0.0,0.0,0.0,0.0,0.0,1.0,0.0,0.0,1.0,0.0,0.0,0.0,0.0,0.0,0.0,0.0,0.0,0.0,0.0,0.0,1.0,0.0,0.0,0.0,0.0,1.0,1.0,0.0,0.0,0.0,0.0,0.0,1.0,2.0,0.0,0.0,0.0,1.0,0.0,0.0,0.0,0.0,0.0,0.0,0.0,0.0,0.0,0.0,0.0,0.0,0.0,0.0,0.0,1.0,0.0,1.0,0.0,0.0,1.0,2.0,0.0,0.0,0.0,0.0,0.0,0.0,0.0,3.0,1.0,0.0,3.0,0.0,1.0,0.0,0.0,2.0,0.0,0.0,0.0,1.0,1.0,0.0,1.0,0.0,1.0,0.0,1.0,1.0,0.0,0.0,0.0,0.0,0.0,0.0,0.0,0.0,1.0,1.0,0.0,1.0,5.0,1.0,2.0,3.0,0.0,1.0,2.0,0.0,0.0,0.0,0.0,0.0,1.0,2.0,1.0,1.0,1.0,1.0,1.0,1.0,0.0,0.0,2.0,2.0,2.0,1.0,0.0,2.0,2.0,0.0,2.0,3.0,3.0,3.0,0.0,4.0
206,51.5,0.0,0.0,0.0,0.0,0.0,0.0,0.0,0.0,0.0,0.0,0.0,0.0,0.0,0.0,0.0,0.0,0.0,0.0,0.0,0.0,0.0,0.0,0.0,0.0,0.0,0.0,0.0,0.0,0.0,0.0,0.0,0.0,0.0,0.0,0.0,0.0,0.0,0.0,0.0,0.0,0.0,0.0,0.0,0.0,0.0,0.0,0.0,0.0,0.0,0.0,0.0,0.0,0.0,0.0,0.0,0.0,0.0,0.0,0.0,0.0,0.0,0.0,0.0,0.0,0.0,0.0,0.0,0.0,0.0,0.0,0.0,0.0,0.0,0.0,0.0,0.0,0.0,0.0,0.0,1.0,0.0,0.0,1.0,0.0,0.0,0.0,0.0,0.0,0.0,0.0,0.0,0.0,0.0,0.0,1.0,0.0,0.0,0.0,0.0,1.0,1.0,0.0,0.0,0.0,0.0,0.0,2.0,2.0,0.0,0.0,0.0,1.0,0.0,0.0,0.0,0.0,0.0,0.0,0.0,0.0,0.0,0.0,0.0,0.0,0.0,0.0,1.0,1.0,0.0,0.0,0.0,0.0,0.0,2.0,1.0,1.0,0.0,0.0,1.0,0.0,0.0,3.0,3.0,0.0,5.0,0.0,1.0,1.0,0.0,0.0,0.0,0.0,0.0,1.0,1.0,0.0,0.0,0.0,1.0,0.0,1.0,2.0,0.0,1.0,0.0,1.0,0.0,0.0,0.0,0.0,1.0,1.0,0.0,1.0,2.0,1.0,2.0,1.0,2.0,1.0,1.0,1.0,0.0,0.0,0.0,0.0,1.0,2.0,1.0,3.0,1.0,1.0,1.0,1.0,0.0,1.0,5.0,3.0,2.0,1.0,0.0,3.0,3.0,0.0,2.0,1.0,1.0,3.0,1.0,4.0
207,51.75,0.0,0.0,0.0,0.0,0.0,0.0,0.0,0.0,0.0,0.0,0.0,0.0,0.0,0.0,0.0,0.0,0.0,0.0,0.0,0.0,0.0,0.0,0.0,0.0,0.0,0.0,0.0,0.0,0.0,0.0,0.0,0.0,0.0,0.0,0.0,0.0,0.0,0.0,0.0,0.0,0.0,0.0,0.0,0.0,0.0,0.0,0.0,0.0,0.0,0.0,0.0,0.0,0.0,0.0,0.0,0.0,0.0,0.0,0.0,0.0,0.0,0.0,0.0,0.0,0.0,1.0,1.0,0.0,0.0,0.0,0.0,0.0,0.0,0.0,0.0,0.0,0.0,0.0,0.0,0.0,0.0,1.0,1.0,0.0,0.0,0.0,0.0,0.0,0.0,0.0,0.0,0.0,0.0,0.0,1.0,0.0,0.0,0.0,1.0,1.0,1.0,0.0,0.0,0.0,0.0,0.0,2.0,2.0,1.0,0.0,0.0,1.0,0.0,0.0,0.0,0.0,0.0,0.0,0.0,0.0,0.0,0.0,0.0,0.0,0.0,0.0,1.0,2.0,0.0,0.0,0.0,0.0,0.0,2.0,1.0,0.0,0.0,0.0,1.0,0.0,0.0,2.0,3.0,0.0,5.0,0.0,1.0,0.0,0.0,0.0,0.0,0.0,0.0,1.0,1.0,0.0,0.0,0.0,2.0,3.0,0.0,2.0,1.0,1.0,0.0,1.0,0.0,1.0,0.0,0.0,1.0,0.0,0.0,1.0,2.0,1.0,2.0,0.0,2.0,1.0,1.0,1.0,0.0,0.0,0.0,1.0,0.0,2.0,1.0,3.0,1.0,2.0,1.0,1.0,1.0,1.0,5.0,3.0,2.0,1.0,0.0,4.0,3.0,0.0,1.0,2.0,1.0,3.0,2.0,5.0
208,52.0,0.0,0.0,0.0,0.0,0.0,0.0,0.0,0.0,0.0,0.0,0.0,0.0,0.0,0.0,0.0,0.0,0.0,0.0,0.0,0.0,0.0,0.0,0.0,0.0,0.0,0.0,0.0,0.0,0.0,0.0,0.0,0.0,0.0,0.0,0.0,0.0,0.0,0.0,0.0,0.0,0.0,0.0,0.0,0.0,0.0,0.0,0.0,1.0,0.0,0.0,0.0,0.0,0.0,0.0,0.0,0.0,0.0,0.0,0.0,0.0,0.0,0.0,0.0,0.0,0.0,1.0,1.0,0.0,0.0,0.0,0.0,0.0,0.0,0.0,0.0,0.0,0.0,0.0,0.0,0.0,0.0,1.0,1.0,0.0,0.0,0.0,0.0,0.0,0.0,0.0,0.0,0.0,2.0,0.0,1.0,0.0,0.0,0.0,1.0,0.0,0.0,0.0,0.0,0.0,0.0,1.0,2.0,2.0,1.0,0.0,0.0,1.0,1.0,0.0,0.0,0.0,1.0,0.0,1.0,0.0,0.0,0.0,2.0,0.0,0.0,1.0,1.0,3.0,0.0,1.0,0.0,0.0,0.0,1.0,1.0,1.0,1.0,0.0,2.0,0.0,0.0,2.0,3.0,1.0,4.0,0.0,1.0,1.0,0.0,0.0,0.0,0.0,0.0,0.0,1.0,0.0,0.0,1.0,2.0,3.0,1.0,2.0,2.0,2.0,0.0,2.0,2.0,0.0,1.0,0.0,1.0,0.0,0.0,2.0,2.0,1.0,4.0,0.0,1.0,1.0,1.0,3.0,0.0,0.0,1.0,1.0,0.0,2.0,1.0,5.0,3.0,2.0,3.0,1.0,0.0,1.0,5.0,3.0,2.0,1.0,1.0,4.0,3.0,0.0,0.0,2.0,2.0,3.0,3.0,5.0
209,52.25,0.0,0.0,0.0,0.0,0.0,0.0,0.0,0.0,0.0,0.0,0.0,0.0,0.0,0.0,0.0,0.0,0.0,0.0,0.0,0.0,0.0,0.0,0.0,0.0,0.0,0.0,0.0,0.0,0.0,0.0,0.0,0.0,0.0,0.0,0.0,0.0,0.0,0.0,0.0,0.0,0.0,0.0,0.0,0.0,0.0,0.0,0.0,1.0,0.0,0.0,0.0,0.0,0.0,0.0,0.0,0.0,0.0,0.0,0.0,0.0,0.0,0.0,0.0,0.0,0.0,1.0,2.0,0.0,0.0,0.0,0.0,0.0,0.0,0.0,0.0,0.0,0.0,0.0,0.0,0.0,1.0,1.0,1.0,0.0,1.0,1.0,0.0,0.0,0.0,0.0,1.0,0.0,1.0,0.0,1.0,0.0,0.0,0.0,0.0,0.0,3.0,0.0,0.0,2.0,0.0,1.0,2.0,5.0,1.0,0.0,1.0,2.0,1.0,0.0,0.0,0.0,1.0,0.0,1.0,0.0,0.0,0.0,0.0,1.0,0.0,1.0,3.0,5.0,0.0,1.0,0.0,0.0,0.0,1.0,1.0,0.0,1.0,1.0,2.0,1.0,0.0,7.0,4.0,2.0,4.0,1.0,1.0,0.0,0.0,2.0,0.0,0.0,0.0,0.0,1.0,0.0,1.0,1.0,2.0,3.0,1.0,3.0,2.0,1.0,0.0,2.0,2.0,1.0,1.0,1.0,1.0,1.0,1.0,2.0,4.0,1.0,4.0,2.0,1.0,2.0,2.0,2.0,0.0,0.0,1.0,1.0,3.0,0.0,5.0,6.0,3.0,1.0,3.0,1.0,1.0,1.0,7.0,4.0,3.0,1.0,1.0,5.0,2.0,0.0,0.0,3.0,5.0,3.0,3.0,9.0
210,52.5,0.0,0.0,0.0,0.0,0.0,0.0,0.0,0.0,0.0,0.0,0.0,0.0,0.0,0.0,0.0,0.0,0.0,0.0,0.0,0.0,0.0,0.0,0.0,0.0,0.0,0.0,0.0,0.0,0.0,0.0,0.0,0.0,0.0,0.0,0.0,1.0,0.0,0.0,0.0,0.0,0.0,0.0,0.0,0.0,1.0,0.0,0.0,0.0,0.0,0.0,0.0,0.0,0.0,0.0,0.0,0.0,0.0,0.0,0.0,0.0,0.0,0.0,0.0,0.0,0.0,1.0,4.0,0.0,0.0,0.0,0.0,0.0,0.0,0.0,0.0,0.0,0.0,0.0,0.0,1.0,1.0,1.0,1.0,0.0,1.0,1.0,0.0,0.0,0.0,0.0,1.0,0.0,1.0,0.0,1.0,0.0,0.0,0.0,0.0,0.0,2.0,1.0,0.0,2.0,0.0,2.0,3.0,5.0,2.0,0.0,0.0,5.0,1.0,0.0,0.0,0.0,1.0,2.0,1.0,1.0,0.0,0.0,1.0,1.0,0.0,1.0,5.0,6.0,1.0,2.0,0.0,0.0,0.0,2.0,1.0,1.0,2.0,1.0,2.0,2.0,0.0,7.0,4.0,5.0,4.0,1.0,1.0,1.0,0.0,2.0,0.0,0.0,4.0,0.0,3.0,2.0,1.0,1.0,2.0,2.0,6.0,3.0,2.0,1.0,1.0,7.0,2.0,2.0,1.0,2.0,3.0,1.0,1.0,2.0,5.0,1.0,4.0,6.0,1.0,3.0,3.0,4.0,0.0,0.0,1.0,1.0,3.0,2.0,5.0,7.0,3.0,1.0,3.0,4.0,0.0,1.0,3.0,10.0,3.0,1.0,2.0,6.0,4.0,0.0,1.0,6.0,7.0,3.0,2.0,15.0
211,52.75,0.0,0.0,0.0,0.0,0.0,0.0,0.0,0.0,0.0,0.0,0.0,0.0,0.0,0.0,0.0,0.0,0.0,0.0,0.0,2.0,1.0,0.0,0.0,0.0,0.0,0.0,0.0,0.0,0.0,0.0,0.0,0.0,0.0,0.0,0.0,1.0,1.0,0.0,0.0,0.0,0.0,0.0,0.0,0.0,0.0,0.0,0.0,0.0,0.0,0.0,0.0,0.0,0.0,0.0,0.0,0.0,0.0,1.0,0.0,0.0,0.0,0.0,0.0,0.0,0.0,1.0,4.0,0.0,0.0,0.0,0.0,0.0,0.0,0.0,0.0,0.0,0.0,0.0,0.0,1.0,3.0,1.0,2.0,1.0,0.0,0.0,0.0,0.0,0.0,0.0,1.0,0.0,1.0,1.0,1.0,0.0,0.0,0.0,1.0,0.0,3.0,1.0,0.0,3.0,0.0,1.0,3.0,5.0,1.0,1.0,1.0,5.0,0.0,0.0,0.0,0.0,1.0,2.0,1.0,1.0,0.0,0.0,1.0,1.0,1.0,1.0,5.0,6.0,4.0,1.0,0.0,0.0,0.0,2.0,3.0,2.0,2.0,1.0,2.0,2.0,1.0,7.0,3.0,12.0,7.0,1.0,4.0,1.0,0.0,2.0,0.0,0.0,6.0,0.0,3.0,2.0,1.0,2.0,2.0,4.0,7.0,5.0,2.0,1.0,1.0,9.0,2.0,2.0,2.0,2.0,3.0,1.0,1.0,6.0,6.0,3.0,4.0,6.0,1.0,3.0,4.0,6.0,0.0,0.0,1.0,1.0,4.0,2.0,4.0,6.0,3.0,2.0,3.0,3.0,2.0,1.0,10.0,14.0,3.0,4.0,2.0,6.0,4.0,0.0,1.0,7.0,7.0,6.0,1.0,15.0
212,53.0,0.0,0.0,0.0,0.0,1.0,1.0,0.0,0.0,0.0,1.0,0.0,0.0,0.0,0.0,0.0,0.0,0.0,0.0,0.0,2.0,1.0,0.0,0.0,0.0,0.0,0.0,0.0,0.0,0.0,0.0,1.0,0.0,0.0,0.0,0.0,0.0,1.0,0.0,0.0,0.0,0.0,0.0,0.0,0.0,0.0,0.0,0.0,0.0,0.0,0.0,0.0,0.0,0.0,1.0,0.0,0.0,0.0,0.0,0.0,0.0,0.0,0.0,0.0,0.0,0.0,1.0,4.0,0.0,0.0,0.0,1.0,0.0,0.0,0.0,1.0,1.0,0.0,0.0,0.0,2.0,3.0,1.0,3.0,0.0,0.0,0.0,0.0,0.0,1.0,0.0,0.0,0.0,1.0,2.0,1.0,2.0,0.0,0.0,1.0,1.0,3.0,0.0,0.0,2.0,1.0,2.0,4.0,8.0,2.0,1.0,0.0,13.0,2.0,0.0,0.0,0.0,1.0,2.0,2.0,1.0,1.0,0.0,1.0,3.0,1.0,1.0,5.0,6.0,4.0,2.0,0.0,0.0,2.0,5.0,4.0,3.0,5.0,1.0,4.0,2.0,1.0,7.0,3.0,12.0,8.0,2.0,6.0,5.0,1.0,2.0,0.0,0.0,6.0,1.0,4.0,0.0,1.0,3.0,2.0,4.0,7.0,8.0,2.0,2.0,1.0,7.0,2.0,3.0,3.0,2.0,3.0,1.0,2.0,5.0,8.0,3.0,2.0,4.0,1.0,3.0,8.0,6.0,0.0,0.0,2.0,0.0,4.0,4.0,4.0,11.0,3.0,2.0,6.0,6.0,4.0,1.0,8.0,16.0,8.0,6.0,2.0,8.0,5.0,1.0,2.0,8.0,7.0,6.0,2.0,19.0
213,53.25,0.0,0.0,0.0,0.0,0.0,1.0,0.0,0.0,0.0,1.0,0.0,0.0,0.0,0.0,0.0,0.0,0.0,0.0,0.0,2.0,1.0,0.0,1.0,2.0,0.0,0.0,0.0,0.0,1.0,0.0,1.0,0.0,0.0,0.0,0.0,0.0,1.0,0.0,0.0,2.0,0.0,1.0,0.0,0.0,0.0,0.0,0.0,1.0,0.0,0.0,0.0,0.0,0.0,1.0,0.0,1.0,0.0,0.0,0.0,0.0,0.0,0.0,0.0,1.0,0.0,1.0,10.0,1.0,0.0,0.0,1.0,0.0,0.0,0.0,1.0,0.0,0.0,0.0,0.0,2.0,5.0,1.0,3.0,1.0,1.0,0.0,0.0,0.0,1.0,0.0,0.0,0.0,2.0,2.0,1.0,2.0,0.0,0.0,2.0,1.0,3.0,0.0,0.0,3.0,1.0,2.0,4.0,8.0,2.0,0.0,1.0,13.0,2.0,0.0,0.0,0.0,0.0,6.0,3.0,1.0,1.0,1.0,1.0,4.0,4.0,1.0,7.0,7.0,4.0,5.0,0.0,0.0,2.0,5.0,4.0,8.0,5.0,3.0,5.0,2.0,3.0,7.0,3.0,11.0,9.0,3.0,6.0,5.0,1.0,2.0,2.0,0.0,6.0,2.0,4.0,0.0,2.0,3.0,5.0,5.0,7.0,8.0,4.0,2.0,1.0,12.0,8.0,3.0,3.0,6.0,3.0,1.0,3.0,6.0,6.0,9.0,7.0,4.0,6.0,5.0,12.0,6.0,0.0,0.0,2.0,1.0,4.0,3.0,7.0,11.0,6.0,2.0,7.0,6.0,8.0,2.0,10.0,27.0,11.0,8.0,2.0,6.0,11.0,1.0,2.0,13.0,22.0,6.0,2.0,20.0
214,53.5,0.0,0.0,0.0,0.0,0.0,0.0,0.0,0.0,0.0,0.0,0.0,0.0,0.0,1.0,0.0,0.0,0.0,0.0,0.0,2.0,1.0,1.0,1.0,2.0,0.0,0.0,0.0,0.0,1.0,0.0,1.0,0.0,0.0,0.0,0.0,0.0,1.0,0.0,0.0,2.0,1.0,1.0,0.0,0.0,0.0,0.0,0.0,1.0,0.0,0.0,0.0,0.0,0.0,1.0,0.0,0.0,0.0,0.0,0.0,0.0,0.0,0.0,0.0,1.0,0.0,3.0,13.0,1.0,0.0,0.0,0.0,0.0,0.0,1.0,1.0,3.0,0.0,2.0,0.0,6.0,6.0,1.0,4.0,1.0,1.0,1.0,1.0,1.0,0.0,2.0,0.0,0.0,4.0,2.0,5.0,2.0,0.0,0.0,3.0,0.0,4.0,1.0,1.0,2.0,2.0,5.0,9.0,10.0,3.0,0.0,1.0,11.0,2.0,0.0,0.0,0.0,1.0,7.0,5.0,1.0,1.0,1.0,1.0,4.0,4.0,1.0,8.0,11.0,6.0,7.0,0.0,0.0,3.0,11.0,7.0,4.0,4.0,3.0,6.0,2.0,3.0,11.0,9.0,11.0,18.0,6.0,6.0,5.0,1.0,6.0,2.0,0.0,6.0,3.0,4.0,3.0,4.0,3.0,4.0,9.0,9.0,15.0,7.0,3.0,1.0,12.0,9.0,4.0,4.0,6.0,8.0,1.0,6.0,5.0,8.0,9.0,6.0,13.0,6.0,5.0,16.0,9.0,1.0,0.0,3.0,3.0,4.0,5.0,7.0,19.0,8.0,4.0,8.0,6.0,4.0,5.0,15.0,42.0,18.0,19.0,7.0,13.0,11.0,3.0,2.0,19.0,27.0,11.0,2.0,26.0
215,53.75,0.0,0.0,0.0,0.0,0.0,0.0,0.0,0.0,0.0,0.0,0.0,0.0,1.0,1.0,0.0,0.0,0.0,0.0,0.0,3.0,2.0,1.0,2.0,0.0,0.0,0.0,0.0,0.0,0.0,0.0,1.0,0.0,0.0,0.0,1.0,1.0,1.0,1.0,1.0,1.0,2.0,1.0,0.0,0.0,1.0,0.0,0.0,1.0,0.0,0.0,0.0,0.0,0.0,0.0,0.0,1.0,0.0,0.0,0.0,0.0,0.0,0.0,0.0,1.0,0.0,3.0,13.0,1.0,0.0,0.0,0.0,0.0,0.0,1.0,1.0,3.0,0.0,2.0,1.0,8.0,7.0,1.0,6.0,2.0,1.0,1.0,1.0,3.0,0.0,2.0,1.0,1.0,4.0,4.0,9.0,2.0,0.0,0.0,3.0,0.0,4.0,2.0,1.0,3.0,2.0,8.0,12.0,11.0,3.0,0.0,3.0,11.0,9.0,0.0,0.0,0.0,1.0,11.0,5.0,2.0,1.0,1.0,4.0,4.0,4.0,1.0,7.0,11.0,9.0,5.0,0.0,0.0,4.0,11.0,9.0,4.0,4.0,3.0,6.0,4.0,3.0,12.0,9.0,14.0,18.0,6.0,6.0,5.0,0.0,11.0,3.0,0.0,11.0,3.0,6.0,3.0,4.0,6.0,5.0,11.0,9.0,15.0,7.0,5.0,1.0,17.0,9.0,8.0,4.0,8.0,11.0,4.0,7.0,6.0,8.0,9.0,8.0,15.0,6.0,7.0,16.0,9.0,1.0,0.0,4.0,4.0,7.0,8.0,7.0,19.0,8.0,6.0,10.0,10.0,8.0,6.0,22.0,53.0,18.0,19.0,9.0,15.0,11.0,2.0,3.0,22.0,29.0,13.0,4.0,28.0
216,54.0,0.0,0.0,0.0,0.0,0.0,1.0,0.0,0.0,0.0,1.0,0.0,0.0,0.0,1.0,0.0,0.0,0.0,0.0,0.0,3.0,5.0,1.0,2.0,0.0,0.0,1.0,0.0,0.0,0.0,0.0,3.0,0.0,0.0,2.0,1.0,1.0,1.0,1.0,1.0,1.0,4.0,2.0,0.0,0.0,2.0,0.0,0.0,1.0,0.0,0.0,0.0,0.0,0.0,2.0,0.0,0.0,1.0,0.0,0.0,1.0,0.0,0.0,0.0,1.0,0.0,4.0,13.0,1.0,0.0,0.0,1.0,0.0,1.0,2.0,2.0,3.0,0.0,2.0,2.0,8.0,9.0,3.0,6.0,2.0,2.0,2.0,0.0,7.0,1.0,2.0,3.0,2.0,3.0,4.0,12.0,1.0,0.0,1.0,3.0,1.0,8.0,2.0,1.0,3.0,2.0,8.0,17.0,11.0,3.0,2.0,3.0,10.0,10.0,0.0,0.0,0.0,4.0,11.0,5.0,7.0,5.0,2.0,5.0,4.0,3.0,1.0,8.0,11.0,12.0,8.0,0.0,1.0,4.0,16.0,12.0,4.0,8.0,4.0,6.0,5.0,4.0,12.0,8.0,14.0,18.0,7.0,7.0,5.0,0.0,13.0,3.0,3.0,13.0,5.0,7.0,8.0,4.0,7.0,7.0,11.0,10.0,14.0,7.0,3.0,1.0,19.0,11.0,8.0,6.0,10.0,11.0,5.0,9.0,5.0,10.0,9.0,8.0,16.0,5.0,7.0,18.0,8.0,1.0,4.0,7.0,8.0,10.0,15.0,8.0,18.0,8.0,6.0,13.0,12.0,7.0,5.0,25.0,57.0,23.0,16.0,9.0,17.0,11.0,4.0,3.0,25.0,28.0,20.0,4.0,28.0
217,54.25,0.0,0.0,0.0,0.0,0.0,1.0,0.0,0.0,1.0,1.0,0.0,0.0,1.0,1.0,0.0,1.0,0.0,0.0,0.0,4.0,6.0,1.0,3.0,1.0,0.0,2.0,0.0,0.0,0.0,2.0,3.0,0.0,0.0,2.0,2.0,1.0,2.0,1.0,1.0,2.0,4.0,2.0,0.0,0.0,2.0,0.0,0.0,2.0,0.0,0.0,1.0,0.0,1.0,2.0,0.0,1.0,1.0,1.0,0.0,1.0,0.0,0.0,2.0,0.0,0.0,4.0,26.0,2.0,0.0,0.0,1.0,0.0,0.0,8.0,3.0,3.0,1.0,3.0,3.0,9.0,8.0,5.0,6.0,2.0,1.0,2.0,0.0,9.0,1.0,5.0,5.0,3.0,3.0,6.0,12.0,1.0,0.0,1.0,2.0,1.0,8.0,2.0,2.0,5.0,2.0,8.0,14.0,11.0,4.0,3.0,3.0,6.0,11.0,0.0,0.0,1.0,4.0,11.0,7.0,7.0,7.0,5.0,5.0,4.0,3.0,2.0,8.0,11.0,12.0,10.0,0.0,1.0,10.0,16.0,13.0,8.0,16.0,4.0,6.0,5.0,4.0,8.0,8.0,13.0,18.0,12.0,10.0,5.0,1.0,14.0,5.0,4.0,18.0,5.0,12.0,8.0,4.0,12.0,7.0,13.0,10.0,14.0,7.0,5.0,4.0,27.0,11.0,8.0,13.0,10.0,12.0,8.0,13.0,9.0,12.0,15.0,11.0,19.0,5.0,12.0,20.0,8.0,2.0,4.0,7.0,9.0,12.0,17.0,11.0,18.0,13.0,6.0,21.0,19.0,10.0,6.0,27.0,70.0,30.0,16.0,12.0,21.0,18.0,4.0,5.0,36.0,29.0,26.0,6.0,37.0
218,54.5,1.0,0.0,0.0,0.0,0.0,1.0,0.0,0.0,1.0,1.0,0.0,0.0,1.0,2.0,0.0,1.0,0.0,1.0,0.0,4.0,8.0,1.0,3.0,1.0,0.0,2.0,1.0,0.0,0.0,2.0,4.0,0.0,0.0,1.0,0.0,2.0,2.0,1.0,1.0,3.0,5.0,2.0,0.0,0.0,5.0,0.0,0.0,0.0,0.0,0.0,1.0,1.0,0.0,6.0,0.0,1.0,1.0,2.0,0.0,1.0,1.0,0.0,2.0,0.0,0.0,5.0,27.0,4.0,1.0,1.0,2.0,0.0,1.0,12.0,5.0,3.0,0.0,5.0,3.0,16.0,9.0,6.0,11.0,2.0,3.0,4.0,1.0,10.0,3.0,6.0,5.0,5.0,20.0,11.0,17.0,2.0,0.0,1.0,3.0,1.0,8.0,2.0,2.0,7.0,2.0,14.0,17.0,19.0,5.0,5.0,8.0,6.0,17.0,2.0,0.0,1.0,4.0,11.0,8.0,8.0,8.0,5.0,6.0,6.0,8.0,6.0,12.0,21.0,13.0,11.0,0.0,1.0,10.0,18.0,18.0,11.0,16.0,5.0,15.0,9.0,20.0,8.0,11.0,13.0,20.0,14.0,11.0,8.0,2.0,15.0,9.0,5.0,19.0,9.0,20.0,9.0,14.0,12.0,9.0,19.0,12.0,21.0,15.0,9.0,8.0,27.0,26.0,11.0,13.0,14.0,14.0,8.0,21.0,21.0,19.0,30.0,16.0,25.0,10.0,15.0,20.0,17.0,3.0,3.0,8.0,12.0,17.0,22.0,11.0,27.0,13.0,14.0,21.0,26.0,19.0,14.0,33.0,103.0,30.0,23.0,12.0,24.0,21.0,9.0,5.0,45.0,57.0,29.0,11.0,37.0
219,54.75,1.0,0.0,0.0,0.0,0.0,0.0,0.0,0.0,1.0,2.0,0.0,0.0,3.0,2.0,1.0,1.0,2.0,0.0,0.0,7.0,8.0,4.0,3.0,0.0,3.0,1.0,2.0,0.0,1.0,3.0,4.0,0.0,0.0,0.0,2.0,3.0,6.0,1.0,1.0,5.0,8.0,3.0,2.0,0.0,5.0,0.0,0.0,2.0,1.0,1.0,1.0,1.0,1.0,6.0,0.0,1.0,2.0,2.0,0.0,2.0,1.0,3.0,0.0,0.0,0.0,5.0,30.0,5.0,4.0,1.0,3.0,0.0,1.0,12.0,3.0,4.0,2.0,4.0,4.0,17.0,22.0,9.0,13.0,2.0,17.0,5.0,3.0,10.0,5.0,8.0,5.0,7.0,20.0,14.0,18.0,4.0,2.0,1.0,3.0,4.0,13.0,3.0,6.0,12.0,6.0,19.0,15.0,29.0,7.0,9.0,10.0,9.0,58.0,2.0,0.0,3.0,18.0,26.0,17.0,11.0,9.0,7.0,13.0,11.0,9.0,9.0,21.0,30.0,21.0,18.0,0.0,2.0,11.0,19.0,24.0,17.0,19.0,10.0,19.0,11.0,57.0,21.0,15.0,20.0,39.0,33.0,20.0,10.0,3.0,20.0,13.0,8.0,18.0,13.0,23.0,9.0,22.0,60.0,15.0,21.0,25.0,32.0,20.0,13.0,12.0,28.0,29.0,12.0,22.0,20.0,21.0,5.0,23.0,25.0,22.0,61.0,42.0,47.0,15.0,15.0,20.0,17.0,4.0,3.0,13.0,20.0,22.0,24.0,22.0,31.0,22.0,15.0,22.0,30.0,23.0,20.0,53.0,115.0,36.0,23.0,16.0,30.0,21.0,9.0,10.0,52.0,63.0,29.0,11.0,35.0
220,55.0,2.0,1.0,0.0,0.0,1.0,0.0,0.0,0.0,3.0,6.0,0.0,0.0,3.0,2.0,3.0,1.0,2.0,1.0,0.0,8.0,9.0,4.0,3.0,0.0,3.0,1.0,2.0,0.0,1.0,1.0,4.0,2.0,0.0,0.0,2.0,3.0,9.0,0.0,1.0,6.0,10.0,3.0,2.0,3.0,16.0,2.0,1.0,2.0,3.0,0.0,4.0,1.0,2.0,10.0,0.0,1.0,2.0,2.0,0.0,3.0,1.0,3.0,0.0,0.0,0.0,9.0,44.0,5.0,5.0,1.0,4.0,0.0,1.0,15.0,5.0,4.0,1.0,7.0,4.0,16.0,30.0,9.0,22.0,4.0,24.0,13.0,3.0,11.0,8.0,9.0,11.0,12.0,22.0,13.0,19.0,8.0,2.0,1.0,3.0,4.0,13.0,5.0,8.0,14.0,8.0,22.0,19.0,31.0,7.0,10.0,10.0,9.0,109.0,2.0,0.0,0.0,19.0,27.0,17.0,14.0,10.0,7.0,16.0,12.0,8.0,9.0,24.0,32.0,21.0,18.0,0.0,0.0,10.0,24.0,25.0,18.0,19.0,14.0,25.0,16.0,57.0,26.0,15.0,32.0,105.0,45.0,23.0,11.0,7.0,22.0,14.0,8.0,30.0,15.0,23.0,10.0,25.0,60.0,23.0,34.0,26.0,32.0,60.0,32.0,14.0,41.0,30.0,13.0,31.0,21.0,31.0,5.0,35.0,26.0,22.0,74.0,42.0,71.0,16.0,18.0,27.0,28.0,9.0,3.0,13.0,21.0,25.0,30.0,26.0,35.0,22.0,15.0,28.0,41.0,26.0,20.0,56.0,127.0,28.0,26.0,17.0,34.0,21.0,17.0,13.0,67.0,82.0,32.0,14.0,35.0
221,55.25,1.0,1.0,0.0,0.0,2.0,1.0,0.0,1.0,6.0,7.0,1.0,0.0,3.0,1.0,3.0,1.0,3.0,1.0,1.0,13.0,23.0,5.0,9.0,3.0,1.0,0.0,2.0,0.0,1.0,2.0,6.0,4.0,0.0,4.0,2.0,3.0,9.0,0.0,1.0,5.0,11.0,6.0,1.0,5.0,35.0,2.0,1.0,2.0,3.0,0.0,2.0,1.0,2.0,16.0,0.0,3.0,3.0,2.0,0.0,5.0,1.0,2.0,0.0,1.0,0.0,10.0,49.0,12.0,5.0,2.0,6.0,0.0,1.0,15.0,5.0,7.0,1.0,7.0,4.0,21.0,40.0,18.0,23.0,7.0,56.0,13.0,4.0,17.0,9.0,8.0,21.0,14.0,30.0,18.0,19.0,8.0,0.0,0.0,3.0,4.0,13.0,5.0,9.0,16.0,10.0,26.0,28.0,47.0,9.0,13.0,16.0,12.0,109.0,6.0,0.0,0.0,18.0,41.0,20.0,21.0,28.0,8.0,17.0,14.0,9.0,9.0,26.0,43.0,21.0,18.0,2.0,1.0,11.0,46.0,25.0,21.0,27.0,42.0,32.0,16.0,44.0,26.0,15.0,28.0,105.0,45.0,23.0,17.0,7.0,22.0,24.0,10.0,33.0,20.0,31.0,11.0,25.0,54.0,39.0,34.0,28.0,30.0,60.0,64.0,17.0,51.0,30.0,28.0,33.0,46.0,32.0,10.0,35.0,25.0,30.0,74.0,38.0,80.0,26.0,28.0,49.0,32.0,17.0,6.0,13.0,21.0,25.0,38.0,38.0,45.0,22.0,41.0,38.0,56.0,33.0,20.0,59.0,134.0,36.0,31.0,28.0,35.0,28.0,18.0,13.0,67.0,95.0,40.0,14.0,30.0
222,55.5,7.0,1.0,0.0,1.0,2.0,2.0,1.0,1.0,6.0,11.0,1.0,1.0,2.0,1.0,1.0,2.0,5.0,1.0,1.0,20.0,39.0,4.0,10.0,4.0,1.0,0.0,2.0,0.0,1.0,2.0,6.0,5.0,2.0,4.0,2.0,3.0,8.0,1.0,1.0,5.0,10.0,6.0,1.0,3.0,35.0,2.0,1.0,2.0,2.0,0.0,2.0,0.0,4.0,18.0,0.0,3.0,5.0,1.0,1.0,6.0,2.0,0.0,0.0,0.0,0.0,10.0,55.0,16.0,7.0,3.0,7.0,3.0,2.0,27.0,7.0,7.0,1.0,7.0,4.0,13.0,74.0,17.0,31.0,8.0,61.0,16.0,5.0,28.0,11.0,10.0,35.0,24.0,22.0,13.0,19.0,8.0,0.0,1.0,2.0,9.0,18.0,5.0,9.0,21.0,10.0,28.0,28.0,48.0,12.0,18.0,18.0,22.0,36.0,5.0,1.0,0.0,22.0,48.0,24.0,21.0,31.0,9.0,26.0,25.0,10.0,5.0,37.0,61.0,18.0,29.0,2.0,1.0,13.0,46.0,32.0,27.0,29.0,77.0,42.0,23.0,44.0,26.0,22.0,32.0,54.0,35.0,21.0,23.0,5.0,21.0,35.0,12.0,33.0,23.0,31.0,24.0,26.0,48.0,39.0,30.0,28.0,30.0,45.0,73.0,17.0,56.0,40.0,39.0,52.0,76.0,44.0,11.0,40.0,19.0,30.0,74.0,34.0,80.0,30.0,28.0,57.0,35.0,17.0,7.0,20.0,21.0,25.0,36.0,40.0,45.0,24.0,41.0,40.0,56.0,40.0,23.0,83.0,173.0,41.0,37.0,44.0,41.0,35.0,18.0,26.0,68.0,143.0,43.0,16.0,40.0
223,55.75,1.0,1.0,0.0,0.0,2.0,1.0,1.0,1.0,6.0,7.0,1.0,1.0,2.0,2.0,1.0,2.0,5.0,0.0,2.0,20.0,53.0,4.0,9.0,4.0,1.0,0.0,2.0,0.0,0.0,2.0,13.0,5.0,2.0,4.0,1.0,1.0,8.0,1.0,1.0,4.0,11.0,6.0,1.0,5.0,32.0,0.0,1.0,1.0,1.0,0.0,0.0,1.0,4.0,19.0,0.0,3.0,8.0,3.0,1.0,5.0,2.0,0.0,0.0,1.0,0.0,9.0,55.0,13.0,5.0,3.0,9.0,2.0,6.0,28.0,5.0,7.0,1.0,7.0,4.0,22.0,74.0,18.0,37.0,8.0,61.0,13.0,5.0,30.0,11.0,24.0,120.0,24.0,21.0,13.0,18.0,9.0,1.0,1.0,7.0,11.0,20.0,5.0,10.0,25.0,9.0,30.0,25.0,48.0,12.0,18.0,18.0,22.0,36.0,6.0,1.0,2.0,22.0,48.0,25.0,14.0,31.0,9.0,26.0,25.0,10.0,9.0,37.0,61.0,18.0,29.0,0.0,1.0,17.0,46.0,33.0,27.0,29.0,77.0,43.0,13.0,36.0,25.0,22.0,54.0,49.0,34.0,20.0,17.0,1.0,21.0,45.0,13.0,34.0,24.0,31.0,24.0,26.0,37.0,19.0,30.0,24.0,29.0,45.0,73.0,14.0,72.0,50.0,39.0,53.0,76.0,53.0,13.0,40.0,17.0,26.0,60.0,34.0,59.0,30.0,25.0,57.0,38.0,17.0,7.0,24.0,21.0,29.0,36.0,38.0,45.0,24.0,36.0,42.0,55.0,44.0,27.0,83.0,175.0,52.0,37.0,28.0,63.0,35.0,18.0,36.0,90.0,143.0,63.0,16.0,38.0
224,56.0,4.0,1.0,1.0,0.0,1.0,0.0,1.0,0.0,8.0,5.0,0.0,1.0,2.0,2.0,1.0,1.0,3.0,0.0,2.0,15.0,53.0,3.0,6.0,2.0,1.0,0.0,1.0,0.0,0.0,2.0,6.0,4.0,2.0,2.0,1.0,1.0,4.0,1.0,0.0,2.0,10.0,6.0,1.0,2.0,12.0,0.0,1.0,3.0,1.0,0.0,0.0,0.0,2.0,29.0,0.0,2.0,8.0,3.0,1.0,4.0,2.0,1.0,1.0,2.0,0.0,7.0,47.0,16.0,10.0,1.0,9.0,2.0,2.0,28.0,7.0,6.0,1.0,6.0,3.0,15.0,32.0,17.0,81.0,8.0,61.0,16.0,5.0,28.0,9.0,24.0,120.0,15.0,14.0,12.0,18.0,5.0,1.0,1.0,3.0,11.0,29.0,7.0,10.0,25.0,9.0,34.0,25.0,48.0,11.0,14.0,12.0,21.0,35.0,5.0,1.0,2.0,28.0,43.0,24.0,12.0,19.0,9.0,23.0,23.0,9.0,10.0,30.0,53.0,18.0,17.0,0.0,3.0,17.0,43.0,45.0,18.0,29.0,19.0,43.0,12.0,36.0,24.0,20.0,54.0,47.0,20.0,16.0,15.0,5.0,27.0,95.0,12.0,47.0,38.0,26.0,14.0,20.0,34.0,19.0,30.0,18.0,27.0,28.0,32.0,11.0,72.0,50.0,46.0,53.0,32.0,53.0,12.0,31.0,17.0,19.0,30.0,28.0,40.0,22.0,19.0,57.0,42.0,33.0,11.0,20.0,33.0,33.0,29.0,27.0,42.0,16.0,19.0,45.0,55.0,58.0,35.0,66.0,175.0,44.0,28.0,29.0,63.0,32.0,14.0,36.0,96.0,130.0,63.0,22.0,38.0
225,56.25,2.0,1.0,1.0,0.0,1.0,0.0,0.0,0.0,4.0,5.0,0.0,1.0,2.0,2.0,2.0,1.0,2.0,0.0,2.0,8.0,12.0,1.0,6.0,1.0,0.0,1.0,1.0,0.0,0.0,5.0,6.0,3.0,2.0,3.0,1.0,0.0,3.0,0.0,0.0,4.0,8.0,7.0,1.0,3.0,12.0,0.0,0.0,1.0,0.0,0.0,0.0,0.0,1.0,20.0,1.0,2.0,5.0,3.0,1.0,4.0,2.0,1.0,1.0,2.0,0.0,5.0,32.0,18.0,5.0,1.0,8.0,2.0,4.0,19.0,7.0,5.0,1.0,4.0,3.0,15.0,18.0,18.0,81.0,11.0,77.0,16.0,7.0,24.0,9.0,14.0,28.0,15.0,12.0,11.0,18.0,6.0,1.0,1.0,3.0,9.0,29.0,7.0,12.0,25.0,11.0,34.0,25.0,48.0,11.0,12.0,9.0,21.0,30.0,5.0,0.0,1.0,28.0,40.0,21.0,13.0,17.0,6.0,22.0,16.0,9.0,11.0,26.0,38.0,17.0,14.0,0.0,3.0,15.0,33.0,50.0,16.0,27.0,12.0,40.0,11.0,19.0,22.0,14.0,22.0,30.0,20.0,16.0,7.0,2.0,27.0,95.0,12.0,47.0,38.0,26.0,12.0,20.0,30.0,15.0,31.0,14.0,24.0,24.0,31.0,11.0,58.0,46.0,46.0,41.0,27.0,49.0,12.0,23.0,24.0,19.0,30.0,26.0,38.0,16.0,19.0,58.0,42.0,33.0,11.0,25.0,33.0,33.0,26.0,27.0,42.0,16.0,19.0,55.0,39.0,62.0,35.0,56.0,171.0,46.0,21.0,26.0,38.0,25.0,14.0,36.0,103.0,123.0,50.0,23.0,34.0
226,56.5,2.0,0.0,1.0,1.0,0.0,0.0,0.0,0.0,5.0,5.0,0.0,0.0,2.0,2.0,2.0,1.0,0.0,0.0,0.0,8.0,12.0,1.0,6.0,2.0,0.0,1.0,0.0,0.0,0.0,5.0,6.0,3.0,2.0,2.0,1.0,0.0,4.0,1.0,1.0,1.0,5.0,7.0,1.0,3.0,12.0,0.0,0.0,3.0,0.0,1.0,0.0,0.0,0.0,29.0,1.0,2.0,3.0,3.0,1.0,1.0,2.0,0.0,1.0,1.0,0.0,5.0,28.0,22.0,5.0,1.0,8.0,2.0,4.0,19.0,9.0,5.0,1.0,5.0,3.0,12.0,17.0,18.0,56.0,6.0,77.0,18.0,7.0,24.0,10.0,10.0,20.0,15.0,12.0,9.0,15.0,6.0,0.0,2.0,1.0,7.0,24.0,7.0,9.0,24.0,11.0,37.0,25.0,45.0,11.0,10.0,9.0,21.0,23.0,4.0,0.0,1.0,20.0,40.0,21.0,13.0,17.0,5.0,22.0,16.0,11.0,11.0,17.0,36.0,14.0,12.0,0.0,3.0,15.0,30.0,45.0,18.0,27.0,12.0,35.0,11.0,18.0,22.0,14.0,22.0,30.0,15.0,16.0,7.0,4.0,21.0,32.0,10.0,21.0,38.0,23.0,10.0,20.0,28.0,15.0,35.0,14.0,21.0,15.0,28.0,12.0,58.0,38.0,37.0,38.0,27.0,41.0,12.0,22.0,24.0,20.0,28.0,26.0,27.0,16.0,21.0,58.0,42.0,32.0,9.0,24.0,26.0,24.0,29.0,23.0,39.0,16.0,24.0,55.0,39.0,62.0,29.0,57.0,170.0,44.0,19.0,23.0,38.0,25.0,13.0,27.0,103.0,130.0,50.0,22.0,34.0
227,56.75,2.0,0.0,1.0,1.0,0.0,1.0,0.0,1.0,4.0,4.0,0.0,0.0,2.0,2.0,1.0,1.0,0.0,0.0,0.0,9.0,12.0,2.0,6.0,2.0,0.0,1.0,0.0,0.0,0.0,4.0,5.0,3.0,1.0,2.0,1.0,0.0,2.0,0.0,1.0,1.0,6.0,4.0,1.0,4.0,14.0,1.0,0.0,0.0,0.0,1.0,0.0,0.0,1.0,23.0,0.0,2.0,3.0,3.0,1.0,1.0,2.0,0.0,1.0,1.0,0.0,5.0,30.0,22.0,5.0,1.0,12.0,2.0,4.0,11.0,7.0,5.0,3.0,3.0,3.0,12.0,15.0,18.0,30.0,7.0,22.0,39.0,7.0,20.0,10.0,14.0,12.0,8.0,14.0,9.0,13.0,7.0,0.0,2.0,1.0,9.0,24.0,9.0,7.0,24.0,11.0,29.0,20.0,33.0,11.0,10.0,6.0,21.0,22.0,4.0,0.0,1.0,15.0,39.0,15.0,16.0,17.0,5.0,22.0,14.0,14.0,6.0,17.0,30.0,14.0,12.0,0.0,1.0,15.0,30.0,24.0,19.0,27.0,16.0,35.0,11.0,14.0,19.0,14.0,20.0,26.0,12.0,13.0,10.0,2.0,21.0,32.0,10.0,21.0,25.0,21.0,10.0,16.0,28.0,15.0,35.0,15.0,18.0,15.0,25.0,12.0,58.0,42.0,37.0,31.0,26.0,35.0,12.0,23.0,15.0,23.0,30.0,21.0,27.0,16.0,21.0,40.0,28.0,17.0,9.0,24.0,14.0,18.0,26.0,16.0,38.0,16.0,24.0,44.0,49.0,51.0,26.0,56.0,146.0,29.0,19.0,21.0,39.0,26.0,13.0,16.0,91.0,149.0,40.0,14.0,34.0
228,57.0,2.0,1.0,1.0,1.0,0.0,0.0,0.0,1.0,5.0,3.0,0.0,0.0,2.0,2.0,1.0,0.0,0.0,0.0,0.0,9.0,7.0,2.0,5.0,2.0,1.0,0.0,1.0,0.0,0.0,3.0,6.0,2.0,1.0,1.0,2.0,0.0,4.0,1.0,0.0,1.0,5.0,3.0,1.0,4.0,14.0,1.0,0.0,0.0,0.0,0.0,0.0,0.0,1.0,23.0,0.0,3.0,5.0,5.0,1.0,1.0,1.0,0.0,1.0,1.0,1.0,5.0,30.0,13.0,4.0,0.0,12.0,1.0,4.0,11.0,4.0,5.0,3.0,3.0,3.0,13.0,13.0,17.0,28.0,6.0,17.0,39.0,4.0,19.0,11.0,9.0,8.0,5.0,14.0,10.0,13.0,7.0,0.0,1.0,2.0,7.0,38.0,9.0,7.0,18.0,6.0,29.0,18.0,33.0,8.0,8.0,6.0,17.0,22.0,4.0,0.0,1.0,15.0,39.0,15.0,16.0,17.0,7.0,19.0,14.0,14.0,6.0,17.0,34.0,18.0,12.0,0.0,1.0,12.0,30.0,22.0,20.0,27.0,16.0,27.0,18.0,14.0,22.0,14.0,23.0,30.0,11.0,19.0,12.0,4.0,20.0,25.0,10.0,22.0,24.0,21.0,15.0,12.0,33.0,14.0,28.0,17.0,15.0,19.0,23.0,9.0,56.0,35.0,30.0,28.0,26.0,27.0,12.0,22.0,13.0,23.0,28.0,21.0,39.0,16.0,20.0,31.0,31.0,13.0,9.0,20.0,10.0,18.0,21.0,20.0,36.0,20.0,24.0,29.0,53.0,38.0,26.0,57.0,128.0,26.0,19.0,21.0,39.0,29.0,11.0,15.0,80.0,165.0,35.0,12.0,34.0
229,57.25,1.0,1.0,1.0,0.0,0.0,0.0,0.0,0.0,4.0,2.0,0.0,0.0,2.0,1.0,1.0,0.0,1.0,0.0,1.0,7.0,4.0,3.0,5.0,2.0,1.0,1.0,1.0,0.0,0.0,3.0,4.0,2.0,1.0,0.0,1.0,0.0,3.0,0.0,0.0,2.0,5.0,3.0,3.0,3.0,4.0,1.0,0.0,0.0,0.0,0.0,0.0,0.0,1.0,13.0,0.0,3.0,5.0,5.0,1.0,1.0,1.0,0.0,1.0,1.0,1.0,5.0,30.0,10.0,4.0,0.0,10.0,1.0,3.0,11.0,4.0,6.0,1.0,3.0,3.0,13.0,12.0,15.0,19.0,6.0,15.0,12.0,4.0,13.0,8.0,12.0,8.0,5.0,11.0,10.0,17.0,4.0,0.0,1.0,3.0,7.0,38.0,6.0,6.0,15.0,7.0,25.0,16.0,33.0,8.0,8.0,6.0,17.0,27.0,5.0,0.0,1.0,15.0,39.0,10.0,16.0,17.0,7.0,18.0,14.0,8.0,4.0,17.0,30.0,19.0,14.0,0.0,1.0,10.0,24.0,23.0,19.0,27.0,9.0,27.0,18.0,10.0,17.0,13.0,19.0,25.0,12.0,13.0,10.0,6.0,18.0,25.0,9.0,22.0,15.0,19.0,15.0,10.0,33.0,14.0,21.0,18.0,15.0,19.0,19.0,8.0,47.0,35.0,23.0,27.0,26.0,27.0,10.0,17.0,13.0,18.0,30.0,17.0,39.0,16.0,20.0,31.0,21.0,10.0,5.0,13.0,10.0,17.0,18.0,14.0,36.0,20.0,20.0,29.0,49.0,30.0,26.0,59.0,128.0,29.0,23.0,18.0,33.0,29.0,9.0,16.0,60.0,150.0,34.0,12.0,34.0
230,57.5,1.0,0.0,1.0,0.0,0.0,0.0,0.0,0.0,4.0,1.0,0.0,0.0,2.0,1.0,0.0,1.0,0.0,0.0,1.0,5.0,7.0,1.0,3.0,2.0,0.0,1.0,1.0,0.0,0.0,2.0,4.0,2.0,1.0,0.0,3.0,1.0,4.0,0.0,1.0,3.0,5.0,4.0,3.0,3.0,4.0,1.0,0.0,1.0,2.0,0.0,0.0,0.0,1.0,13.0,0.0,4.0,5.0,5.0,0.0,1.0,0.0,0.0,1.0,1.0,1.0,4.0,30.0,10.0,4.0,0.0,7.0,1.0,3.0,11.0,4.0,6.0,1.0,3.0,4.0,12.0,9.0,9.0,18.0,6.0,17.0,9.0,4.0,13.0,7.0,9.0,17.0,5.0,8.0,11.0,17.0,3.0,0.0,1.0,3.0,7.0,19.0,5.0,7.0,15.0,6.0,20.0,16.0,34.0,6.0,8.0,7.0,17.0,27.0,4.0,0.0,0.0,16.0,40.0,7.0,10.0,16.0,6.0,18.0,14.0,8.0,4.0,14.0,32.0,19.0,14.0,0.0,1.0,10.0,23.0,20.0,15.0,29.0,7.0,26.0,15.0,8.0,14.0,10.0,23.0,25.0,8.0,13.0,9.0,6.0,15.0,8.0,10.0,18.0,14.0,21.0,7.0,10.0,33.0,11.0,21.0,17.0,16.0,16.0,23.0,8.0,47.0,32.0,23.0,28.0,25.0,27.0,9.0,17.0,20.0,13.0,25.0,14.0,27.0,18.0,11.0,41.0,26.0,10.0,5.0,14.0,10.0,17.0,16.0,11.0,34.0,20.0,20.0,33.0,37.0,27.0,24.0,61.0,108.0,26.0,23.0,18.0,33.0,28.0,5.0,18.0,60.0,165.0,34.0,11.0,30.0
231,57.75,1.0,0.0,0.0,0.0,1.0,0.0,0.0,0.0,1.0,1.0,0.0,0.0,0.0,1.0,0.0,1.0,1.0,0.0,1.0,3.0,6.0,2.0,5.0,2.0,0.0,1.0,0.0,0.0,0.0,0.0,3.0,1.0,1.0,0.0,1.0,1.0,3.0,0.0,1.0,3.0,7.0,4.0,3.0,2.0,8.0,0.0,0.0,1.0,2.0,0.0,0.0,0.0,0.0,13.0,0.0,3.0,3.0,4.0,0.0,1.0,0.0,1.0,1.0,1.0,0.0,4.0,30.0,10.0,4.0,0.0,5.0,1.0,2.0,10.0,6.0,6.0,1.0,3.0,4.0,11.0,9.0,9.0,19.0,6.0,18.0,8.0,5.0,13.0,7.0,11.0,17.0,6.0,8.0,7.0,18.0,3.0,0.0,1.0,4.0,7.0,14.0,3.0,6.0,14.0,6.0,20.0,17.0,31.0,6.0,9.0,6.0,14.0,26.0,5.0,1.0,0.0,16.0,40.0,10.0,10.0,15.0,5.0,18.0,11.0,9.0,4.0,14.0,32.0,19.0,14.0,0.0,1.0,10.0,23.0,23.0,9.0,24.0,7.0,24.0,7.0,8.0,13.0,10.0,16.0,25.0,11.0,12.0,9.0,2.0,14.0,8.0,10.0,18.0,10.0,20.0,7.0,9.0,28.0,12.0,20.0,17.0,16.0,14.0,21.0,7.0,47.0,23.0,23.0,30.0,20.0,27.0,10.0,17.0,20.0,12.0,22.0,16.0,26.0,18.0,21.0,45.0,26.0,9.0,6.0,11.0,10.0,17.0,15.0,10.0,28.0,10.0,14.0,33.0,34.0,24.0,23.0,59.0,101.0,29.0,21.0,12.0,32.0,28.0,9.0,20.0,60.0,165.0,36.0,11.0,34.0
232,58.0,1.0,0.0,0.0,1.0,1.0,0.0,1.0,0.0,1.0,1.0,0.0,0.0,0.0,0.0,1.0,1.0,0.0,0.0,0.0,5.0,7.0,2.0,5.0,2.0,0.0,0.0,1.0,0.0,0.0,0.0,3.0,1.0,1.0,1.0,1.0,1.0,2.0,0.0,1.0,4.0,7.0,3.0,2.0,2.0,8.0,1.0,0.0,1.0,2.0,0.0,1.0,0.0,0.0,8.0,0.0,2.0,2.0,4.0,1.0,1.0,0.0,1.0,1.0,1.0,0.0,4.0,24.0,8.0,2.0,0.0,5.0,1.0,1.0,9.0,6.0,3.0,1.0,3.0,4.0,11.0,9.0,9.0,18.0,5.0,18.0,8.0,5.0,13.0,7.0,11.0,11.0,6.0,8.0,8.0,20.0,4.0,0.0,1.0,3.0,7.0,11.0,2.0,4.0,12.0,5.0,19.0,17.0,26.0,4.0,9.0,3.0,14.0,21.0,4.0,1.0,1.0,16.0,39.0,10.0,10.0,12.0,4.0,18.0,11.0,12.0,6.0,14.0,46.0,18.0,13.0,0.0,1.0,10.0,21.0,20.0,9.0,26.0,9.0,24.0,7.0,12.0,14.0,9.0,15.0,24.0,9.0,13.0,9.0,1.0,14.0,9.0,10.0,19.0,10.0,20.0,9.0,9.0,29.0,10.0,23.0,16.0,16.0,14.0,29.0,7.0,35.0,23.0,23.0,30.0,18.0,23.0,9.0,17.0,12.0,13.0,16.0,16.0,26.0,15.0,18.0,45.0,26.0,6.0,6.0,14.0,11.0,17.0,15.0,11.0,28.0,9.0,14.0,33.0,34.0,25.0,24.0,54.0,98.0,26.0,21.0,15.0,38.0,22.0,5.0,20.0,67.0,165.0,36.0,11.0,42.0
233,58.25,1.0,0.0,0.0,1.0,1.0,1.0,1.0,0.0,2.0,2.0,0.0,0.0,1.0,0.0,1.0,1.0,0.0,0.0,0.0,6.0,6.0,2.0,5.0,2.0,1.0,0.0,1.0,0.0,1.0,1.0,4.0,1.0,1.0,1.0,1.0,1.0,1.0,0.0,1.0,4.0,4.0,1.0,0.0,2.0,8.0,0.0,0.0,2.0,0.0,0.0,1.0,0.0,0.0,8.0,0.0,2.0,2.0,4.0,1.0,1.0,0.0,0.0,1.0,1.0,0.0,5.0,21.0,11.0,2.0,0.0,5.0,3.0,1.0,9.0,6.0,6.0,1.0,3.0,2.0,11.0,10.0,8.0,18.0,5.0,18.0,8.0,6.0,17.0,10.0,11.0,8.0,6.0,8.0,7.0,20.0,5.0,0.0,1.0,1.0,7.0,10.0,3.0,4.0,10.0,5.0,16.0,17.0,26.0,4.0,9.0,3.0,13.0,21.0,2.0,1.0,1.0,16.0,39.0,11.0,5.0,12.0,4.0,20.0,11.0,12.0,6.0,15.0,46.0,17.0,13.0,0.0,1.0,10.0,20.0,21.0,9.0,16.0,9.0,24.0,12.0,12.0,14.0,11.0,15.0,22.0,9.0,15.0,7.0,1.0,9.0,10.0,7.0,19.0,10.0,20.0,9.0,8.0,29.0,12.0,23.0,17.0,12.0,8.0,21.0,9.0,35.0,28.0,19.0,26.0,18.0,23.0,10.0,18.0,12.0,11.0,15.0,16.0,26.0,15.0,19.0,36.0,27.0,6.0,5.0,16.0,14.0,15.0,15.0,11.0,28.0,10.0,15.0,34.0,34.0,24.0,20.0,43.0,94.0,25.0,22.0,12.0,38.0,24.0,5.0,20.0,57.0,91.0,36.0,12.0,42.0
234,58.5,1.0,0.0,0.0,1.0,0.0,1.0,1.0,0.0,4.0,2.0,0.0,0.0,1.0,0.0,0.0,1.0,0.0,0.0,0.0,6.0,6.0,2.0,6.0,3.0,1.0,0.0,1.0,0.0,1.0,1.0,6.0,2.0,1.0,2.0,1.0,0.0,1.0,0.0,1.0,4.0,4.0,1.0,1.0,2.0,8.0,1.0,0.0,2.0,0.0,0.0,1.0,0.0,1.0,11.0,0.0,2.0,4.0,4.0,0.0,3.0,0.0,0.0,1.0,1.0,0.0,5.0,21.0,10.0,1.0,0.0,6.0,3.0,1.0,12.0,6.0,7.0,1.0,3.0,2.0,11.0,8.0,10.0,14.0,5.0,15.0,7.0,5.0,18.0,11.0,13.0,8.0,7.0,8.0,8.0,20.0,4.0,1.0,1.0,1.0,5.0,10.0,5.0,4.0,12.0,5.0,16.0,18.0,28.0,4.0,9.0,4.0,11.0,23.0,1.0,1.0,1.0,14.0,39.0,12.0,10.0,15.0,6.0,27.0,12.0,14.0,6.0,15.0,48.0,17.0,13.0,0.0,1.0,10.0,20.0,16.0,11.0,22.0,9.0,22.0,12.0,10.0,15.0,11.0,18.0,22.0,9.0,15.0,6.0,1.0,9.0,9.0,5.0,23.0,10.0,26.0,8.0,10.0,32.0,7.0,25.0,16.0,18.0,8.0,29.0,14.0,38.0,30.0,19.0,26.0,25.0,22.0,10.0,19.0,12.0,18.0,15.0,11.0,26.0,14.0,18.0,36.0,27.0,7.0,5.0,19.0,14.0,15.0,12.0,11.0,35.0,9.0,15.0,34.0,35.0,20.0,29.0,43.0,89.0,22.0,22.0,15.0,42.0,22.0,4.0,16.0,48.0,91.0,36.0,12.0,41.0
235,58.75,1.0,0.0,0.0,1.0,0.0,5.0,0.0,0.0,4.0,7.0,0.0,1.0,1.0,0.0,0.0,1.0,0.0,1.0,1.0,6.0,6.0,1.0,4.0,2.0,0.0,0.0,0.0,0.0,0.0,1.0,4.0,2.0,2.0,2.0,1.0,0.0,1.0,0.0,1.0,2.0,3.0,3.0,0.0,2.0,17.0,0.0,1.0,1.0,0.0,0.0,1.0,0.0,0.0,12.0,1.0,1.0,6.0,7.0,0.0,3.0,0.0,0.0,1.0,0.0,0.0,4.0,36.0,11.0,3.0,0.0,6.0,1.0,2.0,13.0,6.0,7.0,2.0,5.0,2.0,11.0,17.0,10.0,16.0,2.0,15.0,9.0,5.0,27.0,11.0,12.0,11.0,7.0,7.0,8.0,20.0,5.0,0.0,1.0,1.0,5.0,10.0,5.0,6.0,11.0,5.0,16.0,21.0,33.0,5.0,9.0,7.0,13.0,23.0,2.0,1.0,0.0,14.0,52.0,13.0,10.0,15.0,6.0,30.0,12.0,12.0,4.0,15.0,48.0,20.0,10.0,0.0,1.0,10.0,19.0,21.0,12.0,22.0,8.0,21.0,10.0,10.0,15.0,13.0,18.0,26.0,10.0,8.0,7.0,2.0,9.0,10.0,4.0,29.0,15.0,26.0,8.0,8.0,34.0,12.0,28.0,16.0,18.0,10.0,27.0,14.0,54.0,33.0,23.0,35.0,25.0,31.0,10.0,21.0,10.0,14.0,20.0,11.0,22.0,14.0,16.0,40.0,27.0,8.0,3.0,19.0,13.0,20.0,12.0,14.0,35.0,11.0,14.0,34.0,33.0,19.0,24.0,56.0,89.0,25.0,22.0,15.0,45.0,22.0,4.0,19.0,48.0,93.0,36.0,12.0,36.0
236,59.0,1.0,0.0,0.0,0.0,0.0,1.0,0.0,0.0,4.0,7.0,0.0,1.0,1.0,0.0,2.0,2.0,1.0,1.0,1.0,9.0,6.0,2.0,6.0,2.0,0.0,1.0,0.0,0.0,0.0,0.0,6.0,2.0,2.0,1.0,1.0,1.0,2.0,0.0,0.0,2.0,5.0,3.0,1.0,2.0,17.0,1.0,1.0,1.0,1.0,0.0,0.0,0.0,1.0,12.0,1.0,1.0,6.0,7.0,0.0,2.0,0.0,1.0,1.0,1.0,0.0,4.0,36.0,10.0,3.0,1.0,8.0,1.0,2.0,13.0,6.0,6.0,1.0,5.0,4.0,10.0,8.0,10.0,16.0,1.0,20.0,7.0,4.0,30.0,11.0,12.0,12.0,8.0,8.0,9.0,24.0,4.0,1.0,1.0,3.0,8.0,10.0,5.0,6.0,12.0,5.0,16.0,23.0,38.0,5.0,10.0,7.0,18.0,23.0,2.0,1.0,0.0,21.0,54.0,16.0,10.0,16.0,4.0,37.0,16.0,12.0,3.0,16.0,50.0,25.0,10.0,0.0,1.0,11.0,25.0,22.0,12.0,26.0,12.0,21.0,10.0,12.0,20.0,13.0,18.0,32.0,13.0,8.0,8.0,2.0,12.0,10.0,4.0,32.0,11.0,26.0,6.0,10.0,42.0,12.0,28.0,16.0,18.0,12.0,27.0,11.0,58.0,33.0,23.0,35.0,22.0,27.0,7.0,21.0,9.0,14.0,25.0,20.0,22.0,14.0,11.0,42.0,33.0,9.0,3.0,15.0,10.0,21.0,20.0,14.0,37.0,9.0,14.0,39.0,28.0,19.0,24.0,58.0,90.0,28.0,22.0,20.0,45.0,16.0,6.0,17.0,55.0,121.0,36.0,14.0,33.0
237,59.25,2.0,0.0,0.0,0.0,0.0,1.0,0.0,0.0,4.0,3.0,0.0,1.0,1.0,3.0,2.0,3.0,1.0,1.0,0.0,9.0,6.0,2.0,3.0,2.0,0.0,1.0,0.0,0.0,0.0,0.0,4.0,3.0,2.0,0.0,1.0,1.0,1.0,0.0,0.0,2.0,6.0,3.0,0.0,2.0,13.0,0.0,1.0,1.0,1.0,0.0,1.0,0.0,2.0,14.0,1.0,4.0,9.0,7.0,0.0,1.0,0.0,1.0,1.0,0.0,0.0,4.0,30.0,11.0,3.0,1.0,9.0,1.0,1.0,16.0,6.0,6.0,2.0,5.0,4.0,10.0,16.0,12.0,24.0,1.0,26.0,13.0,3.0,30.0,11.0,12.0,12.0,12.0,9.0,12.0,25.0,5.0,1.0,1.0,1.0,8.0,17.0,6.0,6.0,12.0,7.0,26.0,21.0,38.0,5.0,10.0,9.0,18.0,26.0,2.0,0.0,0.0,24.0,54.0,17.0,6.0,15.0,4.0,41.0,16.0,12.0,4.0,20.0,58.0,20.0,10.0,0.0,1.0,9.0,20.0,27.0,14.0,26.0,12.0,23.0,10.0,14.0,26.0,13.0,17.0,29.0,12.0,17.0,8.0,4.0,15.0,14.0,9.0,32.0,11.0,26.0,6.0,13.0,42.0,13.0,29.0,16.0,18.0,14.0,18.0,11.0,58.0,32.0,26.0,33.0,22.0,31.0,7.0,21.0,9.0,14.0,32.0,20.0,22.0,15.0,11.0,42.0,39.0,9.0,4.0,15.0,13.0,21.0,20.0,14.0,37.0,11.0,18.0,39.0,27.0,19.0,20.0,56.0,113.0,29.0,19.0,20.0,45.0,22.0,7.0,17.0,64.0,138.0,47.0,14.0,33.0
238,59.5,4.0,1.0,0.0,0.0,1.0,1.0,0.0,0.0,4.0,1.0,0.0,1.0,1.0,3.0,0.0,3.0,1.0,0.0,0.0,9.0,11.0,2.0,5.0,3.0,0.0,3.0,0.0,0.0,0.0,0.0,6.0,3.0,0.0,0.0,1.0,1.0,2.0,0.0,0.0,2.0,6.0,5.0,1.0,3.0,5.0,1.0,1.0,0.0,1.0,0.0,0.0,0.0,2.0,14.0,0.0,4.0,9.0,4.0,0.0,1.0,1.0,1.0,0.0,1.0,0.0,5.0,30.0,12.0,5.0,1.0,9.0,0.0,1.0,16.0,9.0,5.0,1.0,2.0,6.0,11.0,12.0,12.0,31.0,3.0,27.0,11.0,2.0,32.0,13.0,14.0,14.0,8.0,10.0,9.0,24.0,4.0,1.0,1.0,5.0,8.0,17.0,5.0,7.0,16.0,7.0,26.0,22.0,43.0,5.0,13.0,6.0,18.0,28.0,1.0,0.0,1.0,23.0,57.0,17.0,6.0,15.0,5.0,48.0,18.0,12.0,4.0,20.0,65.0,24.0,11.0,0.0,1.0,8.0,22.0,27.0,15.0,25.0,12.0,30.0,13.0,14.0,20.0,12.0,23.0,29.0,12.0,19.0,8.0,2.0,20.0,16.0,9.0,33.0,11.0,27.0,6.0,13.0,42.0,16.0,35.0,17.0,22.0,24.0,18.0,9.0,51.0,32.0,27.0,33.0,19.0,31.0,9.0,21.0,16.0,16.0,32.0,20.0,33.0,15.0,16.0,53.0,40.0,9.0,5.0,20.0,11.0,22.0,18.0,15.0,42.0,11.0,24.0,42.0,28.0,23.0,20.0,58.0,119.0,30.0,19.0,20.0,56.0,24.0,7.0,17.0,55.0,138.0,48.0,15.0,33.0
239,59.75,4.0,1.0,1.0,0.0,1.0,0.0,1.0,0.0,5.0,3.0,0.0,1.0,0.0,0.0,0.0,2.0,1.0,0.0,0.0,9.0,4.0,2.0,5.0,3.0,0.0,3.0,0.0,0.0,0.0,0.0,6.0,3.0,0.0,0.0,1.0,2.0,2.0,1.0,1.0,2.0,6.0,5.0,1.0,3.0,5.0,1.0,1.0,0.0,1.0,1.0,1.0,0.0,1.0,14.0,0.0,4.0,5.0,4.0,0.0,1.0,1.0,1.0,0.0,0.0,0.0,2.0,38.0,12.0,7.0,3.0,8.0,0.0,1.0,16.0,9.0,6.0,0.0,5.0,6.0,11.0,16.0,12.0,31.0,5.0,26.0,11.0,2.0,32.0,13.0,15.0,12.0,9.0,12.0,12.0,24.0,4.0,1.0,0.0,6.0,8.0,17.0,6.0,7.0,17.0,6.0,21.0,21.0,43.0,8.0,8.0,7.0,18.0,28.0,1.0,1.0,1.0,23.0,58.0,10.0,7.0,15.0,7.0,48.0,15.0,16.0,6.0,22.0,77.0,19.0,11.0,0.0,1.0,8.0,22.0,31.0,14.0,25.0,8.0,32.0,16.0,12.0,18.0,12.0,17.0,27.0,12.0,19.0,8.0,4.0,20.0,16.0,9.0,34.0,11.0,32.0,11.0,17.0,31.0,16.0,29.0,17.0,22.0,20.0,25.0,8.0,51.0,32.0,27.0,41.0,19.0,31.0,9.0,22.0,16.0,17.0,32.0,20.0,33.0,15.0,19.0,57.0,39.0,15.0,5.0,23.0,11.0,22.0,13.0,15.0,44.0,13.0,24.0,42.0,33.0,26.0,20.0,72.0,120.0,35.0,19.0,21.0,58.0,30.0,13.0,18.0,68.0,147.0,50.0,15.0,39.0
240,60.0,3.0,1.0,0.0,0.0,1.0,1.0,1.0,0.0,2.0,1.0,0.0,0.0,0.0,0.0,0.0,1.0,1.0,0.0,0.0,7.0,11.0,1.0,5.0,3.0,0.0,1.0,1.0,0.0,0.0,1.0,6.0,0.0,0.0,0.0,1.0,2.0,4.0,0.0,1.0,3.0,11.0,8.0,1.0,1.0,4.0,1.0,1.0,0.0,1.0,1.0,1.0,0.0,0.0,17.0,0.0,3.0,5.0,4.0,0.0,3.0,2.0,1.0,0.0,1.0,0.0,6.0,38.0,9.0,7.0,3.0,7.0,1.0,2.0,16.0,9.0,5.0,0.0,3.0,4.0,11.0,13.0,11.0,23.0,5.0,22.0,9.0,5.0,30.0,12.0,15.0,10.0,9.0,13.0,10.0,22.0,4.0,0.0,0.0,6.0,8.0,18.0,7.0,6.0,17.0,6.0,21.0,22.0,38.0,5.0,8.0,6.0,18.0,28.0,1.0,1.0,1.0,23.0,58.0,10.0,7.0,15.0,7.0,37.0,13.0,17.0,6.0,19.0,78.0,22.0,9.0,0.0,2.0,8.0,28.0,31.0,15.0,25.0,8.0,34.0,16.0,12.0,18.0,11.0,20.0,27.0,14.0,19.0,10.0,2.0,17.0,16.0,2.0,34.0,16.0,32.0,11.0,14.0,31.0,16.0,46.0,18.0,22.0,21.0,25.0,8.0,65.0,36.0,31.0,41.0,19.0,33.0,10.0,23.0,15.0,18.0,20.0,20.0,25.0,19.0,19.0,58.0,34.0,15.0,5.0,27.0,10.0,18.0,17.0,19.0,44.0,16.0,24.0,42.0,36.0,24.0,21.0,76.0,133.0,35.0,24.0,21.0,60.0,44.0,13.0,18.0,84.0,191.0,56.0,13.0,43.0
241,60.25,3.0,0.0,1.0,0.0,0.0,0.0,0.0,0.0,5.0,2.0,0.0,0.0,0.0,0.0,0.0,1.0,1.0,0.0,0.0,10.0,8.0,5.0,6.0,1.0,0.0,1.0,1.0,0.0,0.0,1.0,6.0,2.0,0.0,0.0,1.0,0.0,2.0,0.0,1.0,3.0,11.0,8.0,0.0,1.0,8.0,0.0,1.0,1.0,1.0,0.0,1.0,1.0,0.0,17.0,0.0,3.0,7.0,3.0,0.0,1.0,2.0,2.0,0.0,0.0,0.0,3.0,38.0,9.0,7.0,1.0,7.0,1.0,2.0,15.0,8.0,6.0,0.0,4.0,4.0,13.0,15.0,11.0,23.0,5.0,20.0,9.0,5.0,30.0,8.0,14.0,10.0,10.0,14.0,13.0,20.0,5.0,0.0,0.0,3.0,8.0,18.0,10.0,3.0,17.0,5.0,27.0,21.0,38.0,8.0,8.0,7.0,15.0,28.0,1.0,1.0,1.0,24.0,46.0,18.0,7.0,15.0,6.0,37.0,13.0,19.0,7.0,22.0,78.0,22.0,9.0,0.0,2.0,11.0,28.0,31.0,15.0,25.0,12.0,35.0,16.0,12.0,17.0,16.0,20.0,27.0,14.0,21.0,11.0,2.0,17.0,16.0,2.0,35.0,16.0,29.0,8.0,15.0,38.0,14.0,44.0,23.0,18.0,20.0,24.0,11.0,65.0,33.0,26.0,32.0,21.0,33.0,10.0,24.0,15.0,20.0,22.0,19.0,25.0,18.0,19.0,58.0,34.0,14.0,5.0,27.0,10.0,18.0,17.0,14.0,44.0,16.0,25.0,48.0,36.0,24.0,21.0,78.0,133.0,42.0,25.0,36.0,60.0,47.0,12.0,18.0,84.0,191.0,56.0,13.0,41.0
242,60.5,3.0,1.0,0.0,0.0,0.0,0.0,0.0,0.0,3.0,1.0,0.0,0.0,0.0,0.0,0.0,0.0,1.0,0.0,0.0,9.0,8.0,1.0,6.0,0.0,0.0,1.0,1.0,0.0,0.0,1.0,6.0,1.0,0.0,0.0,1.0,0.0,1.0,0.0,1.0,3.0,6.0,8.0,0.0,2.0,7.0,0.0,0.0,1.0,0.0,0.0,0.0,1.0,0.0,14.0,0.0,3.0,7.0,3.0,1.0,1.0,2.0,2.0,0.0,0.0,0.0,3.0,38.0,11.0,9.0,1.0,9.0,2.0,2.0,18.0,5.0,7.0,2.0,4.0,4.0,15.0,15.0,11.0,23.0,5.0,20.0,9.0,5.0,26.0,8.0,13.0,10.0,10.0,16.0,10.0,20.0,7.0,0.0,1.0,3.0,8.0,18.0,10.0,3.0,19.0,8.0,27.0,22.0,38.0,8.0,8.0,6.0,15.0,30.0,2.0,0.0,1.0,25.0,44.0,18.0,7.0,15.0,6.0,37.0,13.0,19.0,7.0,22.0,77.0,27.0,10.0,0.0,2.0,16.0,27.0,24.0,17.0,24.0,14.0,35.0,17.0,18.0,22.0,13.0,24.0,27.0,13.0,21.0,12.0,2.0,17.0,16.0,8.0,31.0,16.0,27.0,8.0,15.0,38.0,14.0,44.0,25.0,18.0,20.0,22.0,11.0,64.0,34.0,29.0,32.0,21.0,36.0,14.0,27.0,15.0,20.0,22.0,19.0,26.0,18.0,19.0,52.0,34.0,11.0,5.0,25.0,14.0,22.0,23.0,16.0,41.0,20.0,25.0,48.0,43.0,24.0,29.0,76.0,131.0,42.0,25.0,36.0,60.0,47.0,11.0,18.0,78.0,143.0,53.0,13.0,41.0
243,60.75,3.0,0.0,1.0,0.0,0.0,0.0,0.0,0.0,3.0,2.0,0.0,0.0,1.0,0.0,1.0,0.0,1.0,1.0,0.0,9.0,8.0,1.0,6.0,0.0,0.0,1.0,2.0,0.0,0.0,1.0,6.0,1.0,0.0,1.0,1.0,0.0,1.0,1.0,1.0,3.0,6.0,7.0,0.0,3.0,7.0,0.0,0.0,1.0,0.0,0.0,0.0,1.0,1.0,14.0,0.0,4.0,7.0,4.0,1.0,1.0,1.0,0.0,1.0,0.0,0.0,3.0,38.0,17.0,9.0,1.0,9.0,2.0,2.0,13.0,2.0,7.0,2.0,4.0,4.0,13.0,16.0,11.0,27.0,8.0,24.0,11.0,3.0,30.0,8.0,14.0,10.0,9.0,16.0,8.0,21.0,7.0,0.0,1.0,3.0,8.0,17.0,7.0,8.0,19.0,7.0,23.0,22.0,42.0,8.0,12.0,7.0,18.0,35.0,3.0,1.0,1.0,24.0,46.0,11.0,7.0,12.0,7.0,41.0,13.0,15.0,7.0,22.0,66.0,27.0,10.0,1.0,1.0,12.0,27.0,24.0,20.0,24.0,14.0,29.0,19.0,15.0,20.0,16.0,24.0,27.0,11.0,18.0,12.0,2.0,16.0,16.0,8.0,31.0,16.0,27.0,9.0,15.0,37.0,13.0,44.0,27.0,17.0,18.0,22.0,7.0,57.0,34.0,29.0,32.0,23.0,36.0,11.0,32.0,15.0,19.0,28.0,19.0,26.0,17.0,19.0,52.0,28.0,11.0,7.0,25.0,14.0,27.0,23.0,16.0,41.0,21.0,25.0,47.0,43.0,20.0,16.0,82.0,122.0,42.0,32.0,36.0,55.0,36.0,10.0,14.0,73.0,122.0,47.0,16.0,34.0
244,61.0,3.0,0.0,0.0,0.0,0.0,0.0,1.0,0.0,3.0,3.0,0.0,0.0,1.0,1.0,1.0,0.0,1.0,1.0,0.0,6.0,9.0,1.0,5.0,0.0,1.0,0.0,2.0,0.0,0.0,2.0,6.0,1.0,1.0,2.0,1.0,0.0,1.0,1.0,1.0,3.0,7.0,5.0,0.0,3.0,7.0,1.0,0.0,1.0,0.0,0.0,0.0,0.0,1.0,16.0,0.0,3.0,5.0,4.0,1.0,2.0,1.0,0.0,1.0,0.0,0.0,3.0,38.0,17.0,4.0,1.0,8.0,2.0,3.0,11.0,4.0,7.0,1.0,4.0,1.0,16.0,19.0,11.0,27.0,8.0,24.0,11.0,3.0,26.0,8.0,13.0,12.0,9.0,10.0,7.0,26.0,5.0,0.0,0.0,4.0,8.0,16.0,7.0,8.0,19.0,9.0,23.0,24.0,42.0,5.0,12.0,6.0,21.0,35.0,4.0,0.0,2.0,22.0,54.0,11.0,8.0,14.0,7.0,41.0,13.0,14.0,3.0,22.0,66.0,22.0,9.0,1.0,1.0,16.0,27.0,24.0,22.0,26.0,14.0,29.0,19.0,15.0,24.0,16.0,27.0,28.0,11.0,18.0,9.0,2.0,16.0,16.0,8.0,27.0,17.0,27.0,9.0,15.0,35.0,13.0,38.0,25.0,17.0,17.0,21.0,7.0,57.0,36.0,29.0,32.0,23.0,30.0,11.0,32.0,12.0,17.0,28.0,16.0,26.0,15.0,18.0,52.0,28.0,10.0,7.0,25.0,17.0,27.0,23.0,16.0,43.0,21.0,25.0,44.0,35.0,26.0,17.0,75.0,113.0,42.0,25.0,26.0,49.0,30.0,10.0,18.0,78.0,113.0,53.0,17.0,34.0
245,61.25,2.0,0.0,0.0,0.0,0.0,1.0,1.0,1.0,1.0,3.0,0.0,1.0,1.0,1.0,1.0,0.0,0.0,1.0,0.0,6.0,9.0,1.0,5.0,2.0,1.0,0.0,0.0,0.0,1.0,2.0,5.0,3.0,2.0,2.0,2.0,1.0,2.0,1.0,1.0,3.0,7.0,5.0,0.0,3.0,6.0,1.0,0.0,1.0,0.0,0.0,0.0,0.0,2.0,16.0,0.0,3.0,4.0,4.0,1.0,2.0,1.0,0.0,1.0,0.0,0.0,3.0,37.0,12.0,2.0,1.0,6.0,2.0,3.0,10.0,1.0,9.0,1.0,1.0,1.0,10.0,20.0,14.0,27.0,6.0,25.0,11.0,3.0,17.0,9.0,15.0,8.0,9.0,10.0,5.0,29.0,5.0,0.0,0.0,4.0,8.0,13.0,6.0,8.0,20.0,7.0,22.0,24.0,42.0,5.0,9.0,7.0,21.0,35.0,4.0,0.0,2.0,22.0,55.0,14.0,5.0,9.0,7.0,36.0,16.0,14.0,3.0,21.0,66.0,22.0,9.0,1.0,1.0,12.0,27.0,23.0,22.0,29.0,13.0,29.0,19.0,12.0,25.0,16.0,29.0,29.0,13.0,18.0,9.0,3.0,17.0,13.0,6.0,25.0,20.0,30.0,9.0,14.0,34.0,16.0,48.0,24.0,17.0,14.0,22.0,9.0,57.0,36.0,23.0,32.0,23.0,30.0,6.0,28.0,12.0,19.0,35.0,16.0,27.0,15.0,18.0,52.0,35.0,11.0,4.0,19.0,14.0,25.0,17.0,16.0,43.0,29.0,19.0,44.0,34.0,26.0,17.0,82.0,113.0,40.0,30.0,26.0,49.0,25.0,9.0,19.0,70.0,113.0,47.0,20.0,41.0
246,61.5,2.0,0.0,0.0,0.0,0.0,1.0,0.0,1.0,1.0,3.0,0.0,1.0,1.0,1.0,0.0,0.0,0.0,1.0,2.0,7.0,8.0,2.0,3.0,0.0,0.0,0.0,0.0,0.0,1.0,0.0,5.0,3.0,1.0,2.0,2.0,2.0,3.0,1.0,1.0,4.0,8.0,5.0,0.0,0.0,6.0,2.0,0.0,1.0,0.0,0.0,0.0,0.0,2.0,16.0,0.0,3.0,3.0,4.0,1.0,2.0,1.0,0.0,1.0,0.0,0.0,3.0,30.0,12.0,2.0,0.0,6.0,3.0,3.0,10.0,4.0,5.0,1.0,1.0,0.0,18.0,20.0,14.0,28.0,6.0,28.0,14.0,6.0,17.0,9.0,12.0,14.0,10.0,12.0,5.0,31.0,7.0,0.0,0.0,4.0,8.0,15.0,7.0,7.0,19.0,6.0,19.0,18.0,38.0,5.0,9.0,6.0,21.0,39.0,4.0,0.0,1.0,20.0,54.0,17.0,7.0,14.0,6.0,36.0,13.0,18.0,4.0,19.0,71.0,34.0,13.0,1.0,1.0,16.0,28.0,23.0,22.0,26.0,13.0,27.0,16.0,12.0,25.0,15.0,29.0,29.0,16.0,19.0,12.0,3.0,17.0,9.0,5.0,27.0,20.0,26.0,12.0,14.0,34.0,17.0,49.0,24.0,17.0,17.0,22.0,11.0,53.0,38.0,22.0,29.0,25.0,30.0,6.0,28.0,19.0,22.0,36.0,16.0,38.0,15.0,24.0,51.0,35.0,13.0,4.0,19.0,17.0,21.0,17.0,16.0,45.0,29.0,19.0,45.0,35.0,26.0,28.0,82.0,114.0,40.0,29.0,26.0,49.0,25.0,8.0,19.0,84.0,113.0,47.0,20.0,44.0
247,61.75,2.0,0.0,0.0,0.0,0.0,1.0,0.0,1.0,2.0,3.0,0.0,1.0,1.0,1.0,0.0,0.0,0.0,0.0,2.0,14.0,7.0,2.0,5.0,0.0,0.0,0.0,1.0,0.0,1.0,0.0,7.0,3.0,1.0,2.0,1.0,2.0,3.0,1.0,0.0,4.0,8.0,5.0,0.0,3.0,6.0,2.0,0.0,2.0,1.0,2.0,1.0,0.0,2.0,13.0,0.0,2.0,3.0,4.0,1.0,2.0,1.0,0.0,0.0,0.0,0.0,3.0,30.0,13.0,5.0,0.0,6.0,3.0,3.0,10.0,6.0,5.0,2.0,2.0,1.0,14.0,20.0,14.0,28.0,6.0,28.0,15.0,6.0,23.0,9.0,12.0,9.0,8.0,13.0,10.0,31.0,7.0,0.0,0.0,2.0,8.0,15.0,3.0,7.0,20.0,6.0,19.0,18.0,46.0,7.0,9.0,4.0,33.0,45.0,5.0,0.0,1.0,23.0,53.0,19.0,7.0,14.0,6.0,34.0,13.0,19.0,7.0,16.0,70.0,34.0,13.0,1.0,1.0,17.0,28.0,23.0,16.0,26.0,13.0,27.0,15.0,23.0,26.0,15.0,29.0,31.0,21.0,23.0,12.0,3.0,19.0,9.0,5.0,25.0,18.0,26.0,13.0,14.0,35.0,17.0,54.0,29.0,33.0,21.0,33.0,9.0,53.0,38.0,23.0,33.0,25.0,31.0,9.0,28.0,19.0,30.0,44.0,16.0,40.0,21.0,26.0,51.0,38.0,13.0,4.0,17.0,14.0,21.0,28.0,18.0,46.0,29.0,26.0,49.0,61.0,31.0,28.0,82.0,118.0,40.0,30.0,34.0,53.0,30.0,8.0,19.0,82.0,114.0,47.0,20.0,54.0
248,62.0,2.0,0.0,0.0,0.0,0.0,1.0,0.0,1.0,4.0,3.0,0.0,1.0,1.0,1.0,0.0,0.0,0.0,0.0,1.0,14.0,7.0,1.0,4.0,0.0,0.0,0.0,1.0,0.0,0.0,1.0,7.0,2.0,1.0,1.0,1.0,1.0,3.0,1.0,0.0,4.0,8.0,4.0,0.0,3.0,6.0,0.0,0.0,1.0,1.0,2.0,1.0,0.0,2.0,13.0,0.0,2.0,4.0,4.0,1.0,1.0,1.0,2.0,0.0,0.0,0.0,4.0,46.0,13.0,5.0,0.0,8.0,3.0,3.0,19.0,6.0,5.0,3.0,3.0,4.0,18.0,45.0,12.0,19.0,3.0,28.0,15.0,6.0,23.0,9.0,12.0,9.0,10.0,20.0,19.0,32.0,9.0,0.0,0.0,5.0,9.0,15.0,5.0,7.0,19.0,6.0,30.0,23.0,39.0,8.0,12.0,4.0,26.0,53.0,4.0,1.0,1.0,20.0,53.0,17.0,10.0,17.0,4.0,32.0,13.0,21.0,7.0,16.0,71.0,38.0,13.0,1.0,1.0,17.0,28.0,23.0,18.0,26.0,14.0,27.0,16.0,37.0,26.0,16.0,26.0,53.0,36.0,26.0,15.0,2.0,19.0,12.0,8.0,27.0,17.0,26.0,18.0,21.0,52.0,22.0,62.0,30.0,33.0,22.0,34.0,14.0,65.0,39.0,25.0,37.0,29.0,32.0,13.0,33.0,19.0,30.0,50.0,36.0,40.0,22.0,27.0,66.0,36.0,12.0,6.0,17.0,18.0,33.0,33.0,22.0,51.0,30.0,39.0,54.0,61.0,29.0,28.0,86.0,123.0,44.0,29.0,39.0,63.0,30.0,8.0,18.0,82.0,142.0,43.0,18.0,54.0
249,62.25,4.0,0.0,0.0,1.0,0.0,0.0,0.0,1.0,4.0,3.0,2.0,1.0,1.0,0.0,1.0,0.0,0.0,0.0,1.0,14.0,7.0,1.0,5.0,1.0,0.0,1.0,2.0,0.0,1.0,3.0,5.0,2.0,1.0,3.0,1.0,0.0,3.0,1.0,1.0,3.0,7.0,4.0,1.0,4.0,14.0,0.0,0.0,1.0,1.0,2.0,1.0,0.0,1.0,16.0,0.0,2.0,6.0,4.0,1.0,1.0,1.0,0.0,0.0,0.0,0.0,12.0,46.0,16.0,5.0,0.0,9.0,3.0,3.0,19.0,6.0,6.0,2.0,5.0,5.0,14.0,45.0,12.0,19.0,3.0,31.0,14.0,8.0,23.0,13.0,16.0,7.0,10.0,35.0,19.0,33.0,6.0,0.0,1.0,3.0,9.0,16.0,5.0,4.0,20.0,6.0,30.0,23.0,44.0,12.0,13.0,11.0,26.0,53.0,4.0,0.0,2.0,20.0,54.0,13.0,10.0,21.0,4.0,32.0,10.0,21.0,10.0,25.0,79.0,34.0,14.0,1.0,1.0,18.0,29.0,23.0,18.0,34.0,17.0,35.0,16.0,37.0,26.0,21.0,29.0,53.0,36.0,30.0,17.0,2.0,21.0,25.0,10.0,31.0,17.0,28.0,19.0,35.0,57.0,28.0,62.0,31.0,33.0,41.0,77.0,14.0,66.0,42.0,25.0,38.0,31.0,42.0,15.0,45.0,26.0,33.0,56.0,49.0,77.0,37.0,29.0,68.0,41.0,11.0,7.0,17.0,18.0,35.0,37.0,24.0,58.0,40.0,34.0,54.0,48.0,33.0,35.0,89.0,130.0,44.0,36.0,42.0,63.0,28.0,12.0,18.0,82.0,154.0,49.0,18.0,55.0
250,62.5,4.0,0.0,1.0,1.0,0.0,0.0,0.0,0.0,4.0,1.0,2.0,1.0,1.0,0.0,1.0,0.0,2.0,0.0,1.0,14.0,12.0,1.0,11.0,2.0,0.0,0.0,3.0,0.0,1.0,3.0,5.0,2.0,1.0,3.0,2.0,1.0,3.0,0.0,1.0,3.0,7.0,7.0,0.0,5.0,25.0,3.0,0.0,1.0,0.0,1.0,2.0,0.0,1.0,20.0,0.0,4.0,12.0,2.0,2.0,0.0,1.0,0.0,0.0,0.0,0.0,12.0,46.0,16.0,5.0,0.0,8.0,3.0,4.0,17.0,6.0,9.0,2.0,5.0,5.0,17.0,37.0,13.0,32.0,4.0,52.0,14.0,8.0,25.0,13.0,17.0,7.0,14.0,35.0,18.0,33.0,6.0,1.0,1.0,3.0,11.0,14.0,5.0,8.0,20.0,6.0,24.0,21.0,44.0,14.0,13.0,18.0,26.0,42.0,4.0,1.0,1.0,20.0,58.0,13.0,10.0,38.0,14.0,33.0,16.0,17.0,10.0,25.0,79.0,45.0,14.0,1.0,2.0,15.0,29.0,21.0,23.0,37.0,35.0,35.0,16.0,42.0,34.0,26.0,34.0,49.0,22.0,35.0,19.0,5.0,22.0,25.0,12.0,43.0,17.0,34.0,20.0,35.0,57.0,28.0,61.0,39.0,32.0,41.0,77.0,14.0,66.0,42.0,31.0,40.0,55.0,48.0,22.0,57.0,30.0,37.0,56.0,51.0,77.0,37.0,29.0,66.0,43.0,12.0,11.0,19.0,24.0,45.0,41.0,31.0,58.0,40.0,46.0,53.0,48.0,33.0,36.0,92.0,158.0,44.0,37.0,42.0,71.0,22.0,12.0,18.0,96.0,154.0,68.0,18.0,55.0
251,62.75,3.0,0.0,0.0,1.0,0.0,0.0,2.0,0.0,3.0,3.0,2.0,1.0,1.0,1.0,1.0,0.0,4.0,0.0,0.0,17.0,38.0,1.0,11.0,2.0,0.0,1.0,3.0,0.0,1.0,4.0,5.0,5.0,1.0,4.0,2.0,6.0,3.0,0.0,1.0,8.0,8.0,7.0,2.0,5.0,25.0,3.0,1.0,2.0,1.0,0.0,1.0,0.0,1.0,35.0,0.0,5.0,12.0,2.0,2.0,1.0,2.0,0.0,1.0,0.0,0.0,12.0,46.0,33.0,7.0,2.0,4.0,3.0,4.0,17.0,7.0,6.0,1.0,5.0,3.0,17.0,37.0,20.0,36.0,11.0,52.0,18.0,9.0,25.0,11.0,22.0,22.0,14.0,32.0,18.0,26.0,5.0,1.0,2.0,3.0,11.0,19.0,5.0,10.0,21.0,13.0,24.0,21.0,50.0,14.0,13.0,16.0,26.0,42.0,4.0,0.0,1.0,20.0,58.0,16.0,12.0,38.0,17.0,33.0,12.0,17.0,10.0,25.0,72.0,42.0,22.0,1.0,2.0,18.0,29.0,32.0,23.0,46.0,35.0,39.0,16.0,35.0,35.0,26.0,44.0,38.0,20.0,35.0,19.0,5.0,21.0,25.0,12.0,46.0,13.0,41.0,23.0,24.0,57.0,28.0,61.0,38.0,38.0,34.0,44.0,18.0,70.0,42.0,38.0,41.0,55.0,45.0,22.0,57.0,29.0,34.0,56.0,51.0,69.0,28.0,29.0,51.0,43.0,18.0,11.0,26.0,33.0,45.0,43.0,38.0,58.0,38.0,34.0,53.0,36.0,33.0,37.0,89.0,169.0,53.0,37.0,38.0,71.0,28.0,19.0,22.0,103.0,139.0,71.0,20.0,45.0
252,63.0,3.0,0.0,1.0,1.0,0.0,0.0,3.0,0.0,4.0,13.0,1.0,1.0,1.0,2.0,2.0,1.0,4.0,0.0,3.0,30.0,38.0,5.0,8.0,2.0,1.0,1.0,3.0,0.0,1.0,8.0,15.0,5.0,2.0,5.0,2.0,6.0,3.0,0.0,1.0,8.0,15.0,7.0,3.0,6.0,19.0,1.0,1.0,2.0,0.0,0.0,1.0,2.0,2.0,35.0,0.0,5.0,10.0,3.0,2.0,1.0,2.0,0.0,1.0,0.0,1.0,16.0,49.0,33.0,13.0,1.0,4.0,3.0,4.0,20.0,8.0,9.0,1.0,5.0,1.0,21.0,37.0,18.0,38.0,13.0,47.0,23.0,9.0,25.0,11.0,24.0,47.0,17.0,31.0,18.0,26.0,5.0,1.0,1.0,2.0,11.0,19.0,6.0,13.0,21.0,13.0,26.0,25.0,50.0,19.0,18.0,16.0,31.0,49.0,7.0,2.0,1.0,22.0,60.0,18.0,15.0,28.0,17.0,34.0,19.0,18.0,9.0,32.0,72.0,42.0,24.0,1.0,4.0,18.0,35.0,41.0,34.0,47.0,24.0,34.0,16.0,35.0,35.0,28.0,48.0,36.0,22.0,35.0,19.0,5.0,19.0,25.0,13.0,50.0,13.0,41.0,23.0,24.0,55.0,38.0,54.0,39.0,36.0,34.0,41.0,13.0,65.0,44.0,45.0,48.0,39.0,45.0,22.0,53.0,31.0,39.0,42.0,46.0,69.0,23.0,27.0,51.0,43.0,33.0,11.0,26.0,33.0,47.0,43.0,41.0,64.0,36.0,32.0,54.0,49.0,58.0,48.0,101.0,169.0,56.0,43.0,35.0,55.0,29.0,25.0,29.0,112.0,139.0,73.0,37.0,45.0
253,63.25,6.0,1.0,3.0,1.0,1.0,1.0,2.0,0.0,6.0,13.0,1.0,0.0,3.0,2.0,2.0,2.0,6.0,0.0,1.0,30.0,23.0,6.0,8.0,2.0,1.0,2.0,3.0,0.0,1.0,8.0,15.0,5.0,3.0,7.0,1.0,4.0,3.0,0.0,1.0,6.0,15.0,8.0,3.0,6.0,12.0,1.0,1.0,1.0,0.0,0.0,1.0,2.0,4.0,28.0,0.0,2.0,8.0,3.0,2.0,2.0,2.0,1.0,1.0,0.0,0.0,16.0,51.0,18.0,13.0,1.0,7.0,2.0,4.0,26.0,10.0,7.0,1.0,5.0,3.0,21.0,21.0,20.0,76.0,13.0,37.0,24.0,9.0,24.0,19.0,30.0,47.0,26.0,24.0,22.0,34.0,4.0,2.0,1.0,3.0,12.0,21.0,9.0,10.0,23.0,9.0,32.0,30.0,60.0,19.0,19.0,14.0,33.0,51.0,4.0,2.0,1.0,28.0,67.0,18.0,15.0,22.0,12.0,34.0,20.0,19.0,15.0,32.0,81.0,42.0,24.0,1.0,4.0,19.0,41.0,41.0,29.0,52.0,24.0,39.0,17.0,20.0,28.0,28.0,48.0,36.0,19.0,32.0,19.0,6.0,19.0,34.0,13.0,50.0,41.0,41.0,15.0,27.0,55.0,38.0,74.0,38.0,36.0,47.0,37.0,16.0,70.0,44.0,51.0,52.0,30.0,44.0,22.0,47.0,29.0,48.0,42.0,45.0,75.0,28.0,20.0,72.0,44.0,33.0,14.0,25.0,35.0,55.0,43.0,44.0,71.0,38.0,32.0,67.0,54.0,58.0,48.0,108.0,169.0,56.0,43.0,34.0,55.0,37.0,25.0,37.0,113.0,140.0,73.0,37.0,57.0
254,63.5,6.0,0.0,3.0,0.0,1.0,1.0,2.0,0.0,6.0,10.0,1.0,0.0,1.0,2.0,2.0,3.0,2.0,0.0,1.0,26.0,19.0,6.0,6.0,2.0,1.0,2.0,2.0,0.0,0.0,7.0,7.0,4.0,3.0,5.0,1.0,3.0,10.0,0.0,2.0,6.0,12.0,8.0,2.0,5.0,13.0,0.0,0.0,1.0,0.0,0.0,2.0,2.0,4.0,28.0,0.0,1.0,8.0,3.0,0.0,4.0,2.0,1.0,1.0,0.0,0.0,13.0,63.0,15.0,12.0,1.0,8.0,2.0,4.0,26.0,11.0,11.0,1.0,9.0,4.0,21.0,21.0,23.0,76.0,11.0,36.0,27.0,7.0,24.0,19.0,37.0,27.0,26.0,24.0,22.0,36.0,5.0,2.0,1.0,3.0,18.0,25.0,9.0,10.0,23.0,9.0,32.0,38.0,61.0,19.0,19.0,12.0,33.0,49.0,8.0,2.0,1.0,38.0,67.0,24.0,16.0,25.0,12.0,43.0,20.0,28.0,10.0,32.0,86.0,43.0,24.0,0.0,4.0,20.0,42.0,39.0,29.0,52.0,27.0,40.0,12.0,20.0,28.0,28.0,36.0,43.0,22.0,32.0,17.0,6.0,24.0,34.0,13.0,45.0,42.0,34.0,15.0,29.0,53.0,35.0,76.0,38.0,30.0,47.0,37.0,16.0,73.0,47.0,51.0,52.0,29.0,44.0,15.0,39.0,31.0,48.0,59.0,45.0,75.0,31.0,20.0,72.0,64.0,23.0,14.0,25.0,33.0,57.0,39.0,44.0,72.0,39.0,32.0,88.0,63.0,52.0,46.0,108.0,161.0,59.0,36.0,34.0,66.0,45.0,19.0,29.0,120.0,179.0,73.0,29.0,57.0
255,63.75,3.0,1.0,0.0,0.0,1.0,1.0,2.0,1.0,8.0,5.0,0.0,0.0,1.0,2.0,3.0,3.0,4.0,0.0,1.0,18.0,13.0,3.0,13.0,2.0,0.0,2.0,2.0,0.0,1.0,3.0,7.0,4.0,3.0,2.0,1.0,1.0,10.0,0.0,1.0,5.0,12.0,8.0,0.0,3.0,11.0,0.0,1.0,1.0,1.0,1.0,2.0,1.0,4.0,28.0,0.0,1.0,7.0,5.0,0.0,4.0,1.0,1.0,0.0,1.0,0.0,11.0,63.0,13.0,8.0,0.0,12.0,3.0,5.0,26.0,11.0,9.0,2.0,10.0,4.0,19.0,23.0,23.0,44.0,10.0,36.0,27.0,7.0,30.0,17.0,37.0,25.0,15.0,26.0,22.0,36.0,6.0,1.0,1.0,6.0,18.0,37.0,10.0,10.0,24.0,8.0,35.0,33.0,61.0,16.0,15.0,12.0,33.0,39.0,4.0,2.0,1.0,38.0,80.0,30.0,16.0,22.0,12.0,49.0,20.0,28.0,14.0,32.0,81.0,43.0,23.0,2.0,6.0,22.0,41.0,37.0,28.0,39.0,27.0,50.0,18.0,20.0,30.0,31.0,33.0,43.0,20.0,32.0,17.0,3.0,34.0,34.0,19.0,45.0,42.0,41.0,15.0,29.0,53.0,30.0,76.0,38.0,30.0,47.0,37.0,19.0,73.0,48.0,50.0,43.0,29.0,53.0,14.0,47.0,31.0,50.0,60.0,40.0,54.0,31.0,29.0,74.0,64.0,23.0,15.0,28.0,29.0,57.0,32.0,33.0,72.0,44.0,34.0,88.0,63.0,49.0,35.0,125.0,159.0,64.0,36.0,33.0,80.0,46.0,19.0,37.0,121.0,179.0,70.0,29.0,53.0
256,64.0,3.0,0.0,0.0,0.0,1.0,1.0,3.0,1.0,5.0,2.0,0.0,1.0,1.0,2.0,1.0,0.0,1.0,0.0,1.0,18.0,13.0,2.0,9.0,3.0,2.0,2.0,2.0,0.0,1.0,3.0,8.0,3.0,2.0,2.0,2.0,1.0,5.0,1.0,2.0,6.0,17.0,7.0,0.0,3.0,8.0,3.0,1.0,1.0,1.0,1.0,2.0,0.0,4.0,27.0,0.0,1.0,5.0,5.0,0.0,1.0,1.0,0.0,1.0,1.0,1.0,11.0,63.0,13.0,9.0,2.0,12.0,3.0,7.0,29.0,11.0,11.0,2.0,9.0,4.0,21.0,25.0,22.0,44.0,10.0,46.0,37.0,8.0,41.0,16.0,41.0,25.0,15.0,26.0,21.0,36.0,7.0,1.0,1.0,9.0,18.0,47.0,16.0,12.0,33.0,8.0,29.0,33.0,61.0,16.0,15.0,11.0,33.0,39.0,6.0,1.0,1.0,38.0,90.0,30.0,16.0,25.0,12.0,43.0,22.0,21.0,14.0,32.0,93.0,37.0,23.0,1.0,5.0,23.0,40.0,30.0,25.0,39.0,23.0,50.0,24.0,29.0,37.0,31.0,34.0,50.0,22.0,37.0,17.0,3.0,34.0,32.0,15.0,45.0,34.0,30.0,15.0,21.0,53.0,25.0,71.0,38.0,41.0,48.0,51.0,25.0,73.0,48.0,50.0,43.0,53.0,53.0,12.0,41.0,31.0,50.0,59.0,39.0,53.0,27.0,29.0,74.0,58.0,19.0,12.0,34.0,29.0,35.0,39.0,26.0,76.0,39.0,33.0,70.0,60.0,40.0,35.0,101.0,161.0,64.0,36.0,39.0,80.0,46.0,21.0,39.0,121.0,179.0,70.0,32.0,47.0
257,64.25,3.0,1.0,0.0,1.0,2.0,1.0,3.0,1.0,3.0,5.0,0.0,1.0,2.0,1.0,1.0,0.0,3.0,1.0,0.0,18.0,12.0,1.0,14.0,2.0,2.0,2.0,3.0,0.0,1.0,6.0,8.0,2.0,2.0,8.0,2.0,1.0,5.0,1.0,2.0,6.0,17.0,6.0,0.0,3.0,8.0,3.0,1.0,2.0,1.0,1.0,2.0,1.0,2.0,27.0,0.0,2.0,7.0,4.0,1.0,1.0,1.0,1.0,1.0,1.0,1.0,10.0,63.0,15.0,4.0,2.0,12.0,3.0,7.0,29.0,17.0,9.0,2.0,10.0,4.0,23.0,23.0,22.0,45.0,10.0,49.0,37.0,8.0,41.0,16.0,20.0,29.0,31.0,23.0,14.0,35.0,7.0,1.0,0.0,9.0,21.0,47.0,16.0,13.0,38.0,8.0,35.0,25.0,62.0,21.0,24.0,14.0,33.0,39.0,5.0,1.0,1.0,44.0,90.0,30.0,14.0,23.0,8.0,46.0,27.0,21.0,14.0,32.0,87.0,37.0,29.0,2.0,6.0,23.0,40.0,30.0,25.0,42.0,16.0,48.0,24.0,29.0,30.0,26.0,34.0,46.0,22.0,41.0,19.0,4.0,36.0,32.0,15.0,36.0,31.0,43.0,14.0,18.0,56.0,25.0,71.0,43.0,43.0,48.0,51.0,25.0,82.0,49.0,50.0,48.0,53.0,51.0,9.0,42.0,27.0,41.0,53.0,40.0,53.0,27.0,29.0,88.0,57.0,19.0,12.0,31.0,30.0,35.0,33.0,22.0,76.0,37.0,35.0,70.0,60.0,45.0,40.0,110.0,177.0,64.0,38.0,40.0,84.0,40.0,21.0,40.0,120.0,193.0,79.0,32.0,45.0
258,64.5,3.0,0.0,1.0,1.0,2.0,1.0,2.0,1.0,3.0,6.0,0.0,2.0,2.0,1.0,1.0,2.0,3.0,1.0,1.0,19.0,16.0,1.0,10.0,4.0,2.0,2.0,3.0,0.0,1.0,6.0,8.0,2.0,1.0,10.0,3.0,3.0,5.0,1.0,3.0,6.0,15.0,6.0,0.0,4.0,11.0,1.0,1.0,3.0,1.0,1.0,4.0,2.0,2.0,27.0,0.0,2.0,9.0,4.0,1.0,3.0,1.0,1.0,1.0,1.0,1.0,11.0,67.0,15.0,8.0,2.0,8.0,1.0,8.0,27.0,17.0,10.0,3.0,8.0,4.0,27.0,25.0,21.0,52.0,8.0,49.0,31.0,9.0,30.0,14.0,29.0,31.0,31.0,21.0,13.0,36.0,7.0,1.0,0.0,5.0,21.0,40.0,11.0,12.0,33.0,14.0,35.0,21.0,65.0,21.0,24.0,11.0,36.0,39.0,6.0,2.0,0.0,44.0,87.0,29.0,16.0,23.0,5.0,42.0,23.0,21.0,17.0,32.0,93.0,39.0,29.0,3.0,5.0,23.0,40.0,33.0,21.0,42.0,23.0,45.0,16.0,29.0,31.0,23.0,40.0,50.0,22.0,51.0,28.0,4.0,35.0,23.0,13.0,36.0,34.0,37.0,12.0,18.0,53.0,31.0,67.0,42.0,43.0,47.0,51.0,25.0,83.0,63.0,44.0,48.0,48.0,46.0,9.0,42.0,26.0,36.0,53.0,45.0,60.0,41.0,28.0,88.0,57.0,23.0,11.0,32.0,30.0,40.0,40.0,22.0,76.0,31.0,33.0,74.0,86.0,45.0,45.0,103.0,206.0,53.0,40.0,49.0,88.0,40.0,25.0,39.0,109.0,193.0,79.0,26.0,45.0
259,64.75,2.0,0.0,0.0,1.0,2.0,0.0,1.0,1.0,3.0,7.0,1.0,1.0,2.0,1.0,2.0,2.0,4.0,1.0,1.0,19.0,15.0,4.0,11.0,3.0,1.0,2.0,3.0,0.0,1.0,4.0,8.0,2.0,2.0,10.0,3.0,3.0,6.0,2.0,2.0,6.0,14.0,6.0,0.0,6.0,12.0,1.0,2.0,3.0,1.0,1.0,4.0,2.0,1.0,24.0,0.0,2.0,11.0,5.0,0.0,3.0,2.0,1.0,1.0,1.0,1.0,15.0,71.0,15.0,8.0,1.0,7.0,1.0,7.0,27.0,11.0,10.0,3.0,11.0,3.0,27.0,26.0,24.0,52.0,8.0,49.0,23.0,5.0,30.0,12.0,29.0,31.0,21.0,21.0,14.0,40.0,7.0,1.0,2.0,5.0,21.0,36.0,11.0,11.0,23.0,14.0,35.0,25.0,65.0,13.0,22.0,11.0,28.0,39.0,6.0,2.0,0.0,40.0,87.0,26.0,15.0,23.0,8.0,46.0,27.0,24.0,13.0,33.0,104.0,40.0,20.0,3.0,6.0,22.0,46.0,34.0,18.0,42.0,23.0,48.0,15.0,24.0,26.0,21.0,40.0,46.0,21.0,51.0,28.0,4.0,36.0,20.0,13.0,37.0,31.0,39.0,12.0,21.0,57.0,31.0,68.0,42.0,43.0,47.0,50.0,25.0,83.0,58.0,42.0,51.0,33.0,46.0,15.0,52.0,27.0,38.0,53.0,45.0,62.0,41.0,29.0,82.0,61.0,26.0,9.0,31.0,21.0,40.0,38.0,30.0,69.0,32.0,38.0,74.0,86.0,54.0,44.0,110.0,206.0,50.0,40.0,46.0,104.0,40.0,19.0,34.0,109.0,145.0,68.0,26.0,52.0
260,65.0,2.0,0.0,0.0,0.0,3.0,0.0,1.0,1.0,4.0,6.0,1.0,1.0,3.0,1.0,3.0,1.0,4.0,0.0,1.0,22.0,18.0,4.0,10.0,3.0,1.0,2.0,2.0,0.0,2.0,3.0,6.0,3.0,3.0,8.0,4.0,3.0,5.0,0.0,1.0,2.0,14.0,7.0,1.0,6.0,12.0,1.0,1.0,3.0,2.0,0.0,1.0,2.0,1.0,24.0,0.0,1.0,11.0,6.0,0.0,5.0,1.0,1.0,1.0,1.0,1.0,19.0,72.0,12.0,8.0,1.0,7.0,2.0,4.0,27.0,10.0,10.0,4.0,8.0,4.0,21.0,28.0,31.0,50.0,8.0,47.0,21.0,5.0,29.0,12.0,32.0,26.0,21.0,29.0,14.0,40.0,8.0,1.0,2.0,5.0,24.0,31.0,7.0,11.0,23.0,10.0,32.0,25.0,64.0,13.0,22.0,11.0,30.0,43.0,6.0,0.0,1.0,30.0,94.0,26.0,15.0,21.0,11.0,49.0,23.0,24.0,12.0,32.0,121.0,42.0,20.0,3.0,6.0,22.0,42.0,33.0,17.0,42.0,23.0,44.0,16.0,24.0,30.0,21.0,27.0,45.0,21.0,42.0,28.0,5.0,35.0,20.0,13.0,38.0,28.0,37.0,12.0,24.0,54.0,30.0,68.0,33.0,42.0,45.0,50.0,21.0,83.0,58.0,40.0,44.0,32.0,46.0,16.0,52.0,32.0,38.0,48.0,39.0,66.0,35.0,33.0,82.0,62.0,26.0,11.0,32.0,21.0,43.0,38.0,30.0,66.0,28.0,35.0,71.0,83.0,56.0,44.0,103.0,185.0,49.0,38.0,46.0,104.0,34.0,20.0,32.0,107.0,143.0,68.0,27.0,61.0
261,65.25,2.0,0.0,0.0,0.0,3.0,0.0,2.0,1.0,7.0,7.0,0.0,1.0,3.0,1.0,2.0,1.0,2.0,0.0,1.0,19.0,20.0,4.0,10.0,3.0,1.0,2.0,2.0,0.0,2.0,3.0,8.0,3.0,3.0,7.0,4.0,2.0,6.0,0.0,1.0,2.0,13.0,8.0,0.0,5.0,9.0,1.0,1.0,3.0,1.0,1.0,1.0,2.0,1.0,31.0,0.0,1.0,8.0,7.0,0.0,3.0,2.0,1.0,1.0,1.0,1.0,19.0,76.0,14.0,7.0,2.0,10.0,4.0,3.0,27.0,10.0,10.0,4.0,7.0,4.0,21.0,28.0,31.0,41.0,8.0,44.0,18.0,5.0,34.0,17.0,34.0,25.0,20.0,32.0,15.0,37.0,7.0,1.0,1.0,5.0,25.0,30.0,11.0,19.0,25.0,7.0,32.0,25.0,61.0,13.0,19.0,13.0,30.0,43.0,10.0,0.0,1.0,30.0,96.0,25.0,12.0,24.0,11.0,50.0,22.0,24.0,10.0,33.0,105.0,42.0,20.0,1.0,6.0,22.0,42.0,35.0,18.0,42.0,26.0,45.0,15.0,32.0,30.0,24.0,27.0,45.0,22.0,42.0,28.0,5.0,35.0,22.0,14.0,38.0,28.0,39.0,14.0,24.0,54.0,30.0,68.0,33.0,42.0,40.0,49.0,21.0,67.0,46.0,37.0,53.0,32.0,45.0,15.0,41.0,32.0,43.0,48.0,39.0,66.0,35.0,33.0,72.0,62.0,26.0,11.0,31.0,19.0,44.0,35.0,31.0,69.0,28.0,38.0,71.0,61.0,56.0,38.0,108.0,167.0,45.0,38.0,46.0,105.0,34.0,20.0,32.0,94.0,145.0,72.0,27.0,61.0
262,65.5,2.0,0.0,1.0,1.0,2.0,0.0,3.0,0.0,7.0,8.0,0.0,0.0,1.0,1.0,0.0,1.0,2.0,0.0,1.0,22.0,20.0,3.0,7.0,2.0,1.0,2.0,5.0,0.0,2.0,4.0,8.0,2.0,3.0,5.0,6.0,2.0,10.0,0.0,0.0,9.0,13.0,8.0,1.0,4.0,9.0,2.0,0.0,2.0,1.0,1.0,1.0,2.0,2.0,31.0,0.0,1.0,8.0,7.0,3.0,2.0,1.0,1.0,0.0,0.0,0.0,13.0,72.0,14.0,7.0,2.0,10.0,2.0,4.0,25.0,10.0,8.0,4.0,7.0,4.0,22.0,25.0,24.0,35.0,8.0,44.0,18.0,4.0,29.0,17.0,34.0,25.0,20.0,32.0,15.0,37.0,6.0,2.0,0.0,5.0,24.0,29.0,12.0,19.0,28.0,10.0,24.0,25.0,61.0,13.0,20.0,16.0,30.0,58.0,9.0,1.0,1.0,30.0,96.0,23.0,12.0,27.0,11.0,49.0,22.0,24.0,12.0,30.0,105.0,42.0,21.0,1.0,4.0,23.0,41.0,36.0,20.0,42.0,22.0,39.0,16.0,32.0,32.0,24.0,32.0,45.0,22.0,42.0,28.0,5.0,27.0,23.0,8.0,38.0,28.0,40.0,14.0,25.0,54.0,26.0,70.0,33.0,43.0,40.0,49.0,21.0,67.0,46.0,34.0,42.0,32.0,46.0,13.0,41.0,23.0,43.0,43.0,40.0,62.0,30.0,31.0,81.0,62.0,19.0,11.0,43.0,25.0,44.0,30.0,26.0,66.0,28.0,35.0,74.0,61.0,50.0,38.0,89.0,165.0,45.0,38.0,46.0,107.0,34.0,20.0,33.0,94.0,147.0,83.0,21.0,55.0
263,65.75,2.0,0.0,1.0,3.0,1.0,0.0,2.0,0.0,3.0,8.0,0.0,0.0,1.0,1.0,0.0,2.0,4.0,1.0,0.0,18.0,18.0,4.0,7.0,2.0,1.0,2.0,5.0,0.0,2.0,5.0,9.0,2.0,2.0,3.0,4.0,2.0,10.0,0.0,1.0,9.0,14.0,7.0,1.0,4.0,10.0,2.0,0.0,1.0,1.0,1.0,1.0,2.0,1.0,30.0,0.0,3.0,8.0,7.0,3.0,2.0,1.0,1.0,0.0,0.0,0.0,13.0,70.0,16.0,10.0,1.0,9.0,3.0,5.0,22.0,11.0,7.0,4.0,7.0,3.0,22.0,25.0,23.0,35.0,6.0,38.0,18.0,9.0,31.0,14.0,31.0,32.0,19.0,32.0,25.0,40.0,6.0,2.0,0.0,2.0,25.0,27.0,12.0,9.0,28.0,10.0,25.0,23.0,58.0,17.0,20.0,16.0,26.0,38.0,9.0,2.0,1.0,30.0,79.0,21.0,14.0,27.0,11.0,40.0,19.0,22.0,15.0,26.0,105.0,42.0,20.0,1.0,2.0,23.0,36.0,36.0,20.0,42.0,22.0,44.0,16.0,19.0,32.0,17.0,34.0,46.0,22.0,41.0,23.0,5.0,27.0,27.0,8.0,37.0,26.0,40.0,14.0,22.0,54.0,29.0,55.0,47.0,43.0,40.0,51.0,18.0,68.0,54.0,34.0,42.0,31.0,46.0,13.0,42.0,23.0,32.0,49.0,42.0,56.0,30.0,23.0,79.0,61.0,16.0,11.0,33.0,25.0,36.0,30.0,31.0,68.0,31.0,24.0,74.0,61.0,43.0,38.0,89.0,165.0,45.0,30.0,45.0,107.0,38.0,17.0,33.0,95.0,147.0,83.0,20.0,54.0
264,66.0,1.0,1.0,1.0,1.0,0.0,0.0,2.0,0.0,2.0,8.0,1.0,0.0,1.0,1.0,1.0,2.0,4.0,1.0,0.0,23.0,16.0,3.0,7.0,2.0,1.0,2.0,4.0,0.0,4.0,6.0,10.0,3.0,1.0,5.0,3.0,3.0,9.0,0.0,1.0,6.0,14.0,7.0,1.0,4.0,12.0,2.0,0.0,1.0,1.0,0.0,1.0,2.0,2.0,24.0,0.0,3.0,12.0,6.0,1.0,2.0,1.0,1.0,0.0,0.0,0.0,13.0,57.0,17.0,10.0,1.0,9.0,3.0,5.0,22.0,10.0,7.0,3.0,7.0,3.0,13.0,21.0,23.0,49.0,6.0,34.0,17.0,4.0,31.0,13.0,29.0,32.0,19.0,28.0,25.0,40.0,6.0,1.0,0.0,2.0,23.0,26.0,10.0,9.0,28.0,13.0,22.0,23.0,58.0,20.0,20.0,16.0,26.0,38.0,5.0,2.0,1.0,30.0,78.0,21.0,14.0,20.0,6.0,40.0,19.0,16.0,17.0,22.0,110.0,52.0,21.0,1.0,4.0,18.0,36.0,36.0,20.0,29.0,19.0,39.0,16.0,19.0,32.0,17.0,35.0,47.0,25.0,39.0,23.0,6.0,22.0,27.0,8.0,33.0,25.0,36.0,12.0,25.0,54.0,24.0,59.0,47.0,36.0,40.0,51.0,28.0,68.0,54.0,40.0,39.0,31.0,46.0,17.0,42.0,23.0,32.0,43.0,42.0,56.0,28.0,30.0,79.0,58.0,14.0,14.0,33.0,25.0,36.0,31.0,29.0,58.0,31.0,24.0,58.0,53.0,43.0,38.0,88.0,165.0,43.0,30.0,42.0,94.0,39.0,13.0,24.0,95.0,110.0,68.0,20.0,45.0
265,66.25,1.0,1.0,1.0,1.0,0.0,1.0,2.0,0.0,2.0,9.0,1.0,0.0,1.0,1.0,1.0,0.0,4.0,2.0,0.0,18.0,16.0,5.0,7.0,2.0,2.0,1.0,1.0,0.0,4.0,6.0,10.0,3.0,1.0,4.0,1.0,3.0,5.0,0.0,1.0,4.0,12.0,6.0,0.0,4.0,12.0,2.0,0.0,0.0,1.0,0.0,1.0,2.0,3.0,24.0,0.0,3.0,12.0,5.0,0.0,2.0,1.0,1.0,0.0,0.0,0.0,13.0,57.0,17.0,6.0,1.0,7.0,3.0,5.0,21.0,14.0,8.0,1.0,7.0,3.0,13.0,22.0,23.0,49.0,8.0,31.0,17.0,6.0,31.0,13.0,22.0,20.0,16.0,27.0,23.0,32.0,5.0,1.0,1.0,5.0,28.0,23.0,10.0,11.0,26.0,13.0,21.0,23.0,46.0,20.0,21.0,13.0,26.0,37.0,4.0,2.0,1.0,30.0,69.0,17.0,13.0,20.0,6.0,42.0,19.0,16.0,17.0,22.0,110.0,39.0,17.0,0.0,4.0,18.0,36.0,31.0,17.0,29.0,14.0,36.0,9.0,19.0,26.0,17.0,34.0,66.0,26.0,41.0,23.0,6.0,22.0,29.0,10.0,32.0,17.0,36.0,12.0,27.0,34.0,27.0,55.0,38.0,35.0,33.0,50.0,19.0,68.0,48.0,47.0,39.0,29.0,37.0,17.0,41.0,23.0,38.0,43.0,35.0,56.0,30.0,30.0,77.0,55.0,16.0,10.0,33.0,24.0,35.0,31.0,29.0,56.0,31.0,23.0,54.0,48.0,42.0,33.0,85.0,178.0,43.0,30.0,36.0,87.0,39.0,13.0,24.0,66.0,110.0,62.0,26.0,44.0
266,66.5,1.0,1.0,1.0,0.0,2.0,1.0,1.0,0.0,3.0,9.0,0.0,0.0,1.0,1.0,1.0,0.0,3.0,1.0,0.0,12.0,15.0,2.0,8.0,2.0,2.0,1.0,3.0,0.0,2.0,3.0,10.0,3.0,1.0,4.0,1.0,4.0,2.0,0.0,0.0,2.0,9.0,6.0,0.0,3.0,10.0,2.0,0.0,0.0,1.0,0.0,1.0,1.0,3.0,24.0,0.0,4.0,6.0,4.0,1.0,2.0,1.0,1.0,0.0,0.0,0.0,13.0,54.0,15.0,5.0,1.0,7.0,1.0,3.0,22.0,10.0,8.0,1.0,4.0,6.0,19.0,22.0,22.0,48.0,8.0,31.0,18.0,4.0,26.0,11.0,18.0,20.0,12.0,25.0,22.0,28.0,5.0,3.0,1.0,5.0,21.0,16.0,7.0,11.0,21.0,10.0,21.0,19.0,45.0,17.0,18.0,13.0,27.0,32.0,4.0,1.0,1.0,25.0,67.0,15.0,12.0,20.0,6.0,42.0,19.0,18.0,17.0,31.0,95.0,39.0,21.0,0.0,4.0,14.0,34.0,21.0,11.0,27.0,11.0,28.0,9.0,22.0,26.0,17.0,33.0,83.0,28.0,39.0,22.0,5.0,21.0,29.0,10.0,22.0,16.0,32.0,12.0,27.0,32.0,24.0,46.0,32.0,32.0,30.0,50.0,19.0,64.0,47.0,40.0,39.0,29.0,37.0,17.0,38.0,22.0,38.0,42.0,33.0,54.0,30.0,30.0,68.0,51.0,17.0,11.0,32.0,17.0,22.0,30.0,22.0,56.0,26.0,20.0,45.0,40.0,32.0,30.0,85.0,163.0,48.0,26.0,33.0,60.0,37.0,15.0,21.0,66.0,112.0,53.0,26.0,41.0
267,66.75,1.0,0.0,0.0,0.0,2.0,0.0,1.0,0.0,3.0,5.0,0.0,0.0,1.0,1.0,1.0,0.0,2.0,1.0,1.0,10.0,15.0,2.0,7.0,2.0,0.0,1.0,0.0,0.0,2.0,2.0,8.0,2.0,0.0,4.0,1.0,4.0,2.0,0.0,0.0,2.0,9.0,6.0,0.0,2.0,6.0,1.0,1.0,1.0,0.0,0.0,1.0,0.0,2.0,21.0,0.0,4.0,6.0,4.0,5.0,2.0,1.0,1.0,0.0,1.0,0.0,12.0,46.0,12.0,4.0,1.0,6.0,1.0,2.0,20.0,10.0,6.0,1.0,5.0,6.0,19.0,22.0,16.0,33.0,8.0,20.0,18.0,6.0,26.0,8.0,18.0,19.0,12.0,27.0,22.0,28.0,5.0,3.0,1.0,3.0,15.0,23.0,6.0,9.0,21.0,6.0,21.0,19.0,41.0,11.0,20.0,9.0,25.0,29.0,8.0,1.0,1.0,25.0,66.0,15.0,12.0,12.0,8.0,35.0,10.0,18.0,11.0,31.0,84.0,39.0,17.0,0.0,2.0,14.0,25.0,21.0,11.0,27.0,11.0,25.0,9.0,22.0,24.0,10.0,27.0,83.0,26.0,38.0,20.0,3.0,23.0,28.0,10.0,20.0,16.0,23.0,12.0,16.0,34.0,24.0,36.0,32.0,31.0,33.0,50.0,19.0,50.0,35.0,32.0,36.0,20.0,27.0,13.0,27.0,16.0,28.0,39.0,27.0,54.0,30.0,24.0,52.0,33.0,17.0,10.0,32.0,12.0,22.0,30.0,21.0,59.0,26.0,20.0,45.0,48.0,27.0,30.0,85.0,147.0,48.0,26.0,33.0,60.0,32.0,15.0,21.0,66.0,112.0,50.0,28.0,38.0
268,67.0,1.0,0.0,0.0,0.0,2.0,0.0,1.0,0.0,3.0,5.0,0.0,0.0,2.0,1.0,1.0,0.0,0.0,0.0,0.0,9.0,15.0,2.0,5.0,2.0,0.0,0.0,0.0,0.0,1.0,2.0,8.0,1.0,1.0,2.0,0.0,3.0,3.0,0.0,0.0,2.0,9.0,6.0,0.0,3.0,6.0,1.0,1.0,2.0,0.0,1.0,0.0,0.0,1.0,19.0,0.0,2.0,7.0,4.0,5.0,1.0,4.0,2.0,0.0,1.0,0.0,12.0,38.0,12.0,4.0,1.0,4.0,2.0,3.0,17.0,8.0,5.0,2.0,4.0,5.0,13.0,17.0,15.0,33.0,8.0,26.0,15.0,4.0,20.0,8.0,18.0,19.0,10.0,21.0,21.0,24.0,5.0,0.0,1.0,2.0,11.0,16.0,5.0,9.0,14.0,5.0,24.0,11.0,41.0,10.0,18.0,6.0,19.0,29.0,8.0,0.0,1.0,22.0,63.0,15.0,7.0,10.0,7.0,35.0,9.0,15.0,8.0,16.0,83.0,25.0,17.0,0.0,2.0,14.0,25.0,17.0,11.0,27.0,16.0,23.0,9.0,22.0,15.0,10.0,20.0,54.0,24.0,29.0,17.0,3.0,21.0,28.0,10.0,19.0,16.0,20.0,8.0,16.0,32.0,15.0,38.0,18.0,27.0,32.0,43.0,14.0,49.0,24.0,30.0,31.0,20.0,27.0,11.0,27.0,14.0,23.0,39.0,27.0,48.0,19.0,24.0,48.0,33.0,16.0,4.0,24.0,12.0,27.0,20.0,21.0,59.0,23.0,20.0,45.0,40.0,27.0,29.0,68.0,112.0,43.0,26.0,33.0,58.0,31.0,13.0,21.0,66.0,93.0,42.0,20.0,30.0
269,67.25,0.0,0.0,0.0,0.0,1.0,1.0,0.0,0.0,3.0,5.0,0.0,0.0,2.0,1.0,1.0,0.0,0.0,0.0,0.0,10.0,9.0,2.0,4.0,2.0,0.0,0.0,0.0,0.0,1.0,2.0,8.0,1.0,0.0,2.0,0.0,0.0,3.0,0.0,0.0,5.0,10.0,5.0,1.0,2.0,4.0,2.0,0.0,1.0,0.0,0.0,0.0,1.0,1.0,14.0,0.0,1.0,7.0,4.0,3.0,1.0,4.0,2.0,0.0,0.0,0.0,7.0,33.0,9.0,3.0,1.0,3.0,2.0,4.0,14.0,7.0,4.0,2.0,4.0,3.0,9.0,13.0,15.0,32.0,7.0,20.0,14.0,4.0,20.0,8.0,23.0,19.0,15.0,21.0,21.0,29.0,3.0,0.0,1.0,3.0,11.0,15.0,5.0,8.0,14.0,4.0,24.0,11.0,32.0,10.0,15.0,6.0,19.0,23.0,1.0,3.0,0.0,22.0,63.0,8.0,5.0,12.0,7.0,32.0,9.0,9.0,8.0,15.0,69.0,25.0,13.0,0.0,2.0,15.0,28.0,13.0,11.0,21.0,16.0,20.0,9.0,20.0,20.0,13.0,15.0,37.0,17.0,21.0,15.0,9.0,21.0,22.0,8.0,19.0,18.0,13.0,7.0,18.0,31.0,14.0,36.0,21.0,30.0,32.0,33.0,14.0,39.0,24.0,25.0,31.0,20.0,27.0,8.0,26.0,11.0,17.0,30.0,24.0,44.0,19.0,24.0,52.0,26.0,16.0,4.0,24.0,12.0,29.0,21.0,20.0,48.0,21.0,19.0,43.0,33.0,24.0,29.0,67.0,83.0,41.0,23.0,27.0,53.0,31.0,13.0,24.0,59.0,78.0,37.0,20.0,30.0
270,67.5,0.0,0.0,0.0,0.0,1.0,1.0,0.0,0.0,3.0,5.0,0.0,2.0,1.0,1.0,1.0,0.0,3.0,0.0,0.0,12.0,8.0,4.0,4.0,2.0,0.0,0.0,0.0,0.0,1.0,0.0,8.0,2.0,0.0,0.0,1.0,0.0,3.0,0.0,0.0,2.0,6.0,4.0,2.0,2.0,6.0,2.0,0.0,0.0,1.0,0.0,0.0,1.0,1.0,14.0,0.0,1.0,8.0,3.0,1.0,1.0,4.0,2.0,0.0,0.0,0.0,7.0,25.0,9.0,8.0,2.0,3.0,1.0,4.0,13.0,7.0,4.0,2.0,4.0,2.0,7.0,13.0,15.0,32.0,8.0,26.0,14.0,4.0,20.0,8.0,12.0,19.0,12.0,21.0,21.0,20.0,3.0,0.0,0.0,3.0,10.0,11.0,6.0,7.0,13.0,3.0,18.0,11.0,32.0,13.0,9.0,6.0,14.0,25.0,1.0,0.0,1.0,18.0,43.0,8.0,7.0,10.0,7.0,32.0,8.0,11.0,10.0,15.0,67.0,26.0,13.0,0.0,2.0,13.0,28.0,13.0,11.0,21.0,11.0,19.0,9.0,15.0,17.0,13.0,11.0,22.0,16.0,19.0,15.0,9.0,19.0,20.0,10.0,17.0,20.0,13.0,7.0,18.0,31.0,14.0,26.0,21.0,23.0,29.0,29.0,10.0,30.0,28.0,23.0,31.0,20.0,25.0,5.0,26.0,11.0,17.0,28.0,23.0,39.0,21.0,16.0,48.0,34.0,15.0,5.0,18.0,5.0,27.0,18.0,19.0,40.0,21.0,19.0,41.0,33.0,23.0,24.0,56.0,82.0,24.0,15.0,27.0,45.0,22.0,13.0,21.0,54.0,78.0,36.0,20.0,30.0
271,67.75,0.0,0.0,0.0,0.0,1.0,0.0,0.0,0.0,2.0,5.0,0.0,2.0,1.0,0.0,1.0,1.0,3.0,0.0,0.0,15.0,8.0,2.0,6.0,2.0,0.0,1.0,0.0,0.0,1.0,0.0,7.0,2.0,0.0,0.0,2.0,1.0,2.0,0.0,0.0,1.0,6.0,4.0,1.0,1.0,4.0,2.0,0.0,0.0,2.0,0.0,1.0,1.0,1.0,13.0,0.0,1.0,9.0,2.0,1.0,1.0,2.0,1.0,0.0,0.0,0.0,9.0,30.0,7.0,3.0,2.0,6.0,1.0,2.0,14.0,6.0,3.0,3.0,3.0,2.0,7.0,14.0,23.0,29.0,9.0,23.0,12.0,2.0,17.0,8.0,13.0,19.0,12.0,21.0,10.0,20.0,3.0,3.0,1.0,3.0,11.0,11.0,6.0,5.0,13.0,2.0,18.0,9.0,22.0,13.0,9.0,6.0,16.0,25.0,3.0,2.0,1.0,14.0,43.0,10.0,7.0,11.0,7.0,25.0,11.0,11.0,10.0,15.0,52.0,30.0,13.0,1.0,2.0,13.0,21.0,26.0,15.0,20.0,11.0,16.0,7.0,13.0,17.0,11.0,11.0,22.0,16.0,18.0,15.0,4.0,15.0,19.0,8.0,19.0,20.0,17.0,11.0,14.0,34.0,10.0,26.0,21.0,30.0,19.0,27.0,10.0,30.0,33.0,25.0,27.0,19.0,25.0,6.0,25.0,13.0,14.0,28.0,20.0,39.0,21.0,16.0,48.0,34.0,13.0,7.0,18.0,5.0,24.0,21.0,19.0,36.0,15.0,19.0,37.0,34.0,23.0,24.0,56.0,80.0,24.0,15.0,29.0,51.0,38.0,12.0,19.0,53.0,78.0,36.0,17.0,31.0
272,68.0,3.0,0.0,0.0,0.0,1.0,0.0,0.0,0.0,2.0,4.0,0.0,0.0,1.0,0.0,1.0,1.0,3.0,1.0,0.0,15.0,5.0,2.0,7.0,2.0,0.0,0.0,0.0,0.0,0.0,0.0,8.0,2.0,1.0,1.0,1.0,1.0,2.0,0.0,0.0,1.0,6.0,7.0,1.0,2.0,6.0,1.0,0.0,0.0,2.0,0.0,1.0,1.0,1.0,12.0,0.0,1.0,9.0,2.0,0.0,1.0,2.0,1.0,0.0,1.0,0.0,9.0,30.0,7.0,5.0,0.0,6.0,2.0,2.0,14.0,6.0,3.0,3.0,3.0,1.0,7.0,14.0,23.0,23.0,9.0,23.0,12.0,4.0,21.0,8.0,13.0,10.0,10.0,21.0,10.0,20.0,0.0,3.0,1.0,3.0,15.0,12.0,6.0,5.0,13.0,2.0,10.0,9.0,22.0,14.0,9.0,6.0,15.0,25.0,3.0,1.0,1.0,14.0,42.0,11.0,7.0,10.0,7.0,20.0,11.0,11.0,8.0,14.0,52.0,30.0,11.0,1.0,2.0,13.0,18.0,26.0,15.0,20.0,11.0,19.0,6.0,8.0,10.0,8.0,11.0,19.0,17.0,18.0,12.0,4.0,14.0,19.0,5.0,17.0,13.0,17.0,13.0,14.0,34.0,10.0,24.0,17.0,17.0,24.0,29.0,10.0,37.0,34.0,28.0,27.0,19.0,25.0,6.0,22.0,14.0,14.0,24.0,20.0,39.0,21.0,15.0,37.0,34.0,13.0,7.0,18.0,13.0,17.0,19.0,19.0,30.0,15.0,23.0,36.0,34.0,27.0,18.0,60.0,61.0,24.0,17.0,29.0,43.0,24.0,8.0,17.0,47.0,77.0,38.0,17.0,37.0
273,68.25,1.0,0.0,0.0,0.0,1.0,0.0,0.0,0.0,3.0,4.0,0.0,0.0,1.0,0.0,1.0,1.0,3.0,1.0,0.0,15.0,10.0,1.0,7.0,0.0,0.0,1.0,1.0,0.0,0.0,2.0,8.0,2.0,1.0,1.0,0.0,1.0,2.0,0.0,0.0,1.0,7.0,7.0,0.0,1.0,4.0,1.0,0.0,0.0,1.0,0.0,1.0,1.0,1.0,9.0,0.0,1.0,5.0,2.0,0.0,1.0,2.0,0.0,1.0,1.0,0.0,7.0,30.0,7.0,3.0,0.0,3.0,2.0,2.0,14.0,6.0,3.0,1.0,2.0,1.0,10.0,12.0,18.0,23.0,9.0,17.0,12.0,4.0,21.0,10.0,13.0,9.0,8.0,15.0,16.0,16.0,2.0,0.0,1.0,2.0,17.0,16.0,6.0,4.0,13.0,2.0,10.0,9.0,18.0,16.0,14.0,6.0,15.0,19.0,3.0,1.0,0.0,14.0,33.0,11.0,7.0,10.0,4.0,19.0,11.0,13.0,7.0,14.0,52.0,25.0,11.0,1.0,2.0,9.0,18.0,20.0,10.0,20.0,15.0,16.0,6.0,8.0,9.0,11.0,18.0,28.0,17.0,18.0,17.0,2.0,14.0,18.0,5.0,14.0,13.0,11.0,13.0,13.0,26.0,12.0,28.0,17.0,16.0,20.0,37.0,9.0,37.0,34.0,29.0,20.0,18.0,25.0,6.0,21.0,16.0,16.0,22.0,20.0,44.0,22.0,13.0,37.0,28.0,13.0,7.0,18.0,13.0,17.0,19.0,17.0,29.0,15.0,20.0,33.0,27.0,27.0,18.0,60.0,61.0,25.0,20.0,26.0,47.0,24.0,8.0,13.0,46.0,74.0,38.0,12.0,31.0
274,68.5,1.0,0.0,0.0,0.0,1.0,0.0,0.0,0.0,3.0,6.0,0.0,0.0,1.0,0.0,0.0,1.0,1.0,1.0,0.0,8.0,9.0,1.0,6.0,0.0,0.0,0.0,1.0,0.0,0.0,2.0,8.0,2.0,1.0,1.0,0.0,1.0,2.0,0.0,0.0,1.0,7.0,5.0,0.0,2.0,2.0,1.0,1.0,1.0,0.0,0.0,1.0,1.0,1.0,9.0,0.0,0.0,3.0,1.0,0.0,1.0,2.0,1.0,1.0,1.0,0.0,5.0,26.0,7.0,5.0,0.0,3.0,1.0,1.0,13.0,4.0,3.0,1.0,1.0,2.0,11.0,12.0,16.0,22.0,4.0,16.0,9.0,4.0,21.0,8.0,13.0,9.0,8.0,13.0,16.0,16.0,2.0,0.0,1.0,3.0,17.0,13.0,6.0,6.0,7.0,2.0,7.0,7.0,31.0,14.0,9.0,8.0,15.0,19.0,2.0,1.0,0.0,10.0,33.0,11.0,2.0,9.0,3.0,12.0,7.0,11.0,7.0,14.0,40.0,23.0,12.0,1.0,1.0,13.0,15.0,13.0,10.0,20.0,16.0,18.0,6.0,11.0,9.0,8.0,18.0,28.0,17.0,23.0,12.0,2.0,13.0,15.0,7.0,14.0,11.0,10.0,9.0,15.0,25.0,12.0,28.0,16.0,16.0,24.0,37.0,7.0,28.0,26.0,28.0,20.0,15.0,22.0,8.0,19.0,15.0,17.0,18.0,20.0,44.0,23.0,12.0,35.0,25.0,8.0,6.0,14.0,7.0,17.0,19.0,15.0,27.0,26.0,23.0,33.0,23.0,19.0,18.0,51.0,61.0,28.0,20.0,23.0,42.0,23.0,10.0,13.0,45.0,74.0,28.0,9.0,29.0
275,68.75,1.0,0.0,0.0,0.0,0.0,0.0,0.0,0.0,2.0,6.0,0.0,0.0,1.0,0.0,0.0,0.0,0.0,1.0,0.0,8.0,9.0,1.0,2.0,0.0,0.0,0.0,1.0,0.0,0.0,2.0,1.0,0.0,1.0,0.0,0.0,1.0,2.0,0.0,0.0,1.0,7.0,3.0,0.0,2.0,2.0,0.0,1.0,1.0,0.0,0.0,1.0,1.0,1.0,9.0,0.0,1.0,3.0,1.0,1.0,1.0,2.0,0.0,0.0,0.0,0.0,5.0,26.0,7.0,3.0,0.0,3.0,1.0,1.0,8.0,4.0,2.0,1.0,2.0,3.0,11.0,13.0,14.0,18.0,4.0,16.0,7.0,5.0,16.0,6.0,8.0,7.0,8.0,15.0,11.0,14.0,2.0,0.0,0.0,3.0,12.0,13.0,6.0,6.0,7.0,2.0,7.0,7.0,21.0,10.0,8.0,8.0,12.0,23.0,2.0,0.0,2.0,10.0,33.0,8.0,2.0,10.0,3.0,11.0,6.0,12.0,7.0,11.0,34.0,23.0,12.0,1.0,1.0,14.0,12.0,11.0,10.0,20.0,16.0,15.0,6.0,13.0,11.0,9.0,16.0,38.0,13.0,24.0,13.0,2.0,12.0,11.0,7.0,10.0,11.0,10.0,6.0,14.0,25.0,12.0,28.0,17.0,18.0,25.0,37.0,7.0,22.0,24.0,15.0,19.0,13.0,20.0,5.0,19.0,15.0,17.0,18.0,18.0,44.0,24.0,12.0,35.0,20.0,8.0,4.0,14.0,7.0,18.0,19.0,11.0,27.0,25.0,23.0,30.0,23.0,15.0,15.0,51.0,65.0,28.0,19.0,19.0,35.0,19.0,10.0,14.0,42.0,67.0,28.0,9.0,26.0
276,69.0,1.0,0.0,1.0,0.0,0.0,0.0,1.0,0.0,1.0,4.0,0.0,0.0,0.0,0.0,0.0,1.0,1.0,0.0,1.0,4.0,6.0,1.0,3.0,0.0,0.0,0.0,0.0,0.0,0.0,2.0,1.0,0.0,1.0,0.0,1.0,1.0,1.0,0.0,0.0,1.0,3.0,3.0,0.0,2.0,2.0,0.0,0.0,1.0,0.0,0.0,1.0,1.0,1.0,9.0,0.0,0.0,2.0,0.0,1.0,1.0,2.0,0.0,0.0,0.0,0.0,11.0,24.0,7.0,2.0,1.0,3.0,1.0,4.0,7.0,4.0,2.0,0.0,2.0,3.0,5.0,13.0,9.0,15.0,4.0,16.0,6.0,1.0,16.0,4.0,7.0,7.0,9.0,12.0,11.0,16.0,2.0,0.0,0.0,3.0,8.0,9.0,8.0,7.0,10.0,4.0,6.0,7.0,21.0,9.0,8.0,6.0,12.0,23.0,2.0,1.0,3.0,11.0,32.0,8.0,3.0,9.0,1.0,9.0,5.0,6.0,7.0,11.0,34.0,22.0,8.0,1.0,1.0,14.0,12.0,8.0,11.0,16.0,11.0,17.0,5.0,11.0,11.0,9.0,16.0,38.0,13.0,24.0,6.0,1.0,11.0,11.0,3.0,10.0,11.0,8.0,3.0,14.0,22.0,10.0,21.0,16.0,18.0,27.0,21.0,7.0,19.0,22.0,15.0,21.0,12.0,16.0,4.0,19.0,15.0,17.0,15.0,18.0,37.0,24.0,12.0,30.0,20.0,8.0,6.0,11.0,12.0,19.0,21.0,10.0,27.0,25.0,23.0,25.0,23.0,19.0,18.0,42.0,77.0,28.0,19.0,18.0,35.0,19.0,10.0,14.0,41.0,65.0,25.0,9.0,21.0
277,69.25,0.0,0.0,1.0,0.0,0.0,0.0,1.0,0.0,2.0,4.0,0.0,0.0,0.0,0.0,0.0,0.0,0.0,0.0,0.0,2.0,6.0,1.0,2.0,0.0,0.0,0.0,0.0,0.0,0.0,2.0,1.0,0.0,0.0,0.0,1.0,0.0,1.0,0.0,0.0,0.0,6.0,3.0,0.0,3.0,2.0,0.0,0.0,1.0,0.0,0.0,0.0,0.0,1.0,6.0,0.0,0.0,2.0,0.0,1.0,1.0,1.0,0.0,0.0,0.0,0.0,11.0,15.0,7.0,1.0,1.0,2.0,0.0,4.0,7.0,5.0,2.0,0.0,2.0,3.0,3.0,13.0,6.0,13.0,4.0,12.0,6.0,1.0,11.0,6.0,6.0,20.0,9.0,14.0,11.0,14.0,3.0,1.0,1.0,3.0,7.0,9.0,8.0,7.0,10.0,5.0,7.0,7.0,14.0,9.0,8.0,5.0,11.0,19.0,2.0,0.0,3.0,12.0,23.0,6.0,3.0,9.0,1.0,9.0,4.0,7.0,7.0,8.0,23.0,14.0,8.0,1.0,1.0,14.0,12.0,4.0,6.0,17.0,7.0,15.0,4.0,12.0,10.0,9.0,13.0,31.0,9.0,12.0,7.0,1.0,9.0,8.0,3.0,10.0,7.0,10.0,3.0,11.0,20.0,12.0,17.0,11.0,12.0,27.0,15.0,4.0,17.0,20.0,15.0,19.0,8.0,13.0,4.0,19.0,13.0,13.0,13.0,18.0,36.0,12.0,11.0,30.0,20.0,7.0,4.0,11.0,12.0,20.0,18.0,10.0,30.0,12.0,15.0,23.0,17.0,16.0,15.0,52.0,105.0,23.0,17.0,14.0,33.0,17.0,5.0,13.0,38.0,61.0,21.0,11.0,21.0
278,69.5,0.0,0.0,0.0,0.0,0.0,1.0,1.0,0.0,1.0,3.0,1.0,0.0,0.0,0.0,0.0,0.0,0.0,0.0,0.0,4.0,4.0,2.0,1.0,0.0,0.0,0.0,0.0,0.0,0.0,1.0,2.0,0.0,0.0,1.0,0.0,0.0,1.0,0.0,0.0,0.0,3.0,2.0,0.0,3.0,1.0,1.0,0.0,0.0,0.0,0.0,0.0,0.0,1.0,4.0,0.0,0.0,2.0,0.0,2.0,0.0,2.0,1.0,0.0,0.0,0.0,3.0,15.0,8.0,2.0,1.0,1.0,0.0,2.0,7.0,5.0,2.0,0.0,2.0,1.0,3.0,6.0,5.0,7.0,2.0,9.0,6.0,1.0,5.0,6.0,7.0,20.0,9.0,11.0,11.0,14.0,3.0,1.0,1.0,2.0,7.0,9.0,3.0,4.0,8.0,4.0,5.0,6.0,10.0,5.0,8.0,3.0,11.0,10.0,2.0,0.0,0.0,12.0,23.0,6.0,2.0,7.0,1.0,9.0,4.0,6.0,6.0,8.0,16.0,10.0,7.0,1.0,1.0,7.0,5.0,4.0,10.0,16.0,6.0,15.0,4.0,9.0,10.0,7.0,16.0,11.0,8.0,12.0,7.0,1.0,11.0,7.0,5.0,9.0,7.0,10.0,3.0,11.0,20.0,12.0,17.0,7.0,12.0,18.0,14.0,4.0,11.0,12.0,13.0,19.0,7.0,13.0,5.0,15.0,13.0,11.0,13.0,17.0,34.0,11.0,9.0,26.0,17.0,7.0,6.0,11.0,12.0,20.0,18.0,11.0,22.0,10.0,9.0,21.0,17.0,16.0,17.0,44.0,105.0,23.0,15.0,11.0,23.0,17.0,6.0,12.0,31.0,53.0,21.0,11.0,21.0
279,69.75,0.0,0.0,0.0,0.0,0.0,1.0,0.0,0.0,1.0,1.0,1.0,0.0,0.0,0.0,1.0,0.0,0.0,1.0,0.0,2.0,7.0,2.0,1.0,0.0,0.0,0.0,0.0,0.0,0.0,2.0,2.0,0.0,0.0,1.0,0.0,0.0,1.0,0.0,0.0,0.0,3.0,1.0,0.0,1.0,1.0,0.0,0.0,0.0,0.0,0.0,0.0,0.0,1.0,6.0,0.0,0.0,1.0,0.0,0.0,0.0,0.0,1.0,0.0,0.0,0.0,3.0,13.0,8.0,1.0,0.0,1.0,0.0,2.0,6.0,5.0,0.0,0.0,2.0,1.0,5.0,5.0,5.0,5.0,1.0,6.0,5.0,1.0,5.0,6.0,9.0,7.0,8.0,11.0,7.0,12.0,0.0,1.0,0.0,0.0,5.0,9.0,2.0,4.0,6.0,4.0,6.0,5.0,10.0,4.0,6.0,3.0,12.0,10.0,2.0,0.0,0.0,10.0,9.0,1.0,2.0,7.0,3.0,4.0,3.0,5.0,5.0,8.0,11.0,9.0,7.0,1.0,1.0,3.0,5.0,4.0,6.0,5.0,5.0,6.0,6.0,5.0,10.0,7.0,13.0,10.0,5.0,9.0,7.0,1.0,10.0,4.0,5.0,13.0,8.0,10.0,3.0,10.0,16.0,13.0,17.0,7.0,12.0,17.0,11.0,4.0,11.0,10.0,7.0,11.0,7.0,12.0,5.0,18.0,8.0,11.0,14.0,5.0,25.0,5.0,9.0,30.0,15.0,7.0,4.0,8.0,14.0,20.0,14.0,11.0,22.0,8.0,9.0,21.0,18.0,16.0,10.0,45.0,72.0,23.0,15.0,11.0,21.0,11.0,6.0,10.0,25.0,53.0,21.0,6.0,29.0
280,70.0,0.0,0.0,0.0,0.0,0.0,0.0,0.0,1.0,1.0,1.0,1.0,0.0,0.0,0.0,1.0,2.0,0.0,1.0,0.0,2.0,4.0,0.0,1.0,0.0,0.0,0.0,0.0,0.0,0.0,1.0,2.0,0.0,0.0,0.0,0.0,0.0,1.0,0.0,2.0,0.0,2.0,0.0,0.0,1.0,0.0,2.0,0.0,0.0,0.0,0.0,0.0,0.0,1.0,6.0,0.0,0.0,1.0,0.0,0.0,0.0,0.0,0.0,0.0,0.0,0.0,3.0,13.0,7.0,1.0,0.0,1.0,0.0,2.0,4.0,2.0,0.0,0.0,2.0,1.0,5.0,5.0,5.0,5.0,1.0,5.0,3.0,1.0,4.0,5.0,9.0,6.0,3.0,6.0,7.0,11.0,0.0,0.0,0.0,0.0,4.0,4.0,2.0,2.0,6.0,2.0,5.0,5.0,12.0,2.0,5.0,1.0,12.0,10.0,1.0,0.0,0.0,3.0,9.0,1.0,2.0,7.0,3.0,4.0,4.0,4.0,2.0,8.0,8.0,8.0,4.0,1.0,1.0,7.0,5.0,1.0,3.0,4.0,2.0,6.0,6.0,5.0,9.0,7.0,8.0,8.0,4.0,12.0,2.0,1.0,10.0,3.0,2.0,5.0,8.0,5.0,4.0,8.0,16.0,12.0,18.0,7.0,4.0,9.0,9.0,4.0,9.0,5.0,4.0,6.0,5.0,8.0,4.0,15.0,7.0,11.0,15.0,5.0,19.0,5.0,3.0,25.0,7.0,5.0,2.0,8.0,14.0,12.0,14.0,7.0,21.0,10.0,5.0,21.0,18.0,11.0,11.0,44.0,49.0,20.0,16.0,11.0,20.0,11.0,7.0,8.0,31.0,52.0,22.0,6.0,29.0
281,70.25,0.0,0.0,0.0,0.0,0.0,0.0,0.0,0.0,0.0,1.0,0.0,0.0,0.0,0.0,0.0,2.0,0.0,0.0,0.0,2.0,3.0,0.0,0.0,0.0,0.0,0.0,0.0,0.0,0.0,1.0,2.0,0.0,0.0,0.0,0.0,0.0,1.0,0.0,0.0,0.0,2.0,0.0,0.0,1.0,0.0,0.0,0.0,1.0,0.0,0.0,0.0,0.0,0.0,6.0,0.0,0.0,1.0,0.0,0.0,1.0,0.0,0.0,0.0,0.0,0.0,1.0,11.0,6.0,1.0,0.0,0.0,0.0,1.0,3.0,1.0,1.0,0.0,0.0,1.0,2.0,3.0,3.0,5.0,0.0,3.0,3.0,1.0,4.0,3.0,4.0,4.0,3.0,5.0,7.0,4.0,0.0,0.0,0.0,0.0,3.0,4.0,0.0,0.0,2.0,0.0,2.0,4.0,12.0,2.0,5.0,1.0,6.0,7.0,0.0,0.0,0.0,3.0,9.0,0.0,1.0,3.0,0.0,4.0,4.0,2.0,2.0,6.0,11.0,6.0,2.0,1.0,0.0,4.0,5.0,2.0,3.0,5.0,2.0,6.0,3.0,6.0,7.0,4.0,6.0,4.0,3.0,7.0,2.0,0.0,4.0,2.0,1.0,2.0,4.0,5.0,2.0,2.0,15.0,11.0,18.0,9.0,4.0,6.0,8.0,2.0,9.0,5.0,2.0,6.0,5.0,7.0,3.0,14.0,5.0,8.0,18.0,12.0,12.0,2.0,3.0,15.0,6.0,2.0,2.0,8.0,4.0,12.0,13.0,6.0,12.0,8.0,5.0,15.0,9.0,9.0,6.0,27.0,45.0,20.0,16.0,7.0,13.0,10.0,7.0,5.0,23.0,44.0,22.0,9.0,22.0
282,70.5,0.0,0.0,1.0,0.0,0.0,0.0,0.0,0.0,0.0,1.0,0.0,0.0,0.0,0.0,0.0,0.0,0.0,0.0,0.0,2.0,1.0,0.0,0.0,0.0,0.0,0.0,0.0,0.0,0.0,1.0,2.0,0.0,0.0,0.0,0.0,0.0,0.0,0.0,0.0,0.0,2.0,0.0,0.0,0.0,0.0,0.0,0.0,1.0,0.0,0.0,0.0,0.0,0.0,2.0,0.0,0.0,1.0,0.0,0.0,1.0,1.0,0.0,0.0,0.0,0.0,0.0,8.0,1.0,1.0,0.0,1.0,0.0,0.0,3.0,1.0,1.0,0.0,1.0,0.0,2.0,3.0,3.0,2.0,1.0,2.0,1.0,1.0,4.0,3.0,1.0,3.0,4.0,2.0,4.0,2.0,0.0,0.0,0.0,0.0,3.0,4.0,0.0,0.0,2.0,1.0,2.0,4.0,12.0,1.0,2.0,1.0,4.0,6.0,0.0,0.0,0.0,3.0,6.0,1.0,1.0,3.0,0.0,2.0,4.0,2.0,1.0,3.0,8.0,4.0,4.0,1.0,0.0,4.0,2.0,2.0,2.0,4.0,2.0,5.0,1.0,6.0,6.0,4.0,6.0,4.0,3.0,6.0,3.0,0.0,3.0,1.0,0.0,2.0,3.0,5.0,2.0,2.0,11.0,7.0,15.0,9.0,4.0,5.0,7.0,2.0,5.0,5.0,2.0,4.0,5.0,6.0,2.0,10.0,5.0,7.0,18.0,12.0,7.0,1.0,3.0,9.0,7.0,1.0,1.0,6.0,4.0,12.0,14.0,5.0,12.0,10.0,5.0,12.0,5.0,7.0,9.0,24.0,39.0,18.0,16.0,9.0,13.0,4.0,2.0,5.0,23.0,37.0,16.0,9.0,13.0
283,70.75,0.0,0.0,1.0,0.0,0.0,0.0,0.0,0.0,0.0,2.0,0.0,0.0,0.0,0.0,0.0,0.0,1.0,0.0,0.0,1.0,1.0,0.0,0.0,0.0,0.0,0.0,0.0,0.0,0.0,1.0,0.0,0.0,0.0,0.0,0.0,0.0,0.0,0.0,0.0,0.0,1.0,0.0,0.0,0.0,0.0,0.0,0.0,0.0,0.0,0.0,0.0,0.0,0.0,1.0,0.0,0.0,0.0,0.0,0.0,1.0,1.0,0.0,0.0,0.0,0.0,0.0,5.0,0.0,0.0,0.0,1.0,0.0,0.0,1.0,1.0,2.0,0.0,0.0,0.0,2.0,2.0,3.0,0.0,0.0,0.0,0.0,1.0,4.0,2.0,1.0,3.0,4.0,2.0,1.0,2.0,0.0,0.0,0.0,0.0,3.0,4.0,1.0,0.0,0.0,1.0,2.0,4.0,6.0,1.0,1.0,1.0,3.0,7.0,0.0,0.0,0.0,2.0,3.0,1.0,1.0,2.0,0.0,2.0,3.0,1.0,1.0,3.0,5.0,3.0,2.0,0.0,0.0,3.0,2.0,2.0,2.0,3.0,2.0,5.0,1.0,4.0,2.0,2.0,2.0,5.0,3.0,4.0,3.0,0.0,2.0,1.0,0.0,2.0,4.0,4.0,2.0,2.0,11.0,7.0,8.0,6.0,5.0,5.0,3.0,1.0,5.0,5.0,3.0,5.0,4.0,5.0,1.0,7.0,4.0,6.0,15.0,7.0,5.0,2.0,2.0,9.0,6.0,1.0,0.0,4.0,4.0,12.0,13.0,3.0,12.0,3.0,5.0,6.0,8.0,3.0,7.0,21.0,39.0,10.0,10.0,7.0,13.0,4.0,2.0,3.0,20.0,37.0,13.0,6.0,10.0
284,71.0,0.0,0.0,0.0,0.0,0.0,0.0,0.0,0.0,0.0,1.0,0.0,0.0,0.0,0.0,0.0,0.0,0.0,0.0,0.0,1.0,0.0,0.0,0.0,0.0,0.0,0.0,0.0,0.0,0.0,0.0,0.0,0.0,0.0,0.0,0.0,0.0,0.0,0.0,0.0,0.0,0.0,0.0,0.0,0.0,0.0,0.0,0.0,0.0,0.0,0.0,0.0,0.0,0.0,1.0,0.0,0.0,0.0,0.0,0.0,1.0,0.0,0.0,1.0,0.0,0.0,0.0,5.0,0.0,0.0,0.0,1.0,0.0,0.0,1.0,1.0,0.0,0.0,0.0,0.0,2.0,2.0,2.0,0.0,0.0,0.0,1.0,1.0,1.0,2.0,1.0,2.0,1.0,1.0,1.0,1.0,0.0,0.0,0.0,0.0,3.0,3.0,1.0,0.0,1.0,1.0,2.0,1.0,5.0,1.0,1.0,1.0,4.0,3.0,0.0,0.0,0.0,2.0,1.0,1.0,1.0,2.0,1.0,1.0,1.0,1.0,0.0,3.0,3.0,3.0,2.0,0.0,0.0,3.0,2.0,1.0,2.0,3.0,2.0,5.0,2.0,3.0,2.0,2.0,2.0,5.0,3.0,3.0,2.0,1.0,2.0,0.0,0.0,2.0,1.0,4.0,2.0,2.0,7.0,7.0,7.0,4.0,4.0,2.0,3.0,1.0,3.0,5.0,3.0,2.0,4.0,4.0,2.0,4.0,2.0,6.0,3.0,2.0,5.0,2.0,2.0,9.0,3.0,1.0,1.0,4.0,4.0,10.0,12.0,3.0,12.0,4.0,2.0,5.0,6.0,3.0,7.0,21.0,39.0,10.0,6.0,9.0,10.0,4.0,2.0,5.0,18.0,24.0,12.0,3.0,7.0
285,71.25,0.0,0.0,0.0,0.0,0.0,0.0,0.0,0.0,0.0,1.0,0.0,0.0,0.0,0.0,0.0,0.0,0.0,0.0,0.0,0.0,0.0,0.0,0.0,0.0,0.0,0.0,0.0,0.0,0.0,0.0,0.0,0.0,0.0,0.0,0.0,0.0,0.0,0.0,0.0,0.0,1.0,0.0,0.0,0.0,0.0,0.0,0.0,0.0,0.0,0.0,0.0,0.0,0.0,1.0,0.0,0.0,0.0,0.0,0.0,0.0,0.0,0.0,1.0,0.0,0.0,0.0,5.0,0.0,0.0,0.0,0.0,0.0,0.0,1.0,1.0,0.0,0.0,0.0,0.0,2.0,2.0,1.0,1.0,0.0,1.0,0.0,1.0,0.0,0.0,2.0,2.0,1.0,2.0,0.0,1.0,0.0,0.0,0.0,0.0,0.0,4.0,0.0,0.0,0.0,0.0,1.0,1.0,2.0,1.0,1.0,0.0,3.0,2.0,0.0,0.0,0.0,2.0,1.0,0.0,1.0,3.0,0.0,1.0,1.0,1.0,0.0,3.0,3.0,3.0,2.0,0.0,0.0,3.0,2.0,1.0,1.0,2.0,1.0,4.0,2.0,1.0,2.0,1.0,3.0,4.0,2.0,3.0,1.0,1.0,2.0,0.0,1.0,2.0,1.0,3.0,1.0,2.0,6.0,8.0,3.0,4.0,4.0,5.0,3.0,1.0,3.0,5.0,2.0,2.0,4.0,3.0,2.0,4.0,2.0,5.0,3.0,2.0,5.0,2.0,2.0,6.0,2.0,1.0,0.0,4.0,2.0,9.0,9.0,3.0,9.0,3.0,2.0,4.0,6.0,5.0,6.0,23.0,20.0,10.0,6.0,4.0,7.0,4.0,2.0,3.0,15.0,19.0,11.0,2.0,7.0
286,71.5,0.0,0.0,0.0,0.0,0.0,0.0,0.0,0.0,0.0,0.0,0.0,0.0,0.0,0.0,0.0,0.0,0.0,0.0,0.0,1.0,0.0,0.0,0.0,0.0,0.0,0.0,0.0,0.0,0.0,0.0,0.0,0.0,0.0,0.0,0.0,0.0,0.0,0.0,0.0,0.0,2.0,0.0,0.0,0.0,0.0,0.0,0.0,0.0,0.0,0.0,0.0,0.0,0.0,1.0,0.0,0.0,0.0,0.0,0.0,0.0,0.0,0.0,1.0,0.0,0.0,0.0,4.0,0.0,0.0,0.0,0.0,0.0,0.0,0.0,0.0,0.0,0.0,0.0,0.0,2.0,2.0,0.0,1.0,0.0,1.0,1.0,0.0,0.0,0.0,2.0,0.0,1.0,1.0,1.0,1.0,0.0,0.0,0.0,0.0,0.0,2.0,0.0,0.0,1.0,0.0,1.0,0.0,1.0,1.0,1.0,1.0,2.0,2.0,0.0,0.0,0.0,2.0,1.0,0.0,0.0,3.0,1.0,1.0,0.0,0.0,0.0,2.0,3.0,3.0,2.0,0.0,0.0,1.0,2.0,2.0,1.0,2.0,1.0,3.0,1.0,3.0,2.0,1.0,3.0,4.0,0.0,3.0,2.0,0.0,2.0,0.0,1.0,2.0,1.0,4.0,0.0,2.0,6.0,3.0,3.0,4.0,2.0,3.0,1.0,1.0,3.0,5.0,1.0,2.0,3.0,2.0,2.0,4.0,2.0,3.0,4.0,1.0,3.0,1.0,3.0,5.0,2.0,1.0,1.0,2.0,2.0,7.0,4.0,3.0,9.0,4.0,2.0,3.0,6.0,5.0,5.0,23.0,20.0,8.0,6.0,4.0,6.0,4.0,0.0,3.0,16.0,18.0,9.0,2.0,7.0
287,71.75,0.0,0.0,0.0,0.0,0.0,0.0,0.0,0.0,0.0,0.0,0.0,0.0,0.0,0.0,0.0,0.0,0.0,0.0,0.0,0.0,0.0,0.0,0.0,0.0,0.0,0.0,0.0,0.0,0.0,0.0,0.0,0.0,0.0,0.0,0.0,0.0,0.0,0.0,0.0,0.0,2.0,0.0,0.0,0.0,0.0,0.0,0.0,0.0,0.0,0.0,0.0,0.0,0.0,0.0,0.0,0.0,0.0,0.0,0.0,0.0,0.0,0.0,0.0,0.0,0.0,0.0,1.0,0.0,0.0,0.0,0.0,0.0,0.0,0.0,0.0,0.0,0.0,0.0,1.0,4.0,2.0,1.0,1.0,0.0,1.0,0.0,0.0,0.0,0.0,2.0,0.0,0.0,0.0,0.0,0.0,0.0,0.0,0.0,0.0,1.0,0.0,0.0,0.0,1.0,0.0,1.0,0.0,1.0,0.0,1.0,2.0,2.0,2.0,0.0,0.0,0.0,2.0,2.0,1.0,0.0,1.0,1.0,0.0,0.0,0.0,1.0,2.0,4.0,2.0,2.0,0.0,0.0,1.0,3.0,2.0,2.0,2.0,1.0,3.0,1.0,2.0,2.0,1.0,2.0,1.0,0.0,2.0,1.0,0.0,2.0,1.0,0.0,2.0,0.0,3.0,0.0,2.0,3.0,2.0,5.0,4.0,0.0,3.0,1.0,1.0,3.0,3.0,1.0,2.0,1.0,2.0,1.0,6.0,2.0,3.0,4.0,1.0,3.0,1.0,4.0,6.0,3.0,1.0,0.0,2.0,2.0,5.0,2.0,2.0,3.0,3.0,3.0,3.0,5.0,3.0,4.0,21.0,15.0,5.0,6.0,4.0,5.0,3.0,0.0,3.0,10.0,13.0,7.0,1.0,7.0
288,72.0,0.0,0.0,0.0,0.0,0.0,0.0,0.0,0.0,0.0,0.0,0.0,0.0,0.0,0.0,0.0,0.0,0.0,0.0,0.0,0.0,1.0,0.0,0.0,0.0,0.0,0.0,0.0,0.0,0.0,0.0,0.0,0.0,0.0,0.0,0.0,0.0,0.0,0.0,0.0,0.0,0.0,0.0,0.0,0.0,0.0,0.0,0.0,0.0,0.0,0.0,0.0,0.0,0.0,0.0,0.0,0.0,0.0,0.0,0.0,0.0,0.0,0.0,0.0,0.0,0.0,0.0,1.0,0.0,0.0,0.0,0.0,0.0,0.0,0.0,0.0,0.0,0.0,0.0,0.0,3.0,2.0,1.0,1.0,0.0,0.0,0.0,0.0,0.0,0.0,0.0,0.0,0.0,0.0,1.0,0.0,0.0,0.0,0.0,0.0,1.0,0.0,0.0,0.0,2.0,0.0,1.0,0.0,1.0,1.0,1.0,2.0,1.0,1.0,0.0,0.0,0.0,1.0,2.0,1.0,0.0,0.0,1.0,0.0,0.0,0.0,1.0,2.0,4.0,2.0,1.0,0.0,0.0,1.0,3.0,0.0,2.0,2.0,0.0,0.0,0.0,3.0,0.0,1.0,2.0,4.0,0.0,1.0,0.0,0.0,0.0,0.0,0.0,2.0,2.0,3.0,0.0,1.0,3.0,2.0,7.0,3.0,0.0,1.0,1.0,1.0,2.0,3.0,2.0,2.0,1.0,1.0,1.0,4.0,4.0,3.0,4.0,2.0,3.0,2.0,4.0,5.0,3.0,1.0,0.0,2.0,2.0,4.0,2.0,2.0,3.0,4.0,2.0,4.0,5.0,3.0,3.0,15.0,14.0,5.0,6.0,4.0,4.0,3.0,0.0,2.0,7.0,13.0,5.0,1.0,7.0
289,72.25,0.0,0.0,0.0,0.0,0.0,0.0,0.0,0.0,0.0,0.0,0.0,0.0,0.0,0.0,0.0,0.0,0.0,0.0,0.0,0.0,1.0,0.0,0.0,0.0,0.0,0.0,0.0,0.0,0.0,0.0,0.0,0.0,0.0,0.0,0.0,0.0,0.0,0.0,0.0,0.0,0.0,0.0,0.0,0.0,0.0,0.0,0.0,0.0,0.0,0.0,0.0,0.0,0.0,0.0,0.0,0.0,0.0,0.0,0.0,0.0,0.0,0.0,0.0,0.0,0.0,0.0,1.0,0.0,0.0,0.0,0.0,0.0,0.0,0.0,0.0,0.0,0.0,0.0,0.0,3.0,1.0,1.0,1.0,0.0,0.0,0.0,0.0,0.0,0.0,0.0,0.0,0.0,1.0,0.0,0.0,1.0,0.0,0.0,0.0,0.0,0.0,0.0,0.0,2.0,0.0,0.0,0.0,2.0,1.0,1.0,1.0,1.0,0.0,0.0,0.0,0.0,1.0,2.0,1.0,0.0,0.0,0.0,0.0,0.0,0.0,1.0,2.0,2.0,2.0,0.0,0.0,0.0,2.0,1.0,0.0,1.0,1.0,1.0,0.0,0.0,2.0,0.0,1.0,2.0,3.0,0.0,0.0,0.0,0.0,0.0,1.0,0.0,2.0,2.0,1.0,0.0,1.0,0.0,2.0,5.0,1.0,2.0,0.0,1.0,0.0,2.0,2.0,2.0,0.0,1.0,2.0,1.0,3.0,4.0,4.0,4.0,4.0,2.0,2.0,2.0,2.0,1.0,1.0,0.0,2.0,1.0,4.0,5.0,2.0,2.0,3.0,2.0,4.0,2.0,3.0,3.0,11.0,14.0,5.0,4.0,4.0,4.0,2.0,0.0,2.0,7.0,13.0,5.0,1.0,6.0
290,72.5,0.0,0.0,0.0,0.0,0.0,0.0,0.0,0.0,0.0,0.0,0.0,0.0,0.0,0.0,0.0,0.0,0.0,0.0,0.0,0.0,1.0,0.0,0.0,0.0,0.0,0.0,0.0,0.0,0.0,0.0,0.0,0.0,0.0,0.0,0.0,0.0,0.0,0.0,0.0,0.0,0.0,0.0,0.0,0.0,1.0,0.0,0.0,0.0,0.0,0.0,0.0,0.0,0.0,1.0,0.0,0.0,0.0,0.0,0.0,0.0,0.0,0.0,0.0,0.0,0.0,0.0,2.0,1.0,0.0,0.0,0.0,0.0,0.0,0.0,0.0,0.0,0.0,0.0,0.0,1.0,0.0,1.0,1.0,0.0,0.0,0.0,0.0,0.0,0.0,0.0,0.0,0.0,1.0,0.0,0.0,0.0,0.0,0.0,0.0,0.0,1.0,0.0,0.0,1.0,0.0,0.0,0.0,3.0,1.0,1.0,0.0,0.0,0.0,0.0,0.0,0.0,0.0,2.0,1.0,0.0,0.0,0.0,0.0,0.0,0.0,0.0,0.0,0.0,1.0,0.0,0.0,0.0,2.0,0.0,0.0,0.0,0.0,0.0,1.0,1.0,0.0,0.0,1.0,2.0,4.0,0.0,0.0,0.0,0.0,0.0,0.0,0.0,2.0,2.0,1.0,0.0,0.0,0.0,1.0,7.0,1.0,4.0,0.0,1.0,0.0,2.0,3.0,2.0,3.0,1.0,2.0,2.0,2.0,2.0,2.0,4.0,4.0,2.0,0.0,0.0,2.0,1.0,0.0,0.0,1.0,1.0,6.0,5.0,2.0,5.0,3.0,2.0,1.0,1.0,2.0,3.0,9.0,14.0,5.0,4.0,3.0,3.0,2.0,0.0,2.0,7.0,11.0,5.0,1.0,6.0
291,72.75,0.0,0.0,0.0,0.0,0.0,0.0,0.0,0.0,0.0,0.0,0.0,0.0,0.0,0.0,0.0,0.0,0.0,0.0,0.0,0.0,0.0,0.0,0.0,0.0,0.0,0.0,0.0,0.0,0.0,0.0,0.0,0.0,0.0,0.0,0.0,0.0,0.0,0.0,0.0,0.0,0.0,0.0,0.0,0.0,0.0,0.0,0.0,0.0,0.0,0.0,0.0,0.0,0.0,0.0,0.0,0.0,1.0,0.0,0.0,0.0,0.0,0.0,0.0,0.0,0.0,0.0,2.0,1.0,0.0,0.0,0.0,0.0,0.0,0.0,0.0,0.0,0.0,1.0,0.0,1.0,0.0,1.0,1.0,0.0,0.0,0.0,0.0,0.0,0.0,0.0,0.0,0.0,1.0,0.0,0.0,1.0,0.0,0.0,0.0,0.0,1.0,0.0,0.0,1.0,0.0,0.0,0.0,2.0,0.0,1.0,0.0,1.0,1.0,0.0,0.0,0.0,0.0,1.0,1.0,0.0,0.0,0.0,0.0,0.0,0.0,0.0,0.0,0.0,1.0,1.0,0.0,0.0,1.0,0.0,0.0,0.0,0.0,1.0,1.0,1.0,0.0,1.0,0.0,2.0,4.0,0.0,0.0,1.0,0.0,0.0,2.0,0.0,2.0,1.0,2.0,0.0,1.0,1.0,0.0,4.0,1.0,3.0,1.0,1.0,0.0,1.0,2.0,2.0,0.0,1.0,2.0,1.0,2.0,2.0,3.0,4.0,1.0,2.0,0.0,1.0,2.0,2.0,1.0,0.0,1.0,1.0,6.0,4.0,1.0,2.0,1.0,2.0,1.0,2.0,2.0,5.0,9.0,15.0,5.0,2.0,2.0,2.0,2.0,0.0,1.0,6.0,9.0,4.0,1.0,6.0
292,73.0,0.0,0.0,0.0,0.0,0.0,0.0,0.0,0.0,0.0,0.0,0.0,0.0,0.0,0.0,0.0,0.0,0.0,0.0,0.0,0.0,0.0,0.0,0.0,0.0,0.0,0.0,0.0,0.0,0.0,0.0,0.0,0.0,0.0,0.0,0.0,0.0,0.0,0.0,0.0,0.0,0.0,0.0,0.0,0.0,0.0,0.0,0.0,0.0,0.0,0.0,0.0,0.0,0.0,1.0,0.0,0.0,0.0,0.0,0.0,0.0,0.0,0.0,0.0,0.0,0.0,0.0,1.0,0.0,0.0,0.0,1.0,0.0,0.0,0.0,0.0,1.0,0.0,0.0,0.0,1.0,0.0,0.0,1.0,0.0,0.0,0.0,0.0,0.0,0.0,0.0,0.0,0.0,0.0,0.0,1.0,0.0,0.0,0.0,0.0,0.0,1.0,0.0,0.0,1.0,0.0,2.0,1.0,2.0,0.0,0.0,0.0,3.0,1.0,0.0,0.0,0.0,0.0,1.0,0.0,0.0,0.0,0.0,0.0,1.0,0.0,0.0,0.0,0.0,1.0,1.0,0.0,0.0,1.0,0.0,0.0,0.0,0.0,0.0,1.0,1.0,0.0,2.0,0.0,3.0,4.0,0.0,1.0,0.0,0.0,1.0,0.0,0.0,1.0,0.0,2.0,1.0,1.0,1.0,1.0,3.0,1.0,3.0,1.0,1.0,0.0,3.0,3.0,2.0,1.0,1.0,2.0,1.0,0.0,1.0,3.0,3.0,1.0,2.0,0.0,0.0,2.0,2.0,0.0,0.0,1.0,2.0,4.0,4.0,1.0,4.0,1.0,3.0,4.0,3.0,2.0,5.0,9.0,16.0,5.0,5.0,2.0,1.0,2.0,0.0,1.0,6.0,8.0,4.0,1.0,3.0
293,73.25,0.0,0.0,0.0,0.0,0.0,0.0,0.0,0.0,0.0,0.0,0.0,0.0,0.0,0.0,0.0,0.0,0.0,0.0,0.0,0.0,0.0,0.0,0.0,0.0,0.0,0.0,0.0,0.0,0.0,0.0,0.0,0.0,0.0,0.0,0.0,0.0,0.0,0.0,0.0,0.0,0.0,0.0,0.0,0.0,0.0,0.0,0.0,0.0,0.0,0.0,0.0,0.0,0.0,0.0,0.0,0.0,0.0,0.0,0.0,0.0,0.0,0.0,0.0,0.0,0.0,0.0,0.0,0.0,0.0,0.0,1.0,0.0,0.0,0.0,0.0,1.0,0.0,0.0,0.0,1.0,0.0,0.0,0.0,0.0,0.0,1.0,0.0,0.0,0.0,0.0,0.0,0.0,0.0,0.0,1.0,0.0,0.0,0.0,0.0,0.0,1.0,0.0,1.0,1.0,0.0,2.0,1.0,2.0,0.0,1.0,0.0,3.0,1.0,0.0,0.0,0.0,0.0,1.0,1.0,0.0,0.0,0.0,0.0,1.0,0.0,0.0,2.0,1.0,0.0,1.0,0.0,0.0,1.0,0.0,0.0,0.0,0.0,0.0,2.0,1.0,1.0,2.0,0.0,3.0,2.0,0.0,0.0,0.0,0.0,1.0,0.0,0.0,1.0,0.0,2.0,1.0,1.0,3.0,0.0,3.0,1.0,2.0,0.0,1.0,1.0,1.0,2.0,2.0,0.0,1.0,1.0,1.0,2.0,1.0,3.0,3.0,1.0,3.0,0.0,1.0,2.0,1.0,0.0,0.0,1.0,2.0,4.0,4.0,1.0,4.0,2.0,2.0,4.0,3.0,2.0,3.0,9.0,15.0,5.0,2.0,2.0,1.0,2.0,0.0,1.0,4.0,8.0,4.0,1.0,2.0
294,73.5,0.0,0.0,0.0,0.0,0.0,0.0,0.0,0.0,0.0,0.0,0.0,0.0,0.0,0.0,0.0,0.0,0.0,0.0,0.0,0.0,0.0,0.0,0.0,0.0,0.0,0.0,0.0,0.0,0.0,0.0,0.0,0.0,0.0,0.0,0.0,0.0,0.0,0.0,0.0,0.0,0.0,0.0,0.0,0.0,0.0,0.0,0.0,0.0,0.0,0.0,0.0,0.0,0.0,0.0,0.0,0.0,0.0,0.0,0.0,0.0,0.0,0.0,0.0,0.0,0.0,0.0,1.0,0.0,0.0,0.0,1.0,0.0,0.0,0.0,0.0,0.0,0.0,0.0,0.0,1.0,0.0,0.0,0.0,0.0,0.0,1.0,0.0,2.0,0.0,0.0,0.0,0.0,0.0,0.0,0.0,0.0,0.0,0.0,1.0,0.0,0.0,0.0,1.0,0.0,0.0,1.0,2.0,2.0,0.0,1.0,0.0,2.0,1.0,0.0,0.0,0.0,0.0,1.0,1.0,0.0,0.0,0.0,0.0,1.0,0.0,0.0,2.0,1.0,0.0,0.0,0.0,0.0,1.0,1.0,0.0,1.0,0.0,0.0,2.0,1.0,0.0,2.0,0.0,3.0,2.0,1.0,1.0,0.0,0.0,1.0,0.0,0.0,0.0,0.0,2.0,0.0,1.0,1.0,0.0,2.0,1.0,2.0,0.0,0.0,1.0,1.0,0.0,1.0,0.0,1.0,1.0,1.0,2.0,0.0,3.0,2.0,0.0,4.0,1.0,1.0,1.0,1.0,0.0,0.0,1.0,2.0,2.0,5.0,2.0,4.0,2.0,2.0,3.0,2.0,1.0,3.0,8.0,12.0,5.0,2.0,1.0,1.0,2.0,0.0,1.0,3.0,6.0,4.0,1.0,0.0
295,73.75,0.0,0.0,0.0,0.0,0.0,0.0,0.0,0.0,0.0,0.0,0.0,0.0,0.0,0.0,0.0,0.0,0.0,0.0,0.0,0.0,0.0,0.0,0.0,0.0,0.0,0.0,0.0,0.0,0.0,0.0,0.0,0.0,0.0,0.0,0.0,0.0,0.0,0.0,0.0,0.0,0.0,0.0,0.0,0.0,0.0,0.0,0.0,0.0,0.0,0.0,0.0,0.0,0.0,0.0,0.0,0.0,0.0,0.0,0.0,0.0,0.0,0.0,0.0,0.0,0.0,0.0,0.0,0.0,0.0,0.0,0.0,0.0,0.0,0.0,0.0,0.0,0.0,0.0,0.0,1.0,1.0,0.0,0.0,0.0,0.0,0.0,0.0,2.0,0.0,0.0,0.0,0.0,0.0,0.0,0.0,0.0,0.0,0.0,1.0,0.0,0.0,0.0,0.0,1.0,0.0,1.0,2.0,2.0,1.0,1.0,0.0,2.0,1.0,0.0,0.0,0.0,0.0,1.0,1.0,0.0,0.0,0.0,0.0,0.0,0.0,0.0,0.0,2.0,0.0,0.0,0.0,0.0,1.0,1.0,0.0,0.0,0.0,0.0,1.0,1.0,1.0,1.0,1.0,3.0,2.0,0.0,0.0,0.0,0.0,0.0,0.0,0.0,0.0,0.0,1.0,0.0,1.0,2.0,0.0,4.0,1.0,2.0,0.0,1.0,0.0,1.0,0.0,1.0,0.0,1.0,1.0,1.0,2.0,0.0,3.0,1.0,2.0,3.0,1.0,1.0,1.0,2.0,0.0,0.0,1.0,2.0,2.0,4.0,0.0,4.0,0.0,1.0,2.0,2.0,0.0,3.0,6.0,7.0,2.0,2.0,1.0,1.0,2.0,0.0,0.0,2.0,5.0,3.0,1.0,0.0
296,74.0,0.0,0.0,0.0,0.0,0.0,0.0,0.0,0.0,0.0,0.0,0.0,0.0,0.0,0.0,0.0,0.0,0.0,0.0,0.0,0.0,0.0,0.0,0.0,0.0,0.0,0.0,0.0,0.0,0.0,0.0,0.0,0.0,0.0,0.0,0.0,0.0,0.0,0.0,0.0,0.0,0.0,0.0,0.0,0.0,0.0,0.0,0.0,0.0,0.0,0.0,0.0,0.0,0.0,0.0,0.0,0.0,0.0,0.0,0.0,0.0,0.0,0.0,0.0,0.0,0.0,0.0,1.0,0.0,0.0,0.0,0.0,0.0,0.0,0.0,0.0,0.0,0.0,0.0,0.0,1.0,1.0,0.0,0.0,0.0,1.0,0.0,0.0,0.0,0.0,0.0,0.0,0.0,0.0,0.0,0.0,0.0,0.0,0.0,0.0,1.0,0.0,0.0,0.0,0.0,0.0,1.0,2.0,1.0,0.0,0.0,0.0,2.0,1.0,0.0,0.0,0.0,0.0,1.0,0.0,0.0,0.0,0.0,0.0,0.0,0.0,1.0,0.0,2.0,0.0,1.0,0.0,0.0,1.0,1.0,1.0,0.0,0.0,0.0,1.0,1.0,0.0,1.0,1.0,1.0,2.0,1.0,2.0,0.0,0.0,0.0,1.0,0.0,0.0,0.0,0.0,0.0,1.0,1.0,1.0,2.0,5.0,1.0,0.0,0.0,0.0,1.0,0.0,0.0,0.0,1.0,2.0,1.0,1.0,0.0,3.0,2.0,2.0,3.0,1.0,1.0,1.0,2.0,0.0,0.0,1.0,1.0,1.0,1.0,2.0,4.0,0.0,1.0,1.0,2.0,0.0,2.0,6.0,7.0,2.0,2.0,1.0,0.0,2.0,0.0,0.0,2.0,6.0,1.0,0.0,0.0
297,74.25,0.0,0.0,0.0,0.0,0.0,0.0,0.0,0.0,0.0,0.0,0.0,0.0,0.0,0.0,0.0,0.0,0.0,0.0,0.0,0.0,0.0,0.0,0.0,0.0,0.0,0.0,0.0,0.0,0.0,0.0,0.0,0.0,0.0,0.0,0.0,0.0,0.0,0.0,0.0,0.0,0.0,0.0,0.0,0.0,0.0,0.0,0.0,0.0,0.0,0.0,0.0,0.0,0.0,0.0,0.0,0.0,0.0,0.0,0.0,0.0,0.0,0.0,0.0,0.0,0.0,0.0,1.0,0.0,0.0,0.0,0.0,0.0,0.0,0.0,0.0,0.0,0.0,0.0,0.0,2.0,0.0,1.0,0.0,0.0,1.0,0.0,0.0,0.0,0.0,0.0,0.0,0.0,0.0,0.0,0.0,1.0,0.0,0.0,0.0,1.0,0.0,0.0,0.0,0.0,0.0,1.0,0.0,0.0,0.0,0.0,0.0,2.0,1.0,0.0,0.0,0.0,0.0,1.0,0.0,0.0,0.0,0.0,0.0,0.0,0.0,0.0,0.0,3.0,1.0,1.0,0.0,0.0,0.0,0.0,2.0,0.0,0.0,0.0,2.0,1.0,0.0,1.0,1.0,1.0,2.0,1.0,0.0,0.0,0.0,0.0,1.0,0.0,0.0,0.0,0.0,0.0,1.0,0.0,1.0,2.0,5.0,1.0,0.0,1.0,0.0,1.0,0.0,0.0,0.0,1.0,2.0,0.0,0.0,0.0,4.0,1.0,2.0,1.0,0.0,1.0,1.0,2.0,0.0,0.0,0.0,0.0,1.0,1.0,1.0,3.0,1.0,1.0,2.0,2.0,0.0,1.0,6.0,8.0,2.0,2.0,1.0,0.0,2.0,0.0,0.0,2.0,4.0,1.0,0.0,0.0
298,74.5,0.0,0.0,0.0,0.0,0.0,0.0,0.0,0.0,0.0,0.0,0.0,0.0,0.0,0.0,0.0,0.0,0.0,0.0,0.0,0.0,0.0,0.0,0.0,0.0,0.0,0.0,0.0,0.0,0.0,0.0,0.0,0.0,0.0,0.0,0.0,0.0,0.0,0.0,0.0,0.0,0.0,0.0,0.0,0.0,0.0,0.0,0.0,0.0,0.0,0.0,0.0,0.0,0.0,0.0,0.0,0.0,0.0,0.0,0.0,0.0,0.0,0.0,0.0,0.0,0.0,0.0,1.0,0.0,0.0,0.0,0.0,0.0,0.0,0.0,0.0,0.0,0.0,0.0,1.0,2.0,0.0,1.0,0.0,0.0,0.0,0.0,0.0,0.0,0.0,0.0,0.0,0.0,0.0,0.0,0.0,1.0,0.0,0.0,0.0,1.0,0.0,0.0,0.0,0.0,0.0,0.0,0.0,0.0,0.0,0.0,0.0,0.0,1.0,0.0,0.0,0.0,0.0,1.0,0.0,0.0,0.0,0.0,0.0,0.0,0.0,0.0,0.0,2.0,1.0,1.0,0.0,0.0,0.0,1.0,2.0,0.0,0.0,0.0,2.0,1.0,0.0,1.0,0.0,1.0,3.0,1.0,0.0,0.0,0.0,0.0,0.0,0.0,0.0,0.0,1.0,0.0,1.0,0.0,1.0,1.0,1.0,1.0,1.0,1.0,0.0,1.0,0.0,0.0,0.0,0.0,0.0,0.0,0.0,0.0,2.0,1.0,2.0,1.0,0.0,1.0,1.0,1.0,0.0,0.0,0.0,0.0,1.0,1.0,2.0,1.0,1.0,1.0,1.0,2.0,0.0,1.0,6.0,8.0,2.0,2.0,1.0,0.0,2.0,0.0,0.0,2.0,3.0,1.0,0.0,1.0
299,74.75,0.0,0.0,0.0,0.0,0.0,0.0,0.0,0.0,0.0,0.0,0.0,0.0,0.0,0.0,0.0,0.0,0.0,0.0,0.0,0.0,0.0,0.0,0.0,0.0,0.0,0.0,0.0,0.0,0.0,0.0,0.0,0.0,0.0,0.0,0.0,0.0,0.0,0.0,0.0,0.0,0.0,0.0,0.0,0.0,0.0,0.0,0.0,0.0,0.0,0.0,0.0,0.0,0.0,0.0,0.0,0.0,0.0,0.0,0.0,0.0,0.0,0.0,0.0,0.0,0.0,0.0,1.0,0.0,0.0,0.0,0.0,0.0,0.0,0.0,0.0,0.0,0.0,0.0,0.0,4.0,0.0,0.0,1.0,0.0,0.0,0.0,0.0,0.0,0.0,0.0,0.0,0.0,0.0,0.0,0.0,1.0,0.0,0.0,0.0,1.0,1.0,0.0,0.0,0.0,0.0,0.0,0.0,0.0,0.0,0.0,0.0,0.0,1.0,0.0,0.0,0.0,0.0,0.0,0.0,0.0,0.0,0.0,0.0,0.0,0.0,0.0,0.0,3.0,1.0,1.0,0.0,0.0,0.0,1.0,1.0,0.0,0.0,0.0,1.0,0.0,0.0,2.0,0.0,1.0,3.0,1.0,0.0,0.0,0.0,0.0,0.0,0.0,0.0,0.0,1.0,0.0,1.0,1.0,1.0,1.0,1.0,0.0,0.0,1.0,0.0,1.0,0.0,0.0,0.0,1.0,0.0,0.0,0.0,2.0,2.0,1.0,1.0,1.0,0.0,1.0,1.0,1.0,0.0,1.0,0.0,0.0,1.0,0.0,1.0,1.0,1.0,0.0,1.0,2.0,0.0,1.0,4.0,8.0,2.0,2.0,0.0,3.0,2.0,0.0,0.0,2.0,3.0,3.0,1.0,2.0
300,75.0,0.0,0.0,0.0,0.0,0.0,0.0,0.0,0.0,0.0,0.0,0.0,0.0,0.0,0.0,0.0,0.0,0.0,0.0,0.0,0.0,0.0,0.0,0.0,0.0,0.0,0.0,0.0,0.0,0.0,0.0,0.0,0.0,0.0,0.0,0.0,0.0,0.0,0.0,0.0,0.0,0.0,0.0,0.0,0.0,0.0,0.0,0.0,0.0,0.0,0.0,0.0,0.0,0.0,0.0,0.0,0.0,0.0,0.0,0.0,0.0,0.0,0.0,0.0,0.0,0.0,0.0,1.0,0.0,0.0,0.0,0.0,0.0,0.0,0.0,0.0,0.0,0.0,0.0,0.0,3.0,1.0,0.0,1.0,0.0,0.0,0.0,0.0,0.0,0.0,0.0,0.0,0.0,0.0,0.0,0.0,0.0,0.0,0.0,0.0,1.0,1.0,0.0,0.0,0.0,1.0,0.0,1.0,1.0,1.0,0.0,0.0,0.0,1.0,0.0,0.0,0.0,0.0,0.0,0.0,0.0,0.0,0.0,0.0,0.0,0.0,0.0,0.0,2.0,1.0,0.0,0.0,0.0,0.0,1.0,1.0,0.0,0.0,0.0,1.0,1.0,1.0,2.0,0.0,1.0,3.0,1.0,0.0,0.0,0.0,0.0,0.0,0.0,0.0,0.0,1.0,0.0,1.0,1.0,1.0,1.0,2.0,0.0,0.0,0.0,0.0,1.0,0.0,0.0,0.0,0.0,0.0,1.0,1.0,2.0,2.0,1.0,0.0,2.0,0.0,1.0,1.0,1.0,0.0,1.0,0.0,0.0,1.0,0.0,2.0,1.0,1.0,0.0,1.0,2.0,0.0,1.0,2.0,4.0,2.0,1.0,1.0,4.0,2.0,0.0,0.0,2.0,3.0,3.0,1.0,5.0
301,75.25,0.0,0.0,0.0,0.0,0.0,0.0,0.0,0.0,0.0,0.0,0.0,0.0,0.0,0.0,0.0,0.0,0.0,0.0,0.0,0.0,0.0,0.0,0.0,0.0,0.0,0.0,0.0,0.0,0.0,0.0,0.0,0.0,0.0,0.0,0.0,0.0,0.0,0.0,0.0,0.0,0.0,0.0,0.0,0.0,0.0,0.0,0.0,0.0,0.0,0.0,0.0,0.0,0.0,0.0,0.0,0.0,0.0,0.0,0.0,0.0,0.0,0.0,0.0,0.0,0.0,0.0,1.0,0.0,0.0,0.0,0.0,0.0,0.0,0.0,0.0,0.0,0.0,0.0,0.0,3.0,0.0,0.0,0.0,0.0,0.0,0.0,0.0,0.0,0.0,0.0,0.0,0.0,0.0,0.0,1.0,0.0,0.0,0.0,0.0,1.0,0.0,0.0,0.0,0.0,1.0,1.0,1.0,1.0,1.0,1.0,0.0,1.0,0.0,0.0,0.0,0.0,0.0,0.0,1.0,0.0,0.0,0.0,0.0,0.0,0.0,0.0,0.0,2.0,0.0,0.0,0.0,0.0,1.0,3.0,1.0,0.0,0.0,0.0,0.0,0.0,0.0,2.0,0.0,2.0,3.0,0.0,0.0,0.0,0.0,0.0,0.0,0.0,0.0,0.0,1.0,0.0,1.0,1.0,1.0,1.0,2.0,1.0,0.0,0.0,0.0,1.0,0.0,0.0,0.0,0.0,0.0,1.0,2.0,2.0,3.0,2.0,0.0,2.0,1.0,0.0,2.0,1.0,0.0,1.0,1.0,1.0,1.0,1.0,1.0,1.0,1.0,0.0,1.0,0.0,1.0,0.0,4.0,4.0,3.0,3.0,0.0,3.0,2.0,1.0,0.0,1.0,2.0,2.0,0.0,6.0
302,75.5,0.0,0.0,0.0,0.0,0.0,0.0,0.0,0.0,0.0,0.0,0.0,0.0,0.0,0.0,0.0,0.0,0.0,0.0,0.0,0.0,0.0,0.0,0.0,0.0,0.0,0.0,0.0,0.0,0.0,0.0,0.0,0.0,0.0,0.0,0.0,0.0,0.0,0.0,0.0,0.0,0.0,0.0,0.0,0.0,0.0,0.0,0.0,0.0,0.0,0.0,0.0,0.0,0.0,0.0,0.0,0.0,0.0,0.0,0.0,0.0,0.0,0.0,0.0,0.0,0.0,0.0,0.0,0.0,0.0,0.0,0.0,0.0,0.0,0.0,0.0,0.0,0.0,0.0,0.0,1.0,1.0,0.0,0.0,0.0,0.0,0.0,0.0,0.0,0.0,0.0,0.0,0.0,0.0,0.0,1.0,0.0,0.0,0.0,0.0,0.0,0.0,0.0,0.0,0.0,0.0,1.0,1.0,1.0,1.0,1.0,0.0,2.0,0.0,0.0,0.0,0.0,0.0,0.0,1.0,0.0,0.0,0.0,1.0,0.0,0.0,0.0,0.0,2.0,0.0,0.0,0.0,0.0,0.0,1.0,1.0,0.0,1.0,0.0,0.0,0.0,1.0,1.0,0.0,2.0,3.0,1.0,1.0,1.0,0.0,0.0,0.0,0.0,0.0,0.0,2.0,0.0,1.0,1.0,2.0,1.0,2.0,1.0,1.0,0.0,0.0,1.0,0.0,0.0,0.0,0.0,1.0,1.0,1.0,2.0,3.0,2.0,1.0,2.0,1.0,0.0,2.0,2.0,0.0,0.0,1.0,1.0,1.0,1.0,2.0,2.0,2.0,1.0,1.0,0.0,1.0,0.0,2.0,5.0,3.0,3.0,0.0,4.0,4.0,1.0,1.0,0.0,2.0,2.0,0.0,11.0
303,75.75,0.0,0.0,0.0,0.0,0.0,0.0,0.0,0.0,0.0,0.0,0.0,0.0,0.0,0.0,0.0,0.0,0.0,0.0,0.0,0.0,0.0,0.0,0.0,0.0,0.0,0.0,0.0,0.0,0.0,0.0,0.0,0.0,0.0,0.0,0.0,0.0,0.0,0.0,0.0,0.0,0.0,0.0,0.0,0.0,0.0,0.0,0.0,0.0,0.0,0.0,0.0,0.0,0.0,0.0,0.0,0.0,0.0,0.0,0.0,0.0,0.0,0.0,0.0,0.0,0.0,0.0,0.0,0.0,0.0,0.0,0.0,0.0,0.0,0.0,0.0,0.0,0.0,0.0,0.0,0.0,0.0,0.0,0.0,0.0,0.0,0.0,0.0,0.0,0.0,0.0,0.0,0.0,0.0,0.0,1.0,0.0,0.0,0.0,0.0,0.0,0.0,0.0,0.0,1.0,0.0,1.0,1.0,1.0,0.0,0.0,0.0,2.0,0.0,0.0,0.0,0.0,0.0,0.0,1.0,0.0,0.0,0.0,1.0,0.0,0.0,0.0,0.0,1.0,0.0,0.0,0.0,0.0,0.0,3.0,0.0,0.0,1.0,0.0,0.0,0.0,0.0,1.0,2.0,1.0,3.0,0.0,0.0,1.0,0.0,1.0,0.0,0.0,0.0,0.0,2.0,0.0,0.0,2.0,1.0,1.0,1.0,1.0,1.0,0.0,0.0,0.0,0.0,0.0,0.0,1.0,1.0,1.0,1.0,2.0,2.0,2.0,1.0,2.0,1.0,0.0,2.0,2.0,0.0,0.0,1.0,1.0,1.0,1.0,1.0,4.0,2.0,1.0,2.0,0.0,1.0,2.0,2.0,6.0,3.0,3.0,0.0,4.0,4.0,1.0,1.0,0.0,3.0,1.0,0.0,9.0
304,76.0,0.0,0.0,0.0,0.0,0.0,0.0,0.0,0.0,0.0,0.0,0.0,0.0,0.0,0.0,0.0,0.0,0.0,0.0,0.0,0.0,0.0,0.0,0.0,0.0,0.0,0.0,0.0,0.0,0.0,0.0,0.0,0.0,0.0,0.0,0.0,0.0,0.0,0.0,0.0,0.0,0.0,0.0,0.0,0.0,0.0,0.0,0.0,0.0,0.0,0.0,0.0,0.0,0.0,0.0,0.0,0.0,0.0,0.0,0.0,0.0,0.0,0.0,0.0,0.0,0.0,0.0,0.0,0.0,0.0,0.0,0.0,0.0,0.0,0.0,0.0,0.0,0.0,0.0,0.0,0.0,0.0,0.0,0.0,0.0,0.0,0.0,0.0,0.0,0.0,0.0,0.0,0.0,0.0,0.0,1.0,0.0,0.0,0.0,0.0,0.0,0.0,0.0,0.0,1.0,0.0,1.0,3.0,1.0,1.0,0.0,0.0,3.0,1.0,0.0,0.0,0.0,0.0,0.0,0.0,0.0,0.0,0.0,0.0,0.0,0.0,0.0,1.0,4.0,1.0,0.0,0.0,0.0,0.0,3.0,0.0,1.0,1.0,1.0,0.0,1.0,1.0,4.0,3.0,1.0,3.0,1.0,1.0,1.0,0.0,1.0,0.0,0.0,0.0,0.0,2.0,0.0,0.0,2.0,2.0,2.0,1.0,1.0,2.0,0.0,0.0,1.0,1.0,0.0,1.0,1.0,1.0,1.0,1.0,3.0,2.0,2.0,1.0,2.0,1.0,0.0,6.0,2.0,0.0,0.0,0.0,1.0,1.0,1.0,2.0,4.0,2.0,1.0,2.0,2.0,1.0,2.0,2.0,7.0,2.0,4.0,0.0,5.0,3.0,0.0,1.0,4.0,3.0,2.0,2.0,11.0
305,76.25,0.0,0.0,0.0,0.0,0.0,0.0,0.0,0.0,0.0,0.0,0.0,0.0,0.0,1.0,0.0,0.0,0.0,0.0,0.0,0.0,0.0,0.0,0.0,0.0,0.0,0.0,0.0,0.0,0.0,0.0,0.0,0.0,0.0,0.0,0.0,1.0,0.0,0.0,0.0,0.0,0.0,0.0,0.0,0.0,0.0,0.0,0.0,1.0,0.0,0.0,0.0,0.0,0.0,0.0,0.0,0.0,0.0,0.0,0.0,0.0,0.0,0.0,0.0,0.0,0.0,0.0,1.0,0.0,0.0,0.0,0.0,0.0,0.0,0.0,0.0,0.0,0.0,0.0,0.0,0.0,0.0,1.0,0.0,0.0,1.0,0.0,0.0,0.0,0.0,0.0,0.0,0.0,0.0,0.0,1.0,0.0,0.0,0.0,0.0,0.0,1.0,0.0,0.0,2.0,1.0,1.0,4.0,2.0,1.0,0.0,1.0,3.0,1.0,0.0,0.0,0.0,0.0,0.0,1.0,0.0,0.0,0.0,0.0,1.0,1.0,0.0,2.0,2.0,1.0,0.0,0.0,0.0,0.0,3.0,1.0,0.0,0.0,1.0,0.0,1.0,1.0,7.0,5.0,7.0,3.0,1.0,1.0,1.0,0.0,3.0,0.0,0.0,2.0,0.0,1.0,0.0,0.0,1.0,5.0,3.0,1.0,2.0,3.0,0.0,0.0,1.0,2.0,1.0,1.0,3.0,4.0,1.0,1.0,3.0,3.0,2.0,3.0,4.0,1.0,1.0,6.0,2.0,0.0,1.0,2.0,0.0,3.0,3.0,1.0,6.0,4.0,1.0,3.0,4.0,2.0,1.0,5.0,8.0,4.0,4.0,1.0,6.0,3.0,0.0,1.0,4.0,3.0,2.0,3.0,19.0
306,76.5,1.0,0.0,0.0,0.0,0.0,0.0,0.0,0.0,0.0,0.0,0.0,0.0,0.0,1.0,0.0,0.0,0.0,0.0,0.0,0.0,0.0,0.0,0.0,0.0,0.0,0.0,0.0,0.0,0.0,0.0,0.0,0.0,0.0,0.0,0.0,1.0,1.0,0.0,0.0,0.0,0.0,0.0,0.0,0.0,0.0,0.0,0.0,1.0,0.0,0.0,0.0,0.0,0.0,0.0,0.0,0.0,0.0,0.0,0.0,0.0,0.0,0.0,0.0,0.0,0.0,1.0,2.0,0.0,0.0,0.0,0.0,0.0,0.0,0.0,0.0,0.0,0.0,0.0,0.0,1.0,2.0,1.0,1.0,0.0,1.0,0.0,0.0,0.0,0.0,1.0,0.0,0.0,0.0,0.0,1.0,0.0,0.0,0.0,0.0,0.0,1.0,0.0,0.0,2.0,1.0,1.0,4.0,6.0,2.0,1.0,1.0,3.0,1.0,0.0,0.0,0.0,0.0,1.0,2.0,1.0,0.0,0.0,0.0,1.0,1.0,0.0,3.0,4.0,1.0,0.0,0.0,0.0,0.0,3.0,1.0,0.0,1.0,1.0,2.0,2.0,1.0,8.0,5.0,9.0,7.0,1.0,1.0,1.0,0.0,3.0,0.0,0.0,2.0,0.0,1.0,0.0,1.0,1.0,5.0,5.0,5.0,2.0,3.0,0.0,0.0,6.0,2.0,1.0,1.0,3.0,4.0,0.0,1.0,3.0,4.0,2.0,3.0,4.0,2.0,1.0,6.0,2.0,0.0,1.0,1.0,1.0,1.0,3.0,4.0,7.0,5.0,5.0,3.0,4.0,2.0,1.0,7.0,12.0,3.0,4.0,3.0,6.0,3.0,1.0,1.0,4.0,5.0,3.0,3.0,25.0
307,76.75,1.0,0.0,0.0,0.0,0.0,0.0,0.0,0.0,0.0,0.0,0.0,0.0,0.0,0.0,0.0,0.0,0.0,0.0,0.0,0.0,0.0,0.0,0.0,0.0,0.0,0.0,0.0,0.0,0.0,0.0,1.0,0.0,0.0,0.0,0.0,1.0,1.0,0.0,0.0,0.0,0.0,0.0,0.0,0.0,0.0,0.0,0.0,1.0,0.0,0.0,0.0,0.0,0.0,1.0,0.0,0.0,0.0,1.0,0.0,0.0,0.0,0.0,0.0,0.0,0.0,0.0,5.0,1.0,0.0,0.0,0.0,0.0,0.0,0.0,0.0,0.0,0.0,0.0,0.0,4.0,2.0,1.0,1.0,0.0,1.0,0.0,0.0,0.0,0.0,1.0,0.0,1.0,0.0,0.0,1.0,2.0,0.0,0.0,0.0,0.0,4.0,1.0,0.0,3.0,1.0,2.0,4.0,8.0,2.0,1.0,1.0,5.0,1.0,0.0,0.0,0.0,0.0,1.0,2.0,1.0,1.0,0.0,0.0,2.0,1.0,0.0,3.0,5.0,3.0,1.0,0.0,0.0,0.0,5.0,2.0,0.0,5.0,1.0,2.0,2.0,1.0,7.0,5.0,9.0,7.0,2.0,3.0,0.0,0.0,4.0,0.0,0.0,4.0,0.0,2.0,0.0,1.0,3.0,3.0,5.0,5.0,7.0,3.0,1.0,0.0,6.0,2.0,1.0,1.0,3.0,4.0,0.0,2.0,4.0,4.0,3.0,4.0,8.0,1.0,3.0,7.0,6.0,0.0,1.0,2.0,1.0,3.0,3.0,4.0,6.0,5.0,5.0,5.0,4.0,3.0,1.0,5.0,14.0,4.0,4.0,3.0,7.0,4.0,2.0,5.0,7.0,5.0,6.0,3.0,26.0
308,77.0,1.0,0.0,0.0,0.0,0.0,0.0,0.0,0.0,0.0,0.0,0.0,0.0,0.0,0.0,0.0,0.0,0.0,0.0,0.0,0.0,0.0,0.0,1.0,0.0,0.0,0.0,0.0,0.0,0.0,0.0,0.0,0.0,0.0,0.0,0.0,1.0,0.0,0.0,0.0,0.0,0.0,0.0,0.0,0.0,0.0,0.0,0.0,0.0,0.0,0.0,0.0,0.0,0.0,1.0,0.0,0.0,0.0,0.0,0.0,0.0,0.0,0.0,0.0,0.0,0.0,0.0,6.0,1.0,0.0,0.0,0.0,0.0,0.0,0.0,0.0,0.0,0.0,0.0,1.0,4.0,2.0,2.0,1.0,0.0,0.0,0.0,1.0,1.0,0.0,0.0,0.0,1.0,2.0,0.0,1.0,2.0,0.0,0.0,2.0,1.0,4.0,1.0,0.0,2.0,1.0,3.0,3.0,10.0,3.0,2.0,1.0,8.0,1.0,0.0,0.0,0.0,0.0,2.0,2.0,2.0,1.0,0.0,2.0,2.0,1.0,0.0,3.0,5.0,3.0,1.0,0.0,0.0,3.0,5.0,2.0,5.0,5.0,1.0,3.0,2.0,2.0,5.0,2.0,9.0,7.0,2.0,3.0,1.0,0.0,4.0,0.0,0.0,5.0,0.0,2.0,0.0,4.0,3.0,3.0,4.0,5.0,8.0,4.0,1.0,1.0,6.0,3.0,2.0,4.0,3.0,4.0,0.0,2.0,3.0,4.0,7.0,3.0,4.0,2.0,3.0,7.0,7.0,0.0,0.0,1.0,2.0,3.0,4.0,5.0,8.0,4.0,2.0,4.0,7.0,3.0,2.0,7.0,17.0,9.0,5.0,3.0,11.0,6.0,1.0,5.0,11.0,7.0,8.0,3.0,34.0
309,77.25,1.0,0.0,0.0,0.0,0.0,1.0,0.0,0.0,0.0,0.0,0.0,0.0,0.0,0.0,0.0,0.0,1.0,0.0,0.0,0.0,1.0,0.0,1.0,0.0,0.0,0.0,0.0,0.0,0.0,0.0,2.0,0.0,0.0,0.0,0.0,1.0,0.0,0.0,0.0,1.0,1.0,0.0,0.0,0.0,0.0,0.0,0.0,0.0,0.0,0.0,0.0,0.0,0.0,1.0,0.0,0.0,0.0,0.0,0.0,0.0,0.0,0.0,0.0,1.0,0.0,0.0,6.0,1.0,0.0,0.0,1.0,0.0,0.0,0.0,2.0,1.0,1.0,1.0,1.0,4.0,4.0,1.0,3.0,0.0,0.0,0.0,1.0,1.0,0.0,0.0,0.0,1.0,4.0,1.0,2.0,1.0,0.0,0.0,2.0,0.0,7.0,1.0,0.0,4.0,2.0,3.0,3.0,10.0,3.0,2.0,1.0,12.0,1.0,0.0,0.0,0.0,2.0,8.0,2.0,3.0,1.0,0.0,2.0,2.0,1.0,0.0,6.0,7.0,3.0,5.0,0.0,0.0,3.0,8.0,2.0,5.0,6.0,2.0,6.0,2.0,3.0,5.0,2.0,9.0,10.0,7.0,7.0,4.0,0.0,5.0,3.0,0.0,7.0,1.0,4.0,0.0,1.0,6.0,4.0,4.0,4.0,9.0,5.0,3.0,1.0,11.0,5.0,3.0,6.0,2.0,4.0,1.0,2.0,4.0,6.0,8.0,4.0,7.0,2.0,3.0,10.0,7.0,0.0,0.0,3.0,2.0,3.0,7.0,7.0,10.0,4.0,2.0,8.0,8.0,3.0,4.0,18.0,21.0,11.0,9.0,3.0,13.0,9.0,1.0,4.0,14.0,24.0,9.0,2.0,35.0
310,77.5,0.0,0.0,0.0,0.0,0.0,1.0,0.0,0.0,0.0,0.0,0.0,0.0,0.0,1.0,0.0,0.0,1.0,0.0,0.0,1.0,0.0,0.0,1.0,0.0,0.0,0.0,0.0,0.0,0.0,0.0,2.0,0.0,0.0,0.0,0.0,0.0,0.0,0.0,0.0,3.0,1.0,0.0,0.0,0.0,1.0,0.0,0.0,0.0,0.0,0.0,0.0,0.0,0.0,1.0,0.0,0.0,0.0,0.0,0.0,0.0,0.0,0.0,0.0,1.0,0.0,1.0,9.0,1.0,0.0,0.0,1.0,1.0,1.0,0.0,0.0,1.0,1.0,1.0,1.0,6.0,7.0,2.0,3.0,2.0,1.0,0.0,1.0,3.0,1.0,1.0,0.0,1.0,4.0,2.0,4.0,1.0,0.0,0.0,1.0,0.0,7.0,1.0,0.0,6.0,2.0,5.0,10.0,12.0,3.0,2.0,2.0,14.0,2.0,0.0,0.0,0.0,2.0,9.0,5.0,3.0,1.0,0.0,4.0,3.0,2.0,1.0,6.0,9.0,5.0,7.0,0.0,0.0,4.0,8.0,3.0,5.0,6.0,2.0,6.0,2.0,3.0,9.0,7.0,13.0,12.0,7.0,7.0,5.0,0.0,6.0,4.0,1.0,7.0,2.0,4.0,4.0,4.0,6.0,4.0,10.0,5.0,10.0,5.0,6.0,1.0,12.0,6.0,5.0,6.0,3.0,4.0,4.0,7.0,7.0,6.0,9.0,3.0,7.0,8.0,3.0,14.0,8.0,0.0,0.0,2.0,8.0,4.0,7.0,7.0,19.0,8.0,6.0,9.0,11.0,6.0,4.0,19.0,34.0,18.0,15.0,8.0,13.0,11.0,1.0,4.0,20.0,26.0,13.0,1.0,36.0
311,77.75,1.0,0.0,0.0,0.0,0.0,1.0,0.0,0.0,0.0,0.0,0.0,0.0,0.0,0.0,0.0,0.0,1.0,0.0,0.0,2.0,1.0,0.0,3.0,0.0,0.0,0.0,0.0,0.0,0.0,0.0,2.0,0.0,0.0,1.0,1.0,0.0,1.0,0.0,0.0,3.0,2.0,0.0,0.0,0.0,1.0,0.0,0.0,1.0,0.0,0.0,1.0,0.0,1.0,1.0,0.0,0.0,0.0,0.0,0.0,1.0,1.0,0.0,0.0,0.0,0.0,1.0,9.0,1.0,0.0,0.0,2.0,1.0,0.0,2.0,1.0,3.0,2.0,1.0,2.0,10.0,7.0,2.0,6.0,2.0,1.0,0.0,1.0,3.0,2.0,3.0,2.0,1.0,3.0,2.0,4.0,1.0,0.0,0.0,1.0,0.0,7.0,2.0,0.0,6.0,2.0,4.0,10.0,14.0,1.0,2.0,1.0,14.0,6.0,0.0,0.0,0.0,2.0,15.0,5.0,3.0,1.0,1.0,6.0,6.0,2.0,1.0,7.0,9.0,7.0,7.0,0.0,0.0,5.0,10.0,9.0,5.0,6.0,2.0,9.0,2.0,5.0,10.0,7.0,14.0,23.0,9.0,7.0,4.0,0.0,9.0,4.0,1.0,8.0,4.0,6.0,5.0,3.0,7.0,4.0,11.0,11.0,12.0,5.0,6.0,0.0,16.0,7.0,5.0,8.0,6.0,5.0,4.0,8.0,8.0,5.0,9.0,8.0,13.0,8.0,7.0,17.0,6.0,0.0,1.0,2.0,8.0,5.0,7.0,7.0,14.0,8.0,6.0,15.0,11.0,6.0,5.0,19.0,44.0,18.0,15.0,8.0,15.0,14.0,1.0,4.0,22.0,26.0,18.0,1.0,41.0
312,78.0,0.0,0.0,0.0,0.0,0.0,1.0,0.0,0.0,0.0,1.0,0.0,0.0,0.0,1.0,0.0,0.0,1.0,0.0,0.0,2.0,2.0,0.0,2.0,0.0,0.0,0.0,0.0,0.0,0.0,0.0,2.0,0.0,0.0,1.0,1.0,0.0,1.0,0.0,0.0,1.0,4.0,1.0,0.0,0.0,2.0,0.0,0.0,2.0,0.0,0.0,1.0,0.0,1.0,1.0,0.0,0.0,1.0,1.0,0.0,0.0,1.0,0.0,0.0,0.0,0.0,1.0,19.0,1.0,0.0,0.0,1.0,1.0,0.0,3.0,1.0,3.0,0.0,1.0,2.0,11.0,8.0,6.0,6.0,2.0,1.0,1.0,1.0,3.0,2.0,7.0,2.0,4.0,3.0,4.0,8.0,1.0,0.0,0.0,1.0,1.0,6.0,2.0,1.0,6.0,2.0,5.0,12.0,15.0,1.0,3.0,2.0,9.0,15.0,2.0,0.0,0.0,5.0,15.0,5.0,4.0,3.0,2.0,6.0,6.0,2.0,1.0,5.0,12.0,9.0,6.0,0.0,0.0,5.0,9.0,12.0,7.0,7.0,2.0,6.0,5.0,5.0,9.0,7.0,14.0,23.0,9.0,10.0,5.0,1.0,10.0,4.0,1.0,9.0,5.0,6.0,6.0,6.0,13.0,7.0,11.0,11.0,12.0,5.0,7.0,1.0,16.0,7.0,8.0,8.0,8.0,7.0,5.0,7.0,7.0,5.0,9.0,7.0,15.0,8.0,10.0,17.0,10.0,1.0,1.0,2.0,5.0,13.0,10.0,7.0,20.0,8.0,13.0,15.0,12.0,7.0,5.0,19.0,49.0,19.0,14.0,8.0,15.0,14.0,2.0,4.0,23.0,30.0,22.0,2.0,41.0
313,78.25,1.0,0.0,0.0,0.0,0.0,1.0,0.0,0.0,1.0,1.0,0.0,0.0,1.0,0.0,0.0,0.0,1.0,0.0,0.0,2.0,6.0,0.0,3.0,0.0,0.0,1.0,0.0,0.0,0.0,1.0,1.0,1.0,0.0,1.0,1.0,1.0,2.0,0.0,1.0,1.0,4.0,1.0,0.0,0.0,2.0,0.0,0.0,1.0,0.0,0.0,1.0,1.0,0.0,1.0,0.0,0.0,1.0,1.0,0.0,0.0,0.0,0.0,0.0,0.0,0.0,4.0,22.0,1.0,0.0,0.0,2.0,1.0,0.0,6.0,1.0,3.0,2.0,1.0,3.0,13.0,14.0,6.0,6.0,1.0,4.0,3.0,1.0,7.0,2.0,7.0,3.0,5.0,3.0,6.0,9.0,2.0,0.0,0.0,3.0,2.0,5.0,3.0,1.0,6.0,3.0,8.0,10.0,15.0,1.0,3.0,3.0,9.0,22.0,4.0,0.0,1.0,5.0,16.0,6.0,7.0,5.0,2.0,6.0,5.0,2.0,3.0,7.0,16.0,7.0,6.0,0.0,0.0,5.0,15.0,14.0,11.0,9.0,6.0,10.0,7.0,7.0,10.0,7.0,14.0,20.0,16.0,11.0,6.0,1.0,15.0,8.0,2.0,18.0,5.0,13.0,7.0,6.0,13.0,9.0,16.0,11.0,12.0,7.0,8.0,4.0,22.0,13.0,9.0,9.0,10.0,11.0,7.0,8.0,8.0,13.0,10.0,12.0,19.0,9.0,9.0,17.0,11.0,3.0,2.0,7.0,5.0,13.0,11.0,10.0,21.0,10.0,13.0,17.0,13.0,16.0,12.0,22.0,69.0,19.0,14.0,8.0,15.0,14.0,1.0,5.0,33.0,30.0,25.0,6.0,42.0
314,78.5,1.0,0.0,0.0,0.0,0.0,1.0,0.0,0.0,2.0,5.0,0.0,0.0,1.0,1.0,0.0,1.0,1.0,0.0,0.0,5.0,6.0,0.0,3.0,2.0,0.0,2.0,0.0,0.0,2.0,1.0,3.0,1.0,0.0,1.0,1.0,1.0,3.0,0.0,0.0,2.0,4.0,3.0,1.0,0.0,3.0,0.0,0.0,2.0,0.0,0.0,1.0,1.0,0.0,8.0,0.0,0.0,1.0,3.0,0.0,0.0,0.0,0.0,0.0,0.0,0.0,4.0,32.0,3.0,1.0,2.0,1.0,1.0,0.0,6.0,4.0,5.0,3.0,4.0,5.0,15.0,17.0,6.0,12.0,2.0,6.0,6.0,2.0,10.0,2.0,7.0,4.0,5.0,19.0,10.0,10.0,7.0,0.0,0.0,4.0,1.0,5.0,3.0,3.0,9.0,3.0,13.0,12.0,18.0,5.0,8.0,4.0,12.0,29.0,4.0,0.0,1.0,11.0,20.0,11.0,8.0,9.0,3.0,7.0,5.0,6.0,3.0,8.0,25.0,9.0,11.0,0.0,1.0,7.0,15.0,16.0,11.0,17.0,6.0,12.0,8.0,7.0,10.0,11.0,15.0,20.0,20.0,11.0,9.0,1.0,16.0,13.0,6.0,22.0,10.0,13.0,9.0,11.0,13.0,15.0,21.0,17.0,17.0,9.0,10.0,5.0,28.0,20.0,15.0,17.0,16.0,17.0,7.0,23.0,22.0,19.0,18.0,19.0,29.0,11.0,10.0,20.0,21.0,4.0,2.0,9.0,17.0,14.0,24.0,16.0,24.0,19.0,14.0,23.0,25.0,16.0,15.0,43.0,79.0,34.0,16.0,10.0,27.0,15.0,2.0,10.0,47.0,54.0,31.0,8.0,41.0
315,78.75,3.0,0.0,1.0,0.0,1.0,1.0,0.0,0.0,2.0,5.0,0.0,0.0,1.0,0.0,0.0,1.0,3.0,0.0,0.0,5.0,6.0,3.0,3.0,2.0,0.0,2.0,0.0,0.0,2.0,3.0,4.0,1.0,1.0,1.0,0.0,3.0,3.0,1.0,0.0,3.0,6.0,4.0,2.0,0.0,6.0,0.0,0.0,2.0,1.0,0.0,4.0,1.0,1.0,8.0,0.0,1.0,3.0,2.0,0.0,1.0,1.0,1.0,1.0,1.0,0.0,4.0,43.0,7.0,5.0,2.0,1.0,0.0,1.0,7.0,4.0,5.0,3.0,6.0,5.0,19.0,37.0,9.0,13.0,2.0,22.0,7.0,2.0,13.0,3.0,7.0,4.0,8.0,24.0,15.0,20.0,9.0,2.0,0.0,4.0,2.0,15.0,5.0,3.0,12.0,3.0,16.0,18.0,28.0,6.0,9.0,4.0,13.0,63.0,5.0,0.0,2.0,11.0,21.0,12.0,11.0,9.0,3.0,10.0,11.0,8.0,8.0,13.0,29.0,17.0,16.0,1.0,1.0,7.0,19.0,18.0,17.0,18.0,10.0,21.0,10.0,60.0,24.0,12.0,25.0,38.0,33.0,24.0,8.0,1.0,17.0,17.0,9.0,22.0,10.0,23.0,10.0,19.0,49.0,15.0,23.0,18.0,35.0,14.0,20.0,7.0,31.0,30.0,25.0,22.0,21.0,18.0,9.0,25.0,22.0,27.0,50.0,28.0,39.0,11.0,10.0,21.0,21.0,6.0,3.0,11.0,18.0,16.0,26.0,19.0,43.0,19.0,15.0,29.0,28.0,15.0,16.0,43.0,111.0,34.0,25.0,13.0,31.0,21.0,10.0,14.0,61.0,56.0,31.0,9.0,37.0
316,79.0,3.0,1.0,1.0,1.0,1.0,1.0,1.0,0.0,3.0,4.0,0.0,0.0,1.0,2.0,1.0,1.0,3.0,0.0,0.0,5.0,9.0,4.0,8.0,2.0,1.0,2.0,3.0,0.0,2.0,4.0,6.0,2.0,1.0,1.0,0.0,5.0,7.0,1.0,0.0,8.0,16.0,4.0,2.0,2.0,6.0,1.0,1.0,3.0,1.0,0.0,4.0,1.0,2.0,9.0,0.0,2.0,5.0,3.0,0.0,5.0,1.0,1.0,1.0,1.0,0.0,4.0,55.0,14.0,10.0,0.0,1.0,1.0,1.0,10.0,4.0,5.0,2.0,8.0,6.0,15.0,69.0,9.0,23.0,7.0,41.0,13.0,4.0,15.0,6.0,14.0,8.0,14.0,24.0,15.0,24.0,9.0,2.0,1.0,3.0,3.0,15.0,5.0,8.0,20.0,3.0,18.0,22.0,36.0,8.0,8.0,9.0,15.0,113.0,5.0,0.0,0.0,11.0,33.0,17.0,12.0,16.0,4.0,16.0,17.0,8.0,8.0,16.0,33.0,23.0,16.0,1.0,5.0,11.0,29.0,22.0,18.0,24.0,21.0,21.0,13.0,60.0,26.0,12.0,29.0,85.0,44.0,30.0,11.0,2.0,17.0,25.0,12.0,28.0,16.0,23.0,19.0,19.0,55.0,22.0,32.0,19.0,35.0,53.0,28.0,11.0,45.0,33.0,35.0,34.0,29.0,28.0,9.0,34.0,22.0,31.0,67.0,28.0,74.0,12.0,14.0,21.0,23.0,12.0,3.0,11.0,20.0,26.0,28.0,25.0,43.0,19.0,18.0,33.0,28.0,15.0,16.0,43.0,118.0,34.0,25.0,13.0,31.0,23.0,15.0,14.0,61.0,58.0,31.0,12.0,35.0
317,79.25,3.0,1.0,0.0,0.0,1.0,2.0,1.0,1.0,4.0,4.0,0.0,0.0,1.0,1.0,3.0,2.0,5.0,0.0,0.0,11.0,10.0,4.0,8.0,2.0,1.0,1.0,3.0,0.0,1.0,4.0,8.0,2.0,2.0,1.0,0.0,6.0,7.0,1.0,0.0,8.0,16.0,6.0,2.0,3.0,32.0,1.0,1.0,3.0,1.0,1.0,4.0,1.0,3.0,13.0,0.0,3.0,3.0,5.0,0.0,6.0,3.0,1.0,0.0,2.0,0.0,5.0,55.0,40.0,10.0,0.0,3.0,4.0,4.0,20.0,9.0,5.0,1.0,10.0,6.0,20.0,69.0,11.0,23.0,10.0,95.0,18.0,5.0,15.0,13.0,14.0,33.0,15.0,32.0,18.0,24.0,9.0,1.0,1.0,3.0,7.0,15.0,6.0,9.0,20.0,6.0,24.0,24.0,37.0,11.0,10.0,13.0,16.0,113.0,7.0,0.0,0.0,15.0,35.0,17.0,17.0,32.0,8.0,16.0,23.0,8.0,9.0,24.0,44.0,23.0,22.0,1.0,5.0,16.0,44.0,32.0,27.0,27.0,30.0,40.0,22.0,48.0,29.0,12.0,36.0,85.0,44.0,30.0,25.0,3.0,21.0,28.0,12.0,30.0,16.0,27.0,21.0,28.0,55.0,36.0,31.0,19.0,34.0,64.0,69.0,20.0,52.0,36.0,35.0,41.0,44.0,32.0,10.0,34.0,23.0,27.0,67.0,28.0,74.0,36.0,24.0,42.0,31.0,12.0,5.0,16.0,21.0,26.0,30.0,29.0,45.0,19.0,46.0,35.0,50.0,32.0,21.0,69.0,124.0,36.0,25.0,30.0,31.0,29.0,15.0,14.0,64.0,125.0,42.0,9.0,35.0
318,79.5,3.0,1.0,0.0,0.0,1.0,2.0,3.0,1.0,6.0,8.0,1.0,1.0,1.0,1.0,3.0,1.0,6.0,2.0,0.0,17.0,24.0,4.0,8.0,3.0,1.0,1.0,3.0,0.0,1.0,1.0,8.0,3.0,2.0,3.0,1.0,5.0,6.0,1.0,1.0,6.0,13.0,7.0,3.0,6.0,32.0,1.0,1.0,3.0,3.0,1.0,3.0,1.0,3.0,24.0,0.0,2.0,7.0,5.0,1.0,7.0,1.0,0.0,0.0,1.0,0.0,7.0,53.0,40.0,9.0,0.0,9.0,4.0,4.0,29.0,12.0,5.0,2.0,8.0,6.0,14.0,70.0,11.0,34.0,10.0,95.0,18.0,4.0,27.0,18.0,18.0,41.0,19.0,17.0,12.0,23.0,8.0,1.0,2.0,5.0,8.0,15.0,6.0,9.0,24.0,6.0,25.0,30.0,39.0,18.0,14.0,14.0,15.0,50.0,11.0,0.0,0.0,22.0,35.0,19.0,17.0,32.0,12.0,19.0,23.0,9.0,9.0,40.0,66.0,23.0,40.0,1.0,3.0,16.0,44.0,32.0,30.0,27.0,69.0,47.0,22.0,48.0,30.0,21.0,37.0,54.0,45.0,29.0,25.0,3.0,20.0,35.0,10.0,35.0,16.0,27.0,27.0,28.0,46.0,36.0,31.0,30.0,29.0,64.0,88.0,20.0,67.0,42.0,34.0,42.0,77.0,35.0,16.0,49.0,25.0,24.0,67.0,28.0,69.0,40.0,24.0,46.0,34.0,16.0,8.0,22.0,23.0,26.0,33.0,44.0,45.0,21.0,46.0,36.0,68.0,41.0,21.0,104.0,168.0,34.0,37.0,30.0,36.0,33.0,15.0,17.0,81.0,176.0,54.0,12.0,30.0
319,79.75,7.0,1.0,1.0,0.0,0.0,2.0,3.0,0.0,6.0,8.0,1.0,1.0,1.0,1.0,1.0,1.0,6.0,0.0,0.0,17.0,76.0,3.0,4.0,2.0,2.0,0.0,3.0,0.0,1.0,1.0,8.0,3.0,2.0,3.0,2.0,3.0,3.0,0.0,1.0,4.0,9.0,9.0,1.0,6.0,26.0,1.0,1.0,2.0,1.0,1.0,0.0,1.0,4.0,24.0,0.0,1.0,3.0,6.0,1.0,7.0,2.0,0.0,0.0,1.0,0.0,7.0,52.0,17.0,6.0,1.0,9.0,1.0,5.0,29.0,12.0,4.0,1.0,7.0,6.0,20.0,25.0,12.0,35.0,7.0,73.0,14.0,5.0,27.0,18.0,18.0,103.0,19.0,24.0,9.0,22.0,9.0,1.0,2.0,8.0,10.0,20.0,7.0,8.0,19.0,8.0,35.0,26.0,41.0,19.0,14.0,14.0,17.0,42.0,11.0,0.0,1.0,25.0,41.0,26.0,12.0,20.0,12.0,22.0,29.0,9.0,8.0,40.0,66.0,20.0,40.0,1.0,3.0,16.0,42.0,36.0,27.0,30.0,69.0,47.0,22.0,52.0,30.0,21.0,53.0,49.0,37.0,22.0,20.0,5.0,23.0,35.0,9.0,41.0,26.0,27.0,27.0,21.0,39.0,19.0,26.0,30.0,26.0,60.0,88.0,15.0,73.0,44.0,34.0,42.0,77.0,54.0,16.0,49.0,23.0,19.0,50.0,28.0,62.0,40.0,27.0,60.0,34.0,16.0,11.0,22.0,22.0,31.0,36.0,44.0,45.0,21.0,40.0,37.0,68.0,42.0,26.0,104.0,169.0,48.0,37.0,26.0,47.0,33.0,16.0,39.0,81.0,179.0,65.0,12.0,42.0
320,80.0,2.0,1.0,1.0,0.0,1.0,2.0,0.0,0.0,4.0,7.0,1.0,1.0,0.0,1.0,1.0,1.0,0.0,0.0,2.0,15.0,76.0,2.0,4.0,3.0,1.0,0.0,1.0,0.0,1.0,3.0,5.0,3.0,2.0,5.0,2.0,0.0,3.0,0.0,1.0,3.0,9.0,9.0,1.0,5.0,18.0,0.0,1.0,2.0,1.0,0.0,0.0,1.0,1.0,21.0,0.0,1.0,6.0,6.0,1.0,3.0,2.0,0.0,0.0,1.0,0.0,6.0,48.0,12.0,8.0,2.0,10.0,1.0,6.0,18.0,11.0,4.0,2.0,6.0,4.0,14.0,25.0,20.0,64.0,7.0,20.0,14.0,4.0,23.0,14.0,18.0,103.0,19.0,20.0,7.0,22.0,8.0,1.0,1.0,8.0,12.0,20.0,8.0,7.0,17.0,8.0,29.0,26.0,46.0,22.0,16.0,8.0,17.0,35.0,6.0,0.0,1.0,26.0,41.0,26.0,12.0,15.0,6.0,22.0,22.0,9.0,7.0,28.0,44.0,19.0,22.0,1.0,2.0,19.0,35.0,39.0,18.0,33.0,24.0,35.0,17.0,52.0,22.0,18.0,53.0,45.0,27.0,21.0,14.0,5.0,23.0,42.0,10.0,41.0,37.0,27.0,21.0,17.0,33.0,12.0,26.0,21.0,24.0,23.0,38.0,11.0,73.0,42.0,34.0,40.0,39.0,54.0,15.0,24.0,21.0,20.0,42.0,22.0,48.0,16.0,23.0,61.0,39.0,28.0,15.0,22.0,23.0,35.0,36.0,43.0,41.0,19.0,20.0,58.0,47.0,51.0,32.0,84.0,189.0,48.0,28.0,23.0,47.0,38.0,16.0,39.0,85.0,179.0,65.0,14.0,43.0
321,80.25,3.0,1.0,1.0,0.0,1.0,2.0,0.0,0.0,4.0,4.0,0.0,1.0,0.0,0.0,1.0,1.0,0.0,0.0,0.0,14.0,22.0,3.0,7.0,3.0,1.0,0.0,0.0,0.0,0.0,6.0,5.0,4.0,2.0,1.0,2.0,1.0,3.0,0.0,1.0,3.0,9.0,9.0,0.0,3.0,14.0,0.0,1.0,2.0,0.0,0.0,0.0,0.0,2.0,17.0,0.0,2.0,6.0,5.0,0.0,3.0,2.0,0.0,0.0,1.0,0.0,6.0,33.0,11.0,8.0,1.0,9.0,1.0,6.0,18.0,9.0,4.0,1.0,3.0,3.0,14.0,15.0,20.0,64.0,7.0,20.0,13.0,4.0,21.0,13.0,18.0,17.0,18.0,20.0,7.0,18.0,5.0,1.0,0.0,6.0,12.0,20.0,7.0,7.0,17.0,12.0,30.0,24.0,45.0,22.0,10.0,7.0,17.0,35.0,6.0,0.0,1.0,26.0,33.0,24.0,11.0,13.0,5.0,22.0,21.0,8.0,8.0,25.0,43.0,18.0,19.0,1.0,3.0,19.0,33.0,39.0,18.0,33.0,15.0,35.0,17.0,19.0,20.0,14.0,35.0,27.0,17.0,17.0,12.0,4.0,23.0,42.0,9.0,32.0,37.0,32.0,14.0,17.0,28.0,12.0,27.0,17.0,16.0,22.0,38.0,11.0,61.0,43.0,39.0,35.0,28.0,47.0,13.0,24.0,17.0,19.0,22.0,20.0,37.0,16.0,25.0,61.0,36.0,34.0,15.0,20.0,30.0,35.0,26.0,29.0,39.0,17.0,19.0,69.0,47.0,70.0,36.0,74.0,189.0,48.0,26.0,23.0,46.0,38.0,16.0,34.0,105.0,126.0,56.0,21.0,46.0
322,80.5,1.0,0.0,0.0,0.0,1.0,2.0,0.0,0.0,4.0,4.0,0.0,1.0,0.0,1.0,0.0,1.0,0.0,0.0,1.0,14.0,12.0,3.0,7.0,3.0,0.0,0.0,1.0,0.0,0.0,6.0,6.0,4.0,2.0,2.0,1.0,1.0,4.0,1.0,1.0,2.0,9.0,7.0,1.0,2.0,14.0,0.0,0.0,3.0,0.0,0.0,1.0,0.0,0.0,17.0,0.0,2.0,6.0,5.0,0.0,2.0,2.0,0.0,0.0,0.0,0.0,7.0,33.0,11.0,8.0,1.0,11.0,1.0,6.0,13.0,7.0,5.0,0.0,3.0,3.0,14.0,15.0,20.0,54.0,10.0,27.0,14.0,4.0,23.0,11.0,9.0,16.0,15.0,20.0,7.0,22.0,5.0,1.0,0.0,6.0,8.0,20.0,8.0,6.0,14.0,7.0,30.0,24.0,45.0,11.0,14.0,8.0,17.0,31.0,6.0,0.0,1.0,21.0,33.0,16.0,14.0,15.0,5.0,23.0,17.0,8.0,7.0,25.0,44.0,18.0,15.0,1.0,1.0,18.0,30.0,38.0,18.0,33.0,15.0,33.0,17.0,11.0,17.0,15.0,27.0,25.0,11.0,17.0,14.0,4.0,20.0,23.0,11.0,26.0,41.0,25.0,13.0,15.0,25.0,12.0,29.0,16.0,15.0,17.0,27.0,11.0,58.0,41.0,39.0,35.0,26.0,31.0,13.0,25.0,21.0,17.0,22.0,22.0,32.0,14.0,22.0,50.0,40.0,34.0,11.0,20.0,30.0,30.0,25.0,23.0,39.0,18.0,19.0,69.0,48.0,70.0,36.0,74.0,162.0,48.0,24.0,23.0,43.0,38.0,12.0,26.0,105.0,126.0,55.0,21.0,43.0
323,80.75,1.0,0.0,0.0,0.0,0.0,2.0,0.0,0.0,5.0,4.0,1.0,1.0,2.0,1.0,0.0,0.0,0.0,0.0,1.0,14.0,12.0,4.0,5.0,3.0,0.0,0.0,1.0,0.0,0.0,6.0,6.0,4.0,1.0,2.0,1.0,1.0,4.0,1.0,1.0,2.0,6.0,6.0,1.0,2.0,11.0,0.0,0.0,1.0,0.0,0.0,1.0,0.0,0.0,24.0,0.0,3.0,5.0,5.0,0.0,2.0,0.0,1.0,0.0,0.0,0.0,7.0,37.0,11.0,3.0,0.0,13.0,1.0,5.0,10.0,5.0,4.0,0.0,3.0,3.0,14.0,13.0,20.0,34.0,10.0,27.0,34.0,4.0,21.0,11.0,17.0,11.0,14.0,14.0,7.0,18.0,5.0,1.0,0.0,6.0,8.0,21.0,8.0,9.0,20.0,4.0,30.0,24.0,41.0,9.0,14.0,8.0,16.0,31.0,4.0,0.0,0.0,19.0,36.0,16.0,8.0,15.0,5.0,23.0,16.0,8.0,6.0,25.0,36.0,18.0,11.0,1.0,1.0,16.0,29.0,36.0,18.0,28.0,17.0,31.0,18.0,11.0,17.0,14.0,25.0,25.0,11.0,12.0,13.0,4.0,20.0,23.0,9.0,23.0,24.0,23.0,14.0,13.0,27.0,12.0,29.0,16.0,11.0,17.0,27.0,9.0,55.0,41.0,39.0,35.0,23.0,25.0,11.0,27.0,18.0,17.0,23.0,18.0,31.0,14.0,17.0,40.0,36.0,20.0,11.0,20.0,12.0,25.0,20.0,18.0,39.0,18.0,17.0,34.0,58.0,46.0,24.0,72.0,146.0,42.0,20.0,23.0,39.0,34.0,9.0,26.0,94.0,142.0,47.0,17.0,42.0
324,81.0,1.0,0.0,1.0,0.0,0.0,2.0,0.0,0.0,5.0,3.0,1.0,1.0,2.0,1.0,0.0,0.0,0.0,0.0,1.0,7.0,8.0,4.0,5.0,3.0,1.0,1.0,2.0,0.0,0.0,6.0,4.0,4.0,1.0,2.0,1.0,1.0,3.0,1.0,1.0,2.0,5.0,3.0,1.0,4.0,9.0,0.0,0.0,3.0,1.0,0.0,0.0,0.0,0.0,24.0,0.0,7.0,5.0,3.0,2.0,2.0,0.0,1.0,0.0,0.0,0.0,7.0,37.0,10.0,3.0,1.0,13.0,1.0,5.0,10.0,5.0,6.0,1.0,3.0,3.0,14.0,15.0,20.0,19.0,4.0,19.0,34.0,4.0,21.0,11.0,17.0,8.0,8.0,14.0,7.0,17.0,5.0,1.0,0.0,5.0,6.0,34.0,11.0,9.0,15.0,4.0,29.0,19.0,35.0,9.0,14.0,8.0,16.0,29.0,3.0,1.0,0.0,20.0,37.0,16.0,15.0,15.0,3.0,22.0,16.0,8.0,6.0,23.0,33.0,19.0,15.0,1.0,1.0,12.0,28.0,31.0,10.0,26.0,17.0,29.0,13.0,13.0,17.0,15.0,22.0,24.0,10.0,12.0,13.0,3.0,21.0,23.0,9.0,23.0,22.0,21.0,12.0,13.0,23.0,12.0,29.0,17.0,15.0,13.0,27.0,8.0,54.0,39.0,36.0,32.0,18.0,25.0,12.0,27.0,18.0,17.0,27.0,15.0,27.0,14.0,17.0,39.0,32.0,14.0,8.0,22.0,12.0,16.0,15.0,18.0,37.0,18.0,17.0,29.0,58.0,38.0,24.0,59.0,138.0,36.0,20.0,20.0,38.0,28.0,9.0,15.0,70.0,152.0,38.0,13.0,42.0
325,81.25,1.0,0.0,1.0,0.0,0.0,1.0,0.0,0.0,4.0,1.0,1.0,0.0,0.0,1.0,0.0,0.0,0.0,1.0,1.0,7.0,6.0,3.0,5.0,3.0,1.0,1.0,2.0,0.0,0.0,4.0,3.0,1.0,1.0,3.0,1.0,1.0,1.0,1.0,1.0,2.0,4.0,3.0,2.0,4.0,9.0,0.0,0.0,2.0,1.0,0.0,0.0,0.0,0.0,23.0,0.0,7.0,5.0,3.0,2.0,1.0,0.0,0.0,0.0,1.0,0.0,6.0,22.0,9.0,4.0,0.0,5.0,1.0,2.0,11.0,5.0,7.0,1.0,3.0,3.0,14.0,15.0,17.0,19.0,4.0,13.0,10.0,7.0,15.0,5.0,17.0,11.0,6.0,13.0,7.0,17.0,5.0,1.0,1.0,4.0,5.0,34.0,8.0,9.0,15.0,4.0,21.0,15.0,32.0,9.0,7.0,7.0,13.0,29.0,4.0,1.0,1.0,19.0,37.0,15.0,7.0,9.0,3.0,20.0,14.0,11.0,5.0,20.0,33.0,19.0,11.0,0.0,1.0,11.0,28.0,24.0,10.0,25.0,12.0,27.0,9.0,13.0,16.0,15.0,25.0,24.0,4.0,13.0,13.0,3.0,21.0,18.0,6.0,22.0,16.0,23.0,14.0,13.0,27.0,12.0,29.0,17.0,11.0,15.0,25.0,7.0,45.0,28.0,33.0,32.0,18.0,25.0,11.0,27.0,14.0,15.0,25.0,15.0,27.0,13.0,17.0,34.0,22.0,13.0,6.0,20.0,10.0,16.0,15.0,18.0,37.0,17.0,17.0,24.0,41.0,27.0,24.0,52.0,136.0,33.0,20.0,20.0,37.0,28.0,11.0,19.0,64.0,243.0,38.0,13.0,42.0
326,81.5,1.0,0.0,0.0,0.0,1.0,0.0,0.0,0.0,4.0,1.0,0.0,0.0,0.0,1.0,0.0,0.0,1.0,1.0,1.0,8.0,8.0,2.0,6.0,1.0,1.0,1.0,2.0,0.0,0.0,1.0,3.0,0.0,2.0,1.0,1.0,1.0,1.0,0.0,0.0,2.0,4.0,2.0,2.0,2.0,9.0,1.0,0.0,2.0,1.0,0.0,0.0,0.0,0.0,17.0,0.0,2.0,4.0,3.0,2.0,1.0,0.0,0.0,0.0,1.0,0.0,4.0,22.0,8.0,4.0,1.0,5.0,1.0,3.0,15.0,5.0,7.0,1.0,4.0,2.0,14.0,15.0,7.0,19.0,4.0,13.0,9.0,3.0,15.0,5.0,13.0,19.0,8.0,10.0,6.0,19.0,5.0,1.0,1.0,2.0,5.0,16.0,9.0,8.0,15.0,3.0,21.0,15.0,35.0,9.0,7.0,5.0,13.0,33.0,3.0,1.0,2.0,20.0,38.0,14.0,12.0,9.0,3.0,20.0,14.0,11.0,4.0,14.0,39.0,19.0,10.0,0.0,3.0,12.0,28.0,20.0,10.0,25.0,9.0,27.0,9.0,13.0,14.0,15.0,21.0,24.0,4.0,15.0,11.0,4.0,21.0,14.0,6.0,22.0,6.0,21.0,12.0,13.0,22.0,13.0,25.0,17.0,16.0,14.0,24.0,8.0,47.0,28.0,33.0,29.0,18.0,25.0,11.0,26.0,14.0,13.0,25.0,16.0,27.0,16.0,19.0,39.0,22.0,13.0,6.0,15.0,10.0,18.0,10.0,17.0,40.0,15.0,17.0,24.0,33.0,24.0,25.0,52.0,129.0,33.0,21.0,19.0,33.0,21.0,11.0,19.0,70.0,243.0,38.0,14.0,30.0
327,81.75,1.0,0.0,0.0,1.0,1.0,0.0,1.0,0.0,2.0,3.0,0.0,0.0,0.0,1.0,0.0,1.0,1.0,0.0,1.0,8.0,6.0,2.0,4.0,1.0,0.0,0.0,2.0,0.0,0.0,1.0,4.0,1.0,2.0,3.0,1.0,2.0,5.0,0.0,0.0,4.0,4.0,4.0,1.0,1.0,6.0,1.0,0.0,1.0,0.0,0.0,0.0,1.0,1.0,17.0,0.0,2.0,4.0,2.0,1.0,1.0,1.0,0.0,1.0,1.0,0.0,4.0,27.0,8.0,4.0,1.0,5.0,1.0,3.0,11.0,5.0,6.0,1.0,4.0,2.0,14.0,13.0,7.0,23.0,4.0,13.0,9.0,3.0,16.0,5.0,11.0,19.0,7.0,10.0,6.0,19.0,6.0,1.0,1.0,2.0,5.0,16.0,7.0,7.0,14.0,3.0,21.0,15.0,31.0,7.0,6.0,3.0,14.0,33.0,3.0,1.0,2.0,15.0,35.0,14.0,8.0,9.0,5.0,18.0,14.0,11.0,4.0,14.0,39.0,17.0,9.0,0.0,3.0,10.0,22.0,20.0,13.0,22.0,9.0,18.0,10.0,10.0,14.0,13.0,21.0,22.0,10.0,16.0,11.0,4.0,18.0,14.0,9.0,22.0,5.0,21.0,12.0,12.0,18.0,13.0,25.0,17.0,16.0,15.0,14.0,7.0,42.0,23.0,38.0,37.0,18.0,15.0,10.0,20.0,14.0,13.0,20.0,16.0,25.0,16.0,16.0,44.0,24.0,11.0,5.0,15.0,11.0,18.0,12.0,15.0,40.0,17.0,16.0,29.0,26.0,24.0,18.0,52.0,119.0,32.0,19.0,19.0,29.0,21.0,5.0,21.0,64.0,218.0,44.0,17.0,19.0
328,82.0,0.0,1.0,1.0,1.0,0.0,0.0,1.0,0.0,4.0,3.0,0.0,0.0,0.0,0.0,0.0,1.0,1.0,0.0,1.0,8.0,4.0,2.0,1.0,1.0,0.0,0.0,1.0,0.0,1.0,3.0,4.0,1.0,1.0,1.0,0.0,2.0,5.0,0.0,0.0,5.0,4.0,4.0,1.0,1.0,6.0,1.0,0.0,1.0,0.0,0.0,0.0,1.0,1.0,16.0,0.0,2.0,5.0,2.0,0.0,1.0,1.0,0.0,1.0,1.0,1.0,3.0,27.0,6.0,2.0,1.0,5.0,3.0,3.0,14.0,3.0,5.0,1.0,3.0,2.0,11.0,12.0,7.0,23.0,4.0,15.0,8.0,3.0,17.0,4.0,10.0,10.0,8.0,12.0,9.0,18.0,6.0,0.0,0.0,2.0,8.0,16.0,9.0,5.0,14.0,2.0,16.0,17.0,30.0,7.0,5.0,3.0,16.0,31.0,3.0,0.0,0.0,14.0,39.0,14.0,12.0,10.0,7.0,24.0,9.0,7.0,5.0,14.0,45.0,15.0,9.0,0.0,0.0,6.0,21.0,18.0,12.0,22.0,9.0,24.0,11.0,7.0,14.0,11.0,21.0,22.0,10.0,15.0,9.0,4.0,14.0,16.0,9.0,18.0,5.0,15.0,10.0,11.0,18.0,13.0,30.0,18.0,16.0,15.0,14.0,8.0,35.0,23.0,38.0,37.0,18.0,15.0,8.0,20.0,12.0,14.0,20.0,15.0,24.0,16.0,16.0,44.0,25.0,9.0,5.0,21.0,15.0,17.0,12.0,12.0,39.0,15.0,20.0,31.0,33.0,22.0,15.0,46.0,119.0,32.0,21.0,19.0,29.0,24.0,5.0,21.0,58.0,113.0,44.0,17.0,19.0
329,82.25,0.0,1.0,1.0,0.0,0.0,1.0,2.0,0.0,2.0,3.0,1.0,1.0,1.0,0.0,0.0,0.0,0.0,0.0,1.0,4.0,4.0,1.0,1.0,1.0,0.0,0.0,1.0,1.0,1.0,3.0,4.0,1.0,1.0,2.0,1.0,1.0,3.0,0.0,0.0,4.0,7.0,4.0,1.0,1.0,5.0,1.0,0.0,1.0,0.0,0.0,1.0,1.0,2.0,11.0,0.0,2.0,5.0,2.0,0.0,1.0,1.0,0.0,1.0,1.0,0.0,3.0,33.0,8.0,3.0,1.0,5.0,4.0,0.0,8.0,3.0,5.0,1.0,1.0,2.0,10.0,11.0,10.0,22.0,4.0,17.0,7.0,3.0,17.0,6.0,9.0,7.0,7.0,12.0,9.0,13.0,5.0,0.0,1.0,2.0,8.0,16.0,6.0,4.0,14.0,5.0,15.0,15.0,29.0,7.0,5.0,3.0,16.0,24.0,3.0,1.0,0.0,14.0,38.0,14.0,9.0,11.0,7.0,24.0,9.0,7.0,9.0,16.0,43.0,17.0,6.0,0.0,0.0,6.0,18.0,18.0,14.0,23.0,15.0,24.0,11.0,7.0,16.0,11.0,18.0,22.0,12.0,16.0,8.0,3.0,18.0,24.0,7.0,18.0,12.0,21.0,7.0,11.0,22.0,14.0,30.0,18.0,15.0,17.0,22.0,8.0,35.0,26.0,19.0,37.0,18.0,21.0,8.0,19.0,11.0,14.0,18.0,15.0,24.0,16.0,16.0,49.0,39.0,6.0,4.0,21.0,14.0,17.0,13.0,15.0,32.0,14.0,16.0,31.0,32.0,22.0,15.0,54.0,82.0,32.0,19.0,20.0,35.0,24.0,6.0,15.0,57.0,90.0,38.0,13.0,40.0
330,82.5,2.0,0.0,1.0,0.0,1.0,1.0,1.0,0.0,5.0,3.0,0.0,0.0,1.0,0.0,0.0,0.0,0.0,0.0,1.0,6.0,4.0,1.0,4.0,1.0,0.0,0.0,1.0,1.0,1.0,2.0,2.0,2.0,0.0,1.0,1.0,0.0,2.0,0.0,1.0,2.0,7.0,4.0,0.0,1.0,5.0,1.0,0.0,1.0,0.0,0.0,1.0,0.0,2.0,11.0,0.0,4.0,2.0,3.0,0.0,1.0,1.0,0.0,1.0,1.0,1.0,2.0,33.0,5.0,2.0,1.0,6.0,4.0,0.0,8.0,3.0,5.0,1.0,1.0,2.0,10.0,11.0,10.0,18.0,7.0,17.0,7.0,4.0,17.0,6.0,9.0,10.0,7.0,9.0,9.0,13.0,5.0,1.0,0.0,2.0,7.0,10.0,6.0,2.0,14.0,5.0,16.0,13.0,29.0,8.0,7.0,5.0,16.0,24.0,3.0,0.0,0.0,14.0,46.0,14.0,9.0,13.0,11.0,26.0,14.0,7.0,9.0,14.0,47.0,23.0,5.0,0.0,0.0,10.0,18.0,18.0,15.0,23.0,15.0,28.0,11.0,12.0,16.0,11.0,25.0,26.0,12.0,16.0,8.0,3.0,17.0,24.0,5.0,21.0,14.0,20.0,7.0,11.0,36.0,10.0,30.0,20.0,15.0,17.0,23.0,10.0,41.0,30.0,19.0,37.0,18.0,21.0,8.0,21.0,11.0,17.0,18.0,16.0,27.0,16.0,19.0,37.0,39.0,9.0,7.0,18.0,15.0,17.0,15.0,14.0,37.0,10.0,15.0,31.0,32.0,22.0,17.0,48.0,82.0,32.0,19.0,21.0,36.0,24.0,6.0,12.0,57.0,90.0,38.0,10.0,42.0
331,82.75,3.0,0.0,1.0,0.0,1.0,1.0,1.0,0.0,3.0,3.0,1.0,1.0,0.0,0.0,1.0,0.0,1.0,0.0,1.0,6.0,5.0,1.0,4.0,1.0,0.0,1.0,1.0,0.0,0.0,2.0,2.0,1.0,1.0,1.0,1.0,1.0,2.0,0.0,1.0,2.0,6.0,4.0,1.0,2.0,5.0,0.0,0.0,1.0,0.0,0.0,1.0,0.0,1.0,15.0,0.0,4.0,2.0,3.0,0.0,2.0,2.0,0.0,0.0,1.0,1.0,2.0,35.0,9.0,3.0,1.0,8.0,0.0,2.0,8.0,3.0,5.0,1.0,1.0,2.0,10.0,9.0,10.0,15.0,7.0,24.0,10.0,2.0,17.0,6.0,12.0,13.0,7.0,9.0,6.0,18.0,5.0,1.0,0.0,2.0,4.0,15.0,6.0,2.0,14.0,5.0,27.0,13.0,39.0,5.0,7.0,6.0,13.0,24.0,3.0,1.0,0.0,14.0,40.0,9.0,9.0,13.0,5.0,26.0,14.0,7.0,6.0,16.0,57.0,23.0,6.0,0.0,0.0,13.0,21.0,18.0,15.0,23.0,14.0,30.0,11.0,12.0,18.0,14.0,19.0,26.0,12.0,21.0,5.0,2.0,17.0,30.0,5.0,21.0,14.0,27.0,8.0,10.0,36.0,15.0,30.0,22.0,16.0,17.0,25.0,12.0,50.0,30.0,19.0,36.0,20.0,24.0,8.0,18.0,11.0,17.0,17.0,16.0,27.0,13.0,19.0,34.0,24.0,13.0,7.0,18.0,16.0,17.0,13.0,16.0,30.0,14.0,15.0,31.0,29.0,23.0,17.0,49.0,100.0,30.0,17.0,21.0,35.0,20.0,4.0,12.0,57.0,105.0,38.0,10.0,42.0
332,83.0,2.0,0.0,1.0,1.0,1.0,1.0,0.0,0.0,3.0,5.0,0.0,0.0,0.0,1.0,1.0,1.0,1.0,0.0,1.0,6.0,4.0,1.0,5.0,1.0,0.0,1.0,1.0,0.0,0.0,3.0,2.0,1.0,1.0,1.0,2.0,1.0,2.0,0.0,1.0,2.0,6.0,5.0,0.0,2.0,5.0,0.0,0.0,1.0,1.0,0.0,1.0,0.0,1.0,17.0,0.0,2.0,4.0,3.0,0.0,2.0,2.0,0.0,0.0,1.0,1.0,2.0,38.0,7.0,4.0,0.0,8.0,0.0,4.0,11.0,5.0,5.0,1.0,2.0,2.0,9.0,13.0,6.0,17.0,6.0,25.0,10.0,4.0,18.0,9.0,12.0,19.0,7.0,12.0,11.0,18.0,7.0,1.0,0.0,3.0,4.0,14.0,6.0,2.0,17.0,5.0,27.0,16.0,39.0,6.0,11.0,6.0,13.0,28.0,3.0,1.0,0.0,16.0,48.0,9.0,6.0,10.0,4.0,26.0,14.0,14.0,4.0,16.0,57.0,21.0,7.0,0.0,1.0,10.0,24.0,19.0,13.0,23.0,9.0,30.0,11.0,12.0,16.0,14.0,21.0,26.0,11.0,21.0,5.0,2.0,17.0,30.0,9.0,27.0,14.0,27.0,8.0,9.0,36.0,10.0,34.0,22.0,19.0,17.0,28.0,10.0,50.0,31.0,26.0,29.0,26.0,27.0,8.0,16.0,14.0,19.0,24.0,15.0,27.0,12.0,19.0,34.0,24.0,13.0,7.0,16.0,17.0,14.0,15.0,14.0,30.0,13.0,20.0,36.0,29.0,23.0,20.0,49.0,105.0,30.0,19.0,22.0,46.0,24.0,4.0,17.0,48.0,134.0,44.0,14.0,42.0
333,83.25,2.0,0.0,0.0,1.0,0.0,0.0,0.0,0.0,1.0,5.0,0.0,1.0,0.0,1.0,0.0,1.0,1.0,0.0,0.0,6.0,4.0,1.0,5.0,1.0,0.0,1.0,0.0,0.0,0.0,3.0,2.0,1.0,2.0,1.0,2.0,1.0,1.0,0.0,0.0,2.0,5.0,5.0,1.0,3.0,5.0,0.0,0.0,0.0,1.0,0.0,1.0,1.0,1.0,19.0,0.0,2.0,6.0,3.0,1.0,1.0,2.0,0.0,0.0,2.0,0.0,2.0,41.0,10.0,5.0,0.0,8.0,0.0,2.0,11.0,5.0,6.0,0.0,3.0,2.0,13.0,11.0,10.0,17.0,5.0,24.0,10.0,4.0,24.0,10.0,12.0,19.0,4.0,12.0,6.0,19.0,6.0,1.0,1.0,4.0,5.0,14.0,6.0,4.0,16.0,5.0,23.0,18.0,39.0,6.0,11.0,4.0,16.0,28.0,5.0,1.0,0.0,16.0,48.0,10.0,9.0,10.0,4.0,26.0,14.0,14.0,6.0,16.0,57.0,21.0,7.0,0.0,1.0,14.0,30.0,22.0,10.0,22.0,14.0,29.0,11.0,11.0,18.0,15.0,21.0,25.0,11.0,22.0,6.0,3.0,16.0,18.0,9.0,34.0,12.0,27.0,7.0,10.0,36.0,15.0,40.0,21.0,21.0,9.0,25.0,8.0,53.0,31.0,26.0,29.0,31.0,43.0,6.0,16.0,17.0,19.0,20.0,15.0,29.0,12.0,15.0,45.0,31.0,12.0,7.0,21.0,17.0,14.0,19.0,14.0,30.0,13.0,22.0,36.0,30.0,19.0,17.0,50.0,112.0,29.0,25.0,27.0,46.0,24.0,8.0,18.0,48.0,134.0,37.0,17.0,42.0
334,83.5,2.0,0.0,0.0,1.0,0.0,1.0,1.0,0.0,1.0,4.0,0.0,0.0,1.0,0.0,0.0,1.0,1.0,0.0,0.0,5.0,4.0,1.0,5.0,1.0,0.0,1.0,0.0,0.0,1.0,3.0,6.0,1.0,2.0,1.0,0.0,2.0,1.0,0.0,1.0,2.0,5.0,5.0,0.0,4.0,3.0,0.0,0.0,0.0,1.0,0.0,0.0,1.0,1.0,19.0,0.0,3.0,6.0,3.0,1.0,1.0,2.0,0.0,0.0,1.0,0.0,4.0,38.0,8.0,5.0,0.0,8.0,0.0,2.0,16.0,3.0,6.0,0.0,3.0,2.0,10.0,15.0,11.0,26.0,5.0,20.0,12.0,6.0,24.0,9.0,12.0,14.0,7.0,12.0,5.0,22.0,6.0,1.0,1.0,4.0,5.0,14.0,6.0,7.0,19.0,7.0,23.0,18.0,39.0,6.0,11.0,4.0,16.0,28.0,4.0,2.0,1.0,24.0,55.0,14.0,9.0,16.0,6.0,26.0,14.0,17.0,7.0,16.0,67.0,25.0,8.0,1.0,2.0,15.0,30.0,26.0,10.0,22.0,11.0,29.0,14.0,11.0,21.0,17.0,21.0,26.0,11.0,15.0,7.0,3.0,17.0,18.0,9.0,34.0,12.0,26.0,7.0,12.0,36.0,10.0,44.0,21.0,19.0,9.0,24.0,8.0,55.0,38.0,30.0,36.0,31.0,43.0,6.0,26.0,14.0,17.0,24.0,15.0,33.0,12.0,21.0,45.0,38.0,12.0,6.0,21.0,17.0,25.0,19.0,14.0,39.0,13.0,22.0,37.0,46.0,19.0,20.0,71.0,118.0,29.0,25.0,27.0,48.0,26.0,9.0,17.0,62.0,169.0,43.0,17.0,59.0
335,83.75,1.0,0.0,0.0,0.0,0.0,1.0,1.0,0.0,1.0,4.0,0.0,0.0,1.0,0.0,0.0,1.0,1.0,0.0,0.0,6.0,4.0,0.0,5.0,0.0,0.0,1.0,0.0,0.0,0.0,2.0,5.0,1.0,2.0,1.0,0.0,2.0,2.0,0.0,1.0,3.0,4.0,7.0,0.0,3.0,3.0,0.0,0.0,0.0,0.0,0.0,0.0,0.0,1.0,25.0,0.0,4.0,6.0,3.0,1.0,1.0,2.0,0.0,1.0,1.0,0.0,6.0,41.0,10.0,3.0,1.0,7.0,0.0,2.0,16.0,3.0,6.0,0.0,3.0,2.0,13.0,15.0,12.0,26.0,3.0,20.0,12.0,6.0,22.0,6.0,13.0,14.0,7.0,12.0,4.0,27.0,5.0,1.0,1.0,4.0,7.0,17.0,7.0,7.0,16.0,7.0,23.0,23.0,48.0,6.0,12.0,5.0,15.0,28.0,5.0,0.0,2.0,25.0,61.0,14.0,10.0,20.0,6.0,34.0,14.0,14.0,7.0,22.0,75.0,28.0,9.0,1.0,2.0,15.0,29.0,26.0,16.0,22.0,15.0,29.0,14.0,11.0,21.0,17.0,25.0,28.0,10.0,15.0,9.0,3.0,15.0,17.0,9.0,34.0,12.0,26.0,8.0,14.0,33.0,15.0,40.0,24.0,21.0,9.0,24.0,8.0,55.0,38.0,31.0,36.0,31.0,30.0,12.0,26.0,15.0,17.0,24.0,20.0,33.0,14.0,17.0,44.0,39.0,12.0,7.0,21.0,17.0,25.0,19.0,14.0,41.0,12.0,22.0,42.0,47.0,24.0,20.0,75.0,137.0,31.0,25.0,27.0,55.0,41.0,10.0,18.0,62.0,209.0,43.0,18.0,59.0
336,84.0,1.0,0.0,0.0,0.0,0.0,1.0,1.0,0.0,1.0,6.0,0.0,0.0,0.0,0.0,0.0,1.0,1.0,1.0,0.0,9.0,4.0,1.0,4.0,0.0,0.0,1.0,0.0,0.0,0.0,2.0,6.0,1.0,1.0,1.0,0.0,2.0,4.0,0.0,1.0,4.0,4.0,7.0,0.0,2.0,5.0,0.0,0.0,0.0,0.0,0.0,0.0,0.0,1.0,16.0,0.0,6.0,4.0,3.0,0.0,2.0,1.0,1.0,1.0,0.0,0.0,6.0,42.0,11.0,3.0,1.0,7.0,0.0,2.0,16.0,3.0,7.0,1.0,3.0,2.0,10.0,15.0,12.0,26.0,3.0,26.0,12.0,5.0,21.0,6.0,15.0,12.0,7.0,11.0,5.0,33.0,5.0,1.0,1.0,5.0,9.0,18.0,7.0,8.0,11.0,6.0,20.0,23.0,48.0,8.0,12.0,6.0,15.0,27.0,4.0,0.0,1.0,27.0,70.0,14.0,11.0,16.0,6.0,39.0,16.0,14.0,8.0,22.0,77.0,25.0,11.0,1.0,2.0,13.0,25.0,22.0,16.0,24.0,11.0,32.0,16.0,16.0,22.0,19.0,27.0,28.0,11.0,15.0,10.0,3.0,23.0,17.0,9.0,31.0,15.0,29.0,11.0,14.0,33.0,13.0,37.0,24.0,20.0,19.0,26.0,8.0,51.0,38.0,31.0,36.0,32.0,30.0,12.0,26.0,13.0,17.0,24.0,22.0,33.0,14.0,19.0,44.0,38.0,13.0,8.0,27.0,17.0,17.0,15.0,16.0,41.0,13.0,25.0,53.0,47.0,24.0,23.0,81.0,137.0,33.0,25.0,28.0,71.0,51.0,11.0,13.0,65.0,209.0,54.0,17.0,62.0
337,84.25,2.0,0.0,0.0,0.0,0.0,1.0,1.0,0.0,4.0,6.0,0.0,0.0,0.0,0.0,1.0,1.0,1.0,1.0,0.0,9.0,5.0,0.0,4.0,0.0,0.0,1.0,0.0,0.0,0.0,1.0,5.0,1.0,0.0,1.0,0.0,0.0,4.0,0.0,1.0,4.0,4.0,8.0,0.0,2.0,5.0,1.0,1.0,1.0,0.0,1.0,1.0,0.0,1.0,22.0,0.0,5.0,4.0,3.0,0.0,1.0,1.0,1.0,1.0,0.0,0.0,7.0,42.0,13.0,3.0,1.0,7.0,1.0,2.0,11.0,5.0,7.0,1.0,3.0,2.0,13.0,15.0,12.0,23.0,7.0,29.0,13.0,3.0,22.0,8.0,15.0,12.0,7.0,14.0,7.0,33.0,5.0,1.0,1.0,5.0,9.0,18.0,7.0,8.0,9.0,6.0,20.0,21.0,43.0,8.0,12.0,7.0,18.0,27.0,3.0,0.0,1.0,27.0,70.0,19.0,11.0,11.0,4.0,39.0,14.0,11.0,8.0,16.0,77.0,22.0,11.0,1.0,2.0,12.0,25.0,22.0,16.0,24.0,9.0,32.0,17.0,16.0,20.0,14.0,27.0,28.0,11.0,16.0,14.0,3.0,20.0,17.0,9.0,31.0,15.0,33.0,11.0,14.0,33.0,18.0,37.0,20.0,22.0,21.0,26.0,9.0,49.0,40.0,31.0,33.0,32.0,33.0,14.0,29.0,15.0,22.0,30.0,20.0,32.0,14.0,19.0,55.0,35.0,14.0,8.0,23.0,17.0,17.0,19.0,20.0,48.0,22.0,25.0,53.0,47.0,23.0,26.0,75.0,120.0,50.0,28.0,40.0,71.0,51.0,11.0,18.0,65.0,132.0,60.0,15.0,59.0
338,84.5,2.0,1.0,0.0,0.0,0.0,1.0,1.0,0.0,5.0,2.0,0.0,0.0,0.0,0.0,0.0,1.0,1.0,1.0,0.0,9.0,5.0,0.0,3.0,0.0,1.0,1.0,0.0,0.0,0.0,2.0,5.0,3.0,0.0,1.0,0.0,2.0,4.0,0.0,0.0,4.0,5.0,4.0,1.0,2.0,5.0,1.0,1.0,1.0,0.0,1.0,0.0,1.0,1.0,19.0,0.0,5.0,5.0,3.0,0.0,3.0,2.0,1.0,1.0,0.0,0.0,6.0,41.0,14.0,3.0,0.0,5.0,2.0,2.0,11.0,5.0,7.0,1.0,5.0,1.0,14.0,15.0,14.0,28.0,7.0,26.0,13.0,3.0,28.0,8.0,15.0,12.0,8.0,11.0,10.0,34.0,5.0,1.0,1.0,5.0,9.0,20.0,4.0,9.0,11.0,6.0,23.0,18.0,37.0,8.0,12.0,7.0,19.0,27.0,3.0,1.0,1.0,24.0,65.0,19.0,10.0,11.0,4.0,43.0,16.0,11.0,6.0,16.0,73.0,22.0,11.0,0.0,2.0,11.0,25.0,25.0,14.0,24.0,9.0,40.0,17.0,11.0,21.0,14.0,20.0,34.0,12.0,18.0,14.0,4.0,20.0,11.0,8.0,31.0,16.0,34.0,11.0,15.0,33.0,18.0,46.0,20.0,27.0,21.0,25.0,15.0,49.0,36.0,26.0,35.0,28.0,34.0,15.0,30.0,12.0,22.0,30.0,19.0,32.0,18.0,20.0,57.0,35.0,14.0,8.0,23.0,23.0,21.0,17.0,17.0,48.0,22.0,25.0,45.0,39.0,23.0,25.0,83.0,113.0,50.0,28.0,40.0,63.0,36.0,12.0,17.0,71.0,131.0,59.0,15.0,49.0
339,84.75,2.0,1.0,0.0,0.0,0.0,1.0,0.0,0.0,5.0,0.0,0.0,0.0,0.0,0.0,1.0,0.0,1.0,1.0,0.0,9.0,6.0,0.0,3.0,0.0,1.0,1.0,0.0,0.0,1.0,2.0,5.0,3.0,1.0,1.0,0.0,0.0,4.0,0.0,0.0,3.0,5.0,6.0,0.0,3.0,5.0,1.0,0.0,2.0,0.0,0.0,0.0,1.0,2.0,19.0,0.0,4.0,5.0,2.0,0.0,2.0,2.0,0.0,0.0,0.0,0.0,6.0,35.0,14.0,3.0,1.0,5.0,2.0,4.0,11.0,5.0,8.0,1.0,5.0,1.0,15.0,11.0,14.0,29.0,5.0,16.0,10.0,3.0,28.0,11.0,15.0,13.0,7.0,14.0,11.0,28.0,4.0,1.0,1.0,5.0,8.0,20.0,4.0,9.0,11.0,5.0,23.0,18.0,37.0,8.0,12.0,6.0,18.0,26.0,4.0,1.0,1.0,21.0,59.0,13.0,8.0,9.0,6.0,43.0,13.0,11.0,6.0,21.0,69.0,20.0,11.0,0.0,1.0,11.0,23.0,25.0,17.0,24.0,9.0,40.0,10.0,11.0,16.0,14.0,20.0,34.0,13.0,18.0,15.0,4.0,20.0,18.0,8.0,31.0,14.0,33.0,11.0,15.0,33.0,18.0,46.0,20.0,27.0,15.0,25.0,15.0,65.0,34.0,26.0,33.0,26.0,36.0,15.0,30.0,16.0,22.0,30.0,19.0,36.0,18.0,22.0,56.0,31.0,15.0,10.0,23.0,15.0,21.0,17.0,17.0,54.0,19.0,23.0,42.0,33.0,23.0,25.0,78.0,111.0,42.0,28.0,35.0,61.0,32.0,10.0,18.0,71.0,127.0,59.0,15.0,49.0
340,85.0,3.0,1.0,0.0,0.0,0.0,1.0,0.0,0.0,3.0,0.0,1.0,1.0,0.0,2.0,1.0,0.0,2.0,1.0,0.0,9.0,7.0,1.0,2.0,0.0,0.0,0.0,0.0,0.0,1.0,2.0,9.0,3.0,1.0,1.0,0.0,1.0,3.0,0.0,0.0,2.0,5.0,4.0,0.0,3.0,7.0,0.0,0.0,2.0,0.0,0.0,0.0,1.0,2.0,14.0,0.0,4.0,4.0,2.0,0.0,2.0,0.0,0.0,0.0,1.0,0.0,6.0,35.0,8.0,3.0,1.0,5.0,2.0,4.0,10.0,4.0,10.0,1.0,5.0,3.0,14.0,11.0,14.0,34.0,5.0,16.0,10.0,4.0,23.0,11.0,14.0,13.0,7.0,9.0,10.0,28.0,4.0,1.0,2.0,4.0,5.0,20.0,4.0,7.0,13.0,5.0,26.0,18.0,38.0,8.0,8.0,6.0,15.0,26.0,4.0,0.0,1.0,20.0,65.0,11.0,8.0,15.0,6.0,38.0,16.0,20.0,7.0,21.0,62.0,23.0,12.0,0.0,1.0,9.0,22.0,25.0,18.0,21.0,20.0,34.0,10.0,12.0,21.0,18.0,23.0,31.0,13.0,23.0,15.0,3.0,20.0,18.0,9.0,31.0,14.0,31.0,12.0,13.0,33.0,13.0,36.0,21.0,19.0,15.0,33.0,12.0,65.0,34.0,26.0,35.0,23.0,36.0,15.0,22.0,14.0,26.0,33.0,15.0,37.0,18.0,22.0,56.0,26.0,12.0,10.0,21.0,11.0,19.0,17.0,17.0,45.0,19.0,23.0,41.0,31.0,24.0,25.0,79.0,101.0,41.0,31.0,25.0,63.0,36.0,10.0,17.0,55.0,122.0,48.0,19.0,55.0
341,85.25,3.0,2.0,0.0,0.0,0.0,1.0,1.0,1.0,1.0,4.0,0.0,1.0,1.0,2.0,1.0,1.0,1.0,0.0,0.0,9.0,11.0,3.0,3.0,1.0,0.0,0.0,0.0,0.0,0.0,2.0,11.0,3.0,1.0,1.0,0.0,1.0,3.0,0.0,0.0,1.0,5.0,4.0,0.0,5.0,9.0,0.0,0.0,1.0,0.0,0.0,1.0,0.0,2.0,14.0,0.0,2.0,4.0,2.0,0.0,1.0,0.0,0.0,0.0,1.0,0.0,5.0,44.0,8.0,2.0,1.0,5.0,2.0,2.0,10.0,4.0,10.0,0.0,5.0,3.0,15.0,14.0,14.0,29.0,5.0,19.0,10.0,6.0,20.0,11.0,11.0,17.0,7.0,13.0,10.0,26.0,5.0,1.0,1.0,6.0,5.0,16.0,9.0,6.0,12.0,8.0,26.0,19.0,51.0,7.0,8.0,6.0,15.0,34.0,3.0,0.0,1.0,20.0,62.0,11.0,9.0,9.0,5.0,38.0,15.0,20.0,7.0,19.0,58.0,23.0,11.0,0.0,3.0,11.0,23.0,21.0,18.0,21.0,20.0,34.0,10.0,15.0,24.0,18.0,23.0,31.0,17.0,27.0,12.0,3.0,20.0,18.0,10.0,28.0,14.0,31.0,12.0,13.0,34.0,10.0,30.0,23.0,19.0,18.0,33.0,10.0,55.0,34.0,26.0,34.0,23.0,29.0,9.0,22.0,16.0,27.0,33.0,25.0,45.0,15.0,22.0,56.0,25.0,10.0,10.0,21.0,11.0,19.0,21.0,14.0,43.0,22.0,23.0,41.0,33.0,30.0,25.0,79.0,111.0,41.0,31.0,35.0,66.0,32.0,10.0,14.0,55.0,112.0,48.0,21.0,59.0
342,85.5,3.0,1.0,0.0,0.0,0.0,1.0,1.0,1.0,3.0,4.0,1.0,1.0,2.0,1.0,0.0,1.0,0.0,0.0,1.0,8.0,11.0,3.0,3.0,1.0,0.0,1.0,0.0,0.0,0.0,2.0,11.0,3.0,1.0,2.0,0.0,1.0,2.0,0.0,0.0,2.0,9.0,4.0,0.0,2.0,10.0,0.0,1.0,1.0,0.0,0.0,1.0,0.0,2.0,14.0,0.0,4.0,4.0,2.0,0.0,1.0,0.0,0.0,1.0,2.0,0.0,8.0,44.0,9.0,2.0,1.0,6.0,2.0,2.0,10.0,4.0,7.0,1.0,5.0,3.0,15.0,20.0,11.0,27.0,5.0,26.0,12.0,6.0,23.0,11.0,11.0,19.0,13.0,13.0,10.0,18.0,6.0,0.0,2.0,4.0,6.0,14.0,9.0,6.0,14.0,8.0,26.0,21.0,38.0,6.0,8.0,4.0,18.0,40.0,2.0,0.0,0.0,23.0,62.0,16.0,9.0,16.0,5.0,40.0,15.0,20.0,7.0,18.0,58.0,23.0,12.0,1.0,4.0,13.0,25.0,23.0,18.0,21.0,16.0,39.0,10.0,17.0,28.0,16.0,19.0,37.0,17.0,33.0,7.0,3.0,18.0,15.0,10.0,36.0,20.0,31.0,12.0,14.0,37.0,13.0,30.0,23.0,22.0,50.0,27.0,9.0,55.0,38.0,25.0,34.0,24.0,26.0,9.0,29.0,14.0,26.0,41.0,23.0,62.0,10.0,20.0,57.0,25.0,10.0,10.0,21.0,11.0,29.0,23.0,18.0,43.0,25.0,23.0,42.0,35.0,30.0,22.0,79.0,96.0,43.0,31.0,29.0,66.0,29.0,10.0,14.0,67.0,109.0,56.0,21.0,59.0
343,85.75,1.0,2.0,1.0,2.0,0.0,1.0,1.0,1.0,4.0,4.0,0.0,1.0,1.0,1.0,0.0,1.0,0.0,0.0,1.0,8.0,7.0,2.0,6.0,1.0,1.0,1.0,0.0,0.0,0.0,2.0,4.0,4.0,1.0,2.0,2.0,1.0,4.0,1.0,0.0,3.0,9.0,3.0,0.0,2.0,11.0,1.0,1.0,1.0,0.0,0.0,0.0,1.0,2.0,15.0,0.0,5.0,4.0,3.0,1.0,1.0,1.0,0.0,1.0,2.0,0.0,7.0,43.0,9.0,5.0,1.0,6.0,2.0,2.0,11.0,6.0,6.0,1.0,5.0,3.0,15.0,21.0,15.0,21.0,5.0,26.0,12.0,4.0,17.0,9.0,14.0,17.0,13.0,15.0,10.0,26.0,5.0,0.0,1.0,4.0,7.0,14.0,8.0,7.0,14.0,7.0,26.0,21.0,38.0,7.0,11.0,4.0,21.0,47.0,3.0,0.0,0.0,29.0,57.0,19.0,9.0,16.0,5.0,43.0,15.0,20.0,8.0,18.0,60.0,34.0,12.0,1.0,4.0,13.0,26.0,22.0,19.0,25.0,15.0,39.0,16.0,17.0,24.0,16.0,19.0,47.0,17.0,33.0,7.0,3.0,16.0,15.0,12.0,36.0,20.0,29.0,10.0,14.0,38.0,13.0,47.0,29.0,27.0,50.0,27.0,8.0,65.0,39.0,21.0,34.0,28.0,26.0,9.0,36.0,19.0,27.0,49.0,33.0,62.0,10.0,19.0,59.0,30.0,13.0,8.0,19.0,22.0,29.0,27.0,15.0,49.0,25.0,23.0,43.0,56.0,30.0,25.0,83.0,112.0,48.0,33.0,29.0,64.0,28.0,10.0,21.0,67.0,109.0,56.0,16.0,55.0
344,86.0,1.0,1.0,1.0,0.0,0.0,1.0,1.0,0.0,4.0,4.0,1.0,0.0,2.0,1.0,0.0,1.0,0.0,0.0,1.0,13.0,7.0,2.0,6.0,1.0,1.0,1.0,2.0,0.0,1.0,2.0,4.0,4.0,1.0,2.0,2.0,1.0,4.0,0.0,0.0,3.0,9.0,7.0,0.0,1.0,11.0,0.0,1.0,3.0,0.0,0.0,0.0,1.0,2.0,15.0,0.0,5.0,4.0,3.0,1.0,1.0,1.0,0.0,0.0,0.0,1.0,9.0,43.0,10.0,5.0,1.0,6.0,2.0,2.0,17.0,6.0,7.0,4.0,2.0,3.0,15.0,36.0,13.0,19.0,8.0,26.0,14.0,4.0,17.0,9.0,14.0,14.0,9.0,16.0,16.0,37.0,3.0,1.0,2.0,3.0,7.0,15.0,8.0,7.0,18.0,4.0,26.0,21.0,38.0,7.0,11.0,5.0,26.0,61.0,3.0,0.0,0.0,30.0,57.0,16.0,9.0,19.0,4.0,40.0,14.0,18.0,8.0,18.0,67.0,43.0,14.0,2.0,4.0,14.0,26.0,23.0,19.0,31.0,16.0,36.0,19.0,45.0,28.0,18.0,34.0,51.0,36.0,39.0,10.0,3.0,18.0,23.0,11.0,36.0,17.0,29.0,15.0,14.0,49.0,16.0,48.0,29.0,27.0,41.0,43.0,8.0,65.0,39.0,21.0,36.0,30.0,28.0,9.0,36.0,20.0,28.0,56.0,34.0,62.0,18.0,19.0,59.0,30.0,14.0,9.0,19.0,13.0,27.0,29.0,20.0,50.0,28.0,33.0,50.0,56.0,34.0,24.0,84.0,131.0,45.0,33.0,29.0,64.0,29.0,10.0,21.0,67.0,180.0,55.0,16.0,55.0
345,86.25,3.0,1.0,1.0,0.0,0.0,1.0,1.0,0.0,3.0,3.0,1.0,0.0,2.0,2.0,0.0,0.0,2.0,0.0,0.0,13.0,13.0,3.0,8.0,1.0,1.0,1.0,2.0,0.0,1.0,2.0,4.0,2.0,2.0,2.0,0.0,2.0,4.0,1.0,0.0,3.0,7.0,4.0,1.0,1.0,12.0,1.0,0.0,3.0,0.0,0.0,2.0,1.0,2.0,16.0,0.0,4.0,4.0,3.0,1.0,1.0,1.0,0.0,0.0,0.0,1.0,10.0,66.0,10.0,5.0,2.0,6.0,2.0,4.0,17.0,8.0,3.0,4.0,2.0,4.0,23.0,36.0,19.0,19.0,8.0,27.0,14.0,5.0,17.0,9.0,14.0,13.0,9.0,32.0,16.0,37.0,3.0,2.0,1.0,2.0,7.0,16.0,8.0,7.0,20.0,4.0,22.0,21.0,48.0,11.0,13.0,9.0,32.0,61.0,5.0,0.0,0.0,30.0,66.0,21.0,12.0,22.0,4.0,42.0,17.0,18.0,11.0,28.0,87.0,43.0,16.0,2.0,4.0,14.0,26.0,26.0,19.0,32.0,22.0,36.0,16.0,47.0,34.0,18.0,34.0,62.0,36.0,39.0,17.0,3.0,18.0,23.0,11.0,36.0,14.0,33.0,14.0,31.0,49.0,28.0,58.0,29.0,27.0,39.0,77.0,17.0,65.0,39.0,30.0,38.0,37.0,45.0,10.0,43.0,21.0,37.0,56.0,34.0,63.0,38.0,22.0,51.0,30.0,14.0,9.0,23.0,24.0,27.0,36.0,20.0,71.0,28.0,41.0,50.0,42.0,34.0,26.0,85.0,131.0,51.0,40.0,37.0,68.0,29.0,8.0,21.0,76.0,180.0,55.0,16.0,69.0
346,86.5,3.0,0.0,1.0,0.0,0.0,1.0,1.0,0.0,3.0,3.0,2.0,0.0,2.0,2.0,0.0,0.0,2.0,0.0,0.0,14.0,14.0,3.0,12.0,1.0,0.0,1.0,1.0,0.0,1.0,4.0,5.0,2.0,2.0,4.0,0.0,2.0,7.0,0.0,0.0,3.0,7.0,4.0,1.0,8.0,15.0,3.0,0.0,3.0,0.0,1.0,2.0,1.0,2.0,25.0,0.0,4.0,10.0,4.0,1.0,1.0,1.0,0.0,0.0,1.0,1.0,10.0,66.0,16.0,8.0,2.0,7.0,2.0,4.0,17.0,11.0,4.0,2.0,2.0,4.0,23.0,36.0,19.0,27.0,8.0,49.0,14.0,5.0,25.0,9.0,20.0,13.0,13.0,37.0,13.0,31.0,7.0,2.0,1.0,2.0,10.0,16.0,7.0,11.0,25.0,5.0,22.0,21.0,48.0,11.0,14.0,16.0,32.0,58.0,5.0,1.0,1.0,23.0,66.0,15.0,14.0,33.0,16.0,41.0,17.0,18.0,11.0,29.0,94.0,44.0,16.0,1.0,1.0,20.0,29.0,30.0,28.0,32.0,39.0,45.0,18.0,47.0,34.0,22.0,31.0,51.0,30.0,39.0,24.0,5.0,19.0,23.0,11.0,41.0,14.0,33.0,19.0,31.0,51.0,28.0,59.0,38.0,36.0,39.0,77.0,17.0,68.0,43.0,40.0,38.0,47.0,51.0,16.0,49.0,25.0,43.0,56.0,43.0,63.0,38.0,27.0,51.0,47.0,14.0,9.0,27.0,27.0,30.0,38.0,28.0,75.0,32.0,43.0,59.0,42.0,39.0,35.0,85.0,131.0,51.0,40.0,38.0,74.0,29.0,12.0,27.0,87.0,141.0,57.0,19.0,73.0
347,86.75,3.0,0.0,0.0,0.0,0.0,1.0,1.0,0.0,4.0,5.0,2.0,0.0,1.0,3.0,1.0,0.0,3.0,0.0,1.0,15.0,33.0,5.0,12.0,1.0,0.0,1.0,1.0,0.0,1.0,5.0,6.0,2.0,2.0,4.0,0.0,2.0,4.0,1.0,0.0,2.0,9.0,4.0,2.0,8.0,15.0,3.0,0.0,3.0,0.0,1.0,0.0,1.0,1.0,32.0,0.0,3.0,10.0,4.0,1.0,2.0,1.0,0.0,2.0,1.0,0.0,14.0,65.0,23.0,11.0,2.0,4.0,2.0,4.0,17.0,9.0,4.0,2.0,6.0,6.0,24.0,38.0,19.0,33.0,10.0,55.0,15.0,5.0,27.0,10.0,20.0,25.0,14.0,32.0,13.0,31.0,7.0,2.0,1.0,2.0,15.0,17.0,7.0,14.0,34.0,8.0,24.0,21.0,62.0,11.0,14.0,11.0,32.0,56.0,6.0,1.0,1.0,23.0,65.0,18.0,15.0,33.0,18.0,41.0,20.0,22.0,10.0,29.0,87.0,35.0,22.0,1.0,1.0,20.0,34.0,30.0,28.0,53.0,39.0,48.0,18.0,40.0,34.0,22.0,31.0,38.0,25.0,36.0,24.0,5.0,22.0,20.0,11.0,53.0,22.0,33.0,19.0,23.0,51.0,28.0,58.0,35.0,34.0,32.0,40.0,19.0,68.0,57.0,44.0,38.0,47.0,51.0,16.0,57.0,25.0,37.0,57.0,34.0,65.0,26.0,31.0,52.0,48.0,19.0,12.0,27.0,33.0,35.0,38.0,38.0,77.0,34.0,43.0,59.0,42.0,39.0,35.0,85.0,134.0,58.0,40.0,38.0,80.0,29.0,13.0,29.0,88.0,130.0,64.0,21.0,69.0
348,87.0,3.0,1.0,0.0,1.0,2.0,1.0,1.0,0.0,4.0,7.0,2.0,1.0,1.0,3.0,1.0,1.0,6.0,1.0,2.0,28.0,33.0,3.0,7.0,2.0,0.0,1.0,1.0,0.0,1.0,6.0,8.0,2.0,1.0,4.0,0.0,1.0,6.0,0.0,1.0,2.0,12.0,6.0,2.0,3.0,9.0,1.0,0.0,3.0,1.0,0.0,0.0,1.0,2.0,32.0,0.0,5.0,7.0,6.0,2.0,3.0,1.0,0.0,2.0,2.0,0.0,14.0,65.0,23.0,11.0,2.0,4.0,3.0,3.0,22.0,11.0,8.0,2.0,8.0,3.0,16.0,38.0,19.0,33.0,12.0,55.0,21.0,7.0,27.0,14.0,22.0,45.0,17.0,28.0,13.0,26.0,8.0,1.0,0.0,4.0,15.0,22.0,9.0,18.0,34.0,8.0,26.0,26.0,62.0,18.0,15.0,11.0,28.0,56.0,5.0,2.0,1.0,23.0,62.0,18.0,15.0,33.0,18.0,41.0,20.0,23.0,10.0,27.0,78.0,40.0,23.0,1.0,2.0,17.0,29.0,30.0,25.0,53.0,31.0,45.0,18.0,35.0,33.0,22.0,45.0,38.0,25.0,32.0,17.0,8.0,22.0,20.0,14.0,53.0,27.0,34.0,19.0,23.0,51.0,36.0,66.0,38.0,34.0,32.0,40.0,19.0,67.0,57.0,45.0,38.0,36.0,44.0,18.0,57.0,25.0,40.0,57.0,41.0,65.0,23.0,31.0,66.0,51.0,32.0,12.0,30.0,33.0,50.0,40.0,42.0,90.0,32.0,43.0,59.0,43.0,61.0,38.0,90.0,147.0,60.0,47.0,37.0,80.0,36.0,20.0,43.0,108.0,130.0,64.0,23.0,63.0
349,87.25,4.0,1.0,0.0,0.0,2.0,1.0,1.0,0.0,7.0,15.0,1.0,2.0,1.0,2.0,0.0,1.0,6.0,1.0,2.0,28.0,22.0,5.0,7.0,2.0,1.0,1.0,3.0,0.0,1.0,6.0,8.0,2.0,1.0,4.0,0.0,3.0,6.0,2.0,1.0,4.0,13.0,6.0,2.0,3.0,9.0,0.0,0.0,3.0,1.0,0.0,1.0,1.0,3.0,29.0,0.0,4.0,7.0,4.0,2.0,4.0,2.0,2.0,2.0,1.0,0.0,16.0,65.0,19.0,9.0,2.0,4.0,3.0,3.0,27.0,15.0,8.0,3.0,8.0,5.0,18.0,30.0,19.0,90.0,12.0,40.0,21.0,7.0,27.0,21.0,22.0,45.0,20.0,28.0,23.0,37.0,5.0,1.0,1.0,3.0,19.0,28.0,9.0,14.0,25.0,9.0,27.0,29.0,60.0,20.0,23.0,11.0,26.0,41.0,5.0,3.0,1.0,29.0,59.0,22.0,15.0,30.0,16.0,43.0,20.0,23.0,13.0,27.0,78.0,35.0,23.0,3.0,4.0,17.0,43.0,33.0,21.0,53.0,21.0,50.0,20.0,32.0,35.0,23.0,45.0,38.0,25.0,32.0,17.0,7.0,30.0,33.0,16.0,58.0,39.0,36.0,19.0,30.0,51.0,42.0,68.0,46.0,34.0,50.0,46.0,19.0,63.0,60.0,48.0,45.0,36.0,44.0,19.0,52.0,28.0,40.0,53.0,34.0,70.0,26.0,31.0,86.0,52.0,32.0,12.0,30.0,32.0,54.0,39.0,42.0,102.0,34.0,44.0,61.0,48.0,61.0,41.0,114.0,147.0,66.0,47.0,37.0,76.0,53.0,27.0,43.0,113.0,155.0,73.0,28.0,56.0
350,87.5,4.0,1.0,0.0,0.0,2.0,2.0,1.0,0.0,8.0,12.0,0.0,2.0,1.0,2.0,0.0,1.0,4.0,2.0,2.0,22.0,22.0,3.0,6.0,2.0,1.0,1.0,3.0,0.0,1.0,5.0,8.0,2.0,1.0,3.0,0.0,2.0,7.0,0.0,2.0,6.0,13.0,7.0,1.0,4.0,15.0,1.0,0.0,2.0,1.0,0.0,1.0,1.0,3.0,29.0,0.0,4.0,7.0,5.0,2.0,4.0,2.0,2.0,1.0,0.0,0.0,16.0,63.0,16.0,7.0,2.0,8.0,3.0,4.0,30.0,16.0,8.0,4.0,10.0,5.0,18.0,25.0,31.0,90.0,12.0,38.0,21.0,7.0,25.0,21.0,26.0,21.0,20.0,28.0,21.0,43.0,9.0,2.0,1.0,4.0,19.0,35.0,8.0,18.0,23.0,9.0,28.0,28.0,58.0,30.0,23.0,11.0,25.0,41.0,5.0,2.0,2.0,30.0,62.0,23.0,15.0,32.0,12.0,47.0,23.0,23.0,13.0,29.0,87.0,40.0,23.0,1.0,4.0,24.0,43.0,36.0,21.0,50.0,23.0,48.0,19.0,32.0,36.0,22.0,41.0,48.0,29.0,45.0,22.0,7.0,48.0,33.0,16.0,52.0,39.0,36.0,14.0,30.0,51.0,36.0,73.0,46.0,34.0,50.0,49.0,18.0,63.0,53.0,51.0,45.0,36.0,44.0,18.0,52.0,30.0,48.0,53.0,41.0,72.0,29.0,29.0,86.0,58.0,26.0,14.0,30.0,32.0,57.0,39.0,39.0,102.0,45.0,38.0,92.0,55.0,54.0,54.0,114.0,138.0,66.0,47.0,40.0,76.0,64.0,27.0,35.0,125.0,179.0,64.0,28.0,56.0
351,87.75,3.0,2.0,0.0,0.0,1.0,1.0,2.0,1.0,8.0,13.0,0.0,0.0,1.0,2.0,1.0,0.0,3.0,1.0,1.0,21.0,22.0,3.0,7.0,3.0,1.0,1.0,2.0,0.0,2.0,4.0,8.0,3.0,2.0,4.0,2.0,2.0,7.0,0.0,1.0,5.0,12.0,6.0,1.0,4.0,15.0,1.0,0.0,3.0,1.0,0.0,2.0,1.0,3.0,29.0,0.0,3.0,7.0,4.0,0.0,4.0,2.0,2.0,1.0,0.0,1.0,12.0,63.0,14.0,7.0,2.0,14.0,2.0,4.0,27.0,15.0,15.0,4.0,8.0,5.0,20.0,24.0,31.0,37.0,11.0,40.0,32.0,7.0,33.0,15.0,28.0,20.0,20.0,28.0,25.0,43.0,5.0,2.0,3.0,8.0,19.0,40.0,7.0,10.0,25.0,9.0,33.0,29.0,58.0,20.0,16.0,10.0,26.0,50.0,5.0,1.0,2.0,31.0,74.0,28.0,16.0,30.0,9.0,55.0,30.0,23.0,13.0,34.0,87.0,42.0,26.0,3.0,4.0,27.0,49.0,43.0,27.0,45.0,23.0,50.0,20.0,24.0,37.0,29.0,36.0,52.0,29.0,45.0,22.0,7.0,48.0,33.0,11.0,58.0,39.0,36.0,14.0,33.0,52.0,34.0,73.0,41.0,39.0,50.0,47.0,18.0,63.0,57.0,59.0,38.0,40.0,47.0,15.0,54.0,30.0,51.0,60.0,43.0,72.0,34.0,29.0,75.0,58.0,26.0,14.0,30.0,38.0,57.0,39.0,34.0,83.0,45.0,38.0,92.0,61.0,54.0,58.0,114.0,138.0,66.0,43.0,40.0,89.0,64.0,23.0,35.0,125.0,179.0,73.0,28.0,53.0
352,88.0,1.0,1.0,0.0,0.0,1.0,2.0,2.0,1.0,5.0,12.0,0.0,0.0,0.0,1.0,1.0,0.0,3.0,2.0,0.0,16.0,17.0,3.0,13.0,3.0,1.0,1.0,1.0,0.0,2.0,4.0,8.0,3.0,2.0,4.0,4.0,2.0,7.0,0.0,0.0,5.0,11.0,7.0,1.0,3.0,14.0,1.0,1.0,2.0,1.0,0.0,1.0,2.0,3.0,29.0,0.0,3.0,7.0,5.0,0.0,2.0,2.0,2.0,1.0,1.0,1.0,9.0,63.0,14.0,13.0,2.0,16.0,2.0,5.0,30.0,13.0,15.0,2.0,7.0,5.0,26.0,25.0,33.0,37.0,12.0,41.0,32.0,7.0,24.0,15.0,28.0,21.0,20.0,27.0,25.0,34.0,8.0,1.0,3.0,9.0,24.0,40.0,8.0,8.0,32.0,6.0,33.0,28.0,58.0,29.0,16.0,10.0,21.0,50.0,6.0,0.0,1.0,39.0,83.0,28.0,19.0,30.0,9.0,55.0,23.0,23.0,17.0,30.0,87.0,50.0,26.0,0.0,7.0,24.0,49.0,43.0,28.0,45.0,23.0,48.0,21.0,26.0,36.0,22.0,36.0,54.0,29.0,32.0,22.0,4.0,42.0,38.0,11.0,46.0,29.0,37.0,14.0,27.0,52.0,28.0,68.0,35.0,39.0,44.0,47.0,17.0,72.0,57.0,59.0,38.0,33.0,47.0,14.0,54.0,23.0,50.0,63.0,47.0,72.0,34.0,29.0,75.0,64.0,26.0,14.0,29.0,38.0,34.0,40.0,34.0,79.0,43.0,37.0,69.0,61.0,54.0,58.0,116.0,189.0,54.0,43.0,42.0,89.0,57.0,19.0,35.0,136.0,168.0,72.0,21.0,66.0
353,88.25,1.0,2.0,0.0,0.0,1.0,1.0,1.0,1.0,4.0,8.0,0.0,0.0,1.0,1.0,1.0,2.0,3.0,1.0,0.0,16.0,17.0,4.0,13.0,2.0,1.0,0.0,1.0,0.0,2.0,3.0,6.0,3.0,2.0,5.0,2.0,1.0,3.0,0.0,0.0,5.0,11.0,5.0,1.0,2.0,12.0,1.0,1.0,2.0,0.0,0.0,1.0,2.0,3.0,29.0,0.0,3.0,7.0,5.0,0.0,2.0,1.0,2.0,1.0,1.0,0.0,9.0,64.0,14.0,13.0,3.0,16.0,4.0,5.0,27.0,10.0,6.0,2.0,4.0,6.0,28.0,22.0,26.0,37.0,13.0,41.0,32.0,6.0,38.0,15.0,28.0,25.0,25.0,25.0,25.0,34.0,6.0,1.0,2.0,8.0,17.0,40.0,12.0,8.0,32.0,12.0,36.0,28.0,64.0,15.0,20.0,13.0,23.0,50.0,6.0,0.0,0.0,43.0,84.0,29.0,20.0,27.0,9.0,52.0,22.0,27.0,17.0,30.0,90.0,51.0,26.0,3.0,4.0,27.0,45.0,43.0,27.0,45.0,20.0,48.0,22.0,24.0,36.0,26.0,36.0,52.0,29.0,32.0,25.0,5.0,38.0,39.0,17.0,46.0,25.0,37.0,12.0,28.0,52.0,28.0,56.0,37.0,41.0,50.0,40.0,22.0,82.0,62.0,59.0,49.0,38.0,47.0,14.0,42.0,21.0,50.0,64.0,54.0,55.0,30.0,30.0,81.0,63.0,27.0,10.0,29.0,36.0,34.0,40.0,31.0,76.0,42.0,30.0,69.0,61.0,52.0,52.0,126.0,199.0,54.0,47.0,51.0,94.0,56.0,19.0,35.0,136.0,168.0,76.0,21.0,58.0
354,88.5,1.0,1.0,0.0,0.0,1.0,1.0,1.0,3.0,3.0,4.0,0.0,0.0,1.0,1.0,1.0,2.0,3.0,0.0,0.0,17.0,19.0,4.0,10.0,1.0,1.0,0.0,2.0,0.0,1.0,3.0,6.0,3.0,1.0,5.0,4.0,1.0,3.0,0.0,0.0,5.0,11.0,7.0,1.0,2.0,11.0,1.0,1.0,1.0,0.0,1.0,1.0,1.0,3.0,23.0,0.0,3.0,6.0,5.0,0.0,4.0,2.0,2.0,1.0,1.0,0.0,9.0,76.0,19.0,9.0,3.0,12.0,4.0,5.0,27.0,10.0,6.0,2.0,7.0,3.0,32.0,21.0,26.0,48.0,14.0,34.0,20.0,6.0,34.0,13.0,31.0,25.0,25.0,25.0,25.0,38.0,8.0,2.0,2.0,6.0,17.0,37.0,12.0,8.0,30.0,15.0,33.0,28.0,70.0,17.0,20.0,16.0,23.0,45.0,7.0,0.0,0.0,43.0,84.0,29.0,21.0,27.0,11.0,52.0,22.0,23.0,14.0,30.0,98.0,51.0,27.0,1.0,4.0,27.0,42.0,37.0,18.0,44.0,20.0,47.0,21.0,26.0,24.0,26.0,39.0,46.0,29.0,36.0,25.0,5.0,38.0,38.0,18.0,41.0,23.0,30.0,13.0,25.0,58.0,28.0,68.0,37.0,36.0,44.0,40.0,16.0,83.0,62.0,44.0,52.0,34.0,51.0,13.0,37.0,21.0,44.0,63.0,54.0,55.0,30.0,30.0,81.0,64.0,29.0,9.0,30.0,24.0,37.0,40.0,34.0,70.0,43.0,30.0,81.0,76.0,51.0,51.0,144.0,199.0,54.0,47.0,51.0,97.0,39.0,18.0,35.0,124.0,189.0,72.0,26.0,58.0
355,88.75,3.0,1.0,1.0,1.0,1.0,1.0,2.0,3.0,3.0,8.0,1.0,1.0,1.0,1.0,1.0,2.0,2.0,0.0,0.0,17.0,19.0,4.0,10.0,2.0,2.0,0.0,2.0,0.0,2.0,5.0,11.0,3.0,0.0,5.0,2.0,1.0,4.0,1.0,1.0,3.0,11.0,9.0,1.0,2.0,12.0,2.0,0.0,2.0,0.0,0.0,0.0,1.0,2.0,23.0,0.0,3.0,6.0,6.0,0.0,4.0,2.0,1.0,1.0,0.0,1.0,13.0,78.0,14.0,6.0,2.0,8.0,4.0,5.0,26.0,12.0,9.0,2.0,7.0,6.0,29.0,21.0,26.0,48.0,14.0,34.0,20.0,6.0,34.0,13.0,27.0,20.0,15.0,30.0,23.0,38.0,10.0,2.0,2.0,6.0,15.0,33.0,12.0,14.0,29.0,15.0,35.0,29.0,67.0,15.0,20.0,16.0,26.0,52.0,7.0,1.0,2.0,33.0,84.0,29.0,20.0,27.0,9.0,52.0,22.0,23.0,14.0,36.0,105.0,52.0,23.0,3.0,4.0,27.0,42.0,32.0,18.0,44.0,20.0,44.0,19.0,27.0,32.0,26.0,40.0,43.0,26.0,49.0,22.0,5.0,49.0,38.0,17.0,41.0,23.0,30.0,13.0,27.0,61.0,28.0,59.0,40.0,37.0,34.0,47.0,22.0,83.0,50.0,44.0,53.0,38.0,51.0,10.0,37.0,30.0,42.0,44.0,46.0,68.0,35.0,30.0,91.0,73.0,29.0,9.0,35.0,24.0,39.0,38.0,32.0,71.0,42.0,42.0,81.0,82.0,47.0,36.0,144.0,185.0,52.0,35.0,38.0,97.0,33.0,18.0,35.0,115.0,189.0,78.0,26.0,58.0
356,89.0,3.0,1.0,1.0,2.0,1.0,1.0,2.0,2.0,3.0,10.0,0.0,1.0,1.0,1.0,1.0,2.0,2.0,0.0,0.0,20.0,19.0,3.0,9.0,3.0,3.0,3.0,2.0,0.0,2.0,5.0,11.0,3.0,0.0,3.0,2.0,3.0,7.0,2.0,0.0,6.0,12.0,9.0,2.0,3.0,11.0,1.0,1.0,1.0,0.0,1.0,1.0,1.0,1.0,23.0,0.0,3.0,7.0,6.0,0.0,3.0,2.0,1.0,0.0,0.0,1.0,14.0,79.0,11.0,9.0,1.0,8.0,2.0,7.0,26.0,13.0,9.0,2.0,10.0,6.0,29.0,27.0,24.0,51.0,14.0,35.0,21.0,7.0,29.0,13.0,27.0,20.0,15.0,33.0,22.0,38.0,10.0,2.0,1.0,7.0,15.0,31.0,11.0,14.0,28.0,12.0,35.0,29.0,67.0,17.0,19.0,16.0,27.0,49.0,9.0,1.0,2.0,33.0,89.0,23.0,22.0,31.0,10.0,44.0,21.0,23.0,14.0,39.0,105.0,48.0,27.0,2.0,5.0,25.0,42.0,28.0,12.0,44.0,20.0,47.0,18.0,31.0,28.0,25.0,40.0,40.0,26.0,56.0,21.0,6.0,49.0,34.0,11.0,45.0,23.0,36.0,13.0,26.0,65.0,27.0,61.0,41.0,37.0,28.0,50.0,16.0,83.0,50.0,48.0,53.0,34.0,42.0,10.0,41.0,30.0,44.0,44.0,46.0,68.0,35.0,23.0,73.0,73.0,24.0,14.0,41.0,26.0,39.0,38.0,37.0,70.0,38.0,42.0,74.0,82.0,47.0,36.0,136.0,181.0,52.0,34.0,38.0,85.0,33.0,18.0,39.0,116.0,138.0,75.0,26.0,75.0
357,89.25,3.0,1.0,1.0,1.0,1.0,1.0,2.0,1.0,3.0,10.0,1.0,1.0,2.0,1.0,1.0,2.0,3.0,1.0,0.0,18.0,19.0,2.0,9.0,3.0,3.0,3.0,1.0,0.0,2.0,5.0,10.0,3.0,0.0,2.0,2.0,3.0,5.0,2.0,1.0,6.0,12.0,9.0,2.0,5.0,11.0,1.0,0.0,1.0,1.0,0.0,1.0,1.0,1.0,26.0,0.0,3.0,8.0,5.0,1.0,3.0,1.0,0.0,0.0,2.0,1.0,13.0,78.0,11.0,6.0,1.0,8.0,2.0,7.0,26.0,15.0,9.0,2.0,10.0,6.0,21.0,27.0,24.0,51.0,13.0,42.0,22.0,6.0,25.0,17.0,27.0,20.0,18.0,36.0,22.0,38.0,9.0,1.0,0.0,8.0,16.0,31.0,14.0,13.0,27.0,11.0,35.0,28.0,67.0,17.0,24.0,13.0,27.0,56.0,7.0,1.0,0.0,36.0,89.0,23.0,15.0,31.0,10.0,40.0,21.0,24.0,14.0,44.0,105.0,52.0,21.0,3.0,8.0,25.0,31.0,28.0,25.0,39.0,20.0,47.0,16.0,31.0,32.0,16.0,37.0,40.0,26.0,49.0,21.0,6.0,38.0,28.0,11.0,45.0,23.0,36.0,13.0,26.0,65.0,27.0,59.0,41.0,46.0,28.0,57.0,22.0,88.0,53.0,53.0,56.0,32.0,39.0,15.0,43.0,30.0,37.0,45.0,45.0,65.0,37.0,23.0,73.0,56.0,24.0,14.0,39.0,26.0,35.0,32.0,32.0,68.0,38.0,43.0,71.0,71.0,48.0,42.0,128.0,181.0,55.0,25.0,45.0,84.0,33.0,20.0,39.0,116.0,138.0,75.0,24.0,77.0
358,89.5,3.0,0.0,0.0,0.0,1.0,1.0,2.0,1.0,9.0,6.0,1.0,0.0,3.0,1.0,1.0,2.0,3.0,1.0,0.0,18.0,16.0,3.0,9.0,3.0,3.0,3.0,1.0,0.0,2.0,5.0,9.0,3.0,2.0,2.0,3.0,3.0,5.0,0.0,1.0,7.0,13.0,8.0,2.0,7.0,11.0,1.0,0.0,1.0,1.0,0.0,2.0,3.0,1.0,26.0,0.0,5.0,8.0,5.0,1.0,4.0,1.0,0.0,0.0,2.0,1.0,12.0,73.0,11.0,4.0,1.0,9.0,4.0,3.0,24.0,15.0,11.0,2.0,6.0,6.0,21.0,27.0,24.0,56.0,7.0,41.0,22.0,7.0,25.0,13.0,27.0,23.0,20.0,39.0,22.0,38.0,7.0,1.0,1.0,7.0,20.0,31.0,12.0,12.0,28.0,11.0,30.0,28.0,61.0,19.0,17.0,13.0,28.0,53.0,10.0,1.0,0.0,39.0,74.0,21.0,13.0,31.0,10.0,38.0,23.0,29.0,11.0,44.0,119.0,62.0,26.0,2.0,8.0,20.0,31.0,30.0,20.0,49.0,27.0,47.0,10.0,25.0,28.0,16.0,28.0,38.0,30.0,44.0,19.0,11.0,35.0,30.0,12.0,44.0,23.0,36.0,12.0,21.0,43.0,21.0,55.0,38.0,51.0,39.0,50.0,16.0,79.0,53.0,48.0,49.0,32.0,42.0,17.0,43.0,21.0,38.0,45.0,45.0,65.0,37.0,30.0,73.0,56.0,24.0,11.0,39.0,26.0,34.0,30.0,28.0,67.0,38.0,41.0,66.0,63.0,48.0,57.0,128.0,174.0,55.0,25.0,45.0,80.0,40.0,20.0,36.0,116.0,144.0,75.0,21.0,77.0
359,89.75,3.0,1.0,0.0,0.0,2.0,1.0,2.0,1.0,9.0,4.0,1.0,0.0,2.0,3.0,1.0,2.0,3.0,0.0,0.0,18.0,13.0,3.0,7.0,1.0,2.0,1.0,3.0,0.0,3.0,3.0,10.0,2.0,1.0,4.0,3.0,4.0,5.0,0.0,1.0,8.0,10.0,7.0,2.0,7.0,17.0,1.0,0.0,1.0,1.0,0.0,2.0,1.0,2.0,26.0,0.0,1.0,8.0,5.0,1.0,4.0,1.0,0.0,1.0,1.0,0.0,7.0,53.0,20.0,4.0,1.0,9.0,4.0,2.0,23.0,12.0,16.0,2.0,6.0,6.0,15.0,26.0,25.0,67.0,13.0,41.0,22.0,9.0,26.0,13.0,27.0,26.0,18.0,36.0,23.0,38.0,7.0,1.0,0.0,5.0,16.0,23.0,12.0,10.0,27.0,8.0,27.0,28.0,60.0,24.0,23.0,13.0,34.0,54.0,7.0,1.0,1.0,39.0,74.0,17.0,13.0,24.0,6.0,38.0,23.0,29.0,13.0,37.0,118.0,62.0,22.0,1.0,5.0,27.0,36.0,30.0,20.0,38.0,32.0,35.0,10.0,25.0,25.0,18.0,37.0,41.0,29.0,44.0,19.0,11.0,29.0,28.0,12.0,38.0,22.0,36.0,10.0,21.0,40.0,21.0,55.0,38.0,51.0,39.0,51.0,14.0,67.0,53.0,48.0,45.0,32.0,39.0,15.0,43.0,19.0,37.0,44.0,47.0,72.0,37.0,30.0,74.0,53.0,24.0,11.0,28.0,20.0,33.0,30.0,28.0,67.0,35.0,41.0,63.0,63.0,35.0,57.0,106.0,156.0,50.0,33.0,47.0,80.0,40.0,20.0,34.0,94.0,144.0,70.0,21.0,65.0
360,90.0,3.0,1.0,0.0,0.0,3.0,1.0,1.0,0.0,4.0,5.0,0.0,0.0,2.0,3.0,2.0,1.0,3.0,0.0,0.0,13.0,12.0,3.0,7.0,1.0,1.0,0.0,3.0,0.0,3.0,4.0,10.0,2.0,1.0,4.0,2.0,4.0,5.0,1.0,1.0,7.0,13.0,7.0,0.0,7.0,17.0,1.0,0.0,1.0,0.0,1.0,2.0,1.0,1.0,26.0,0.0,8.0,10.0,5.0,2.0,2.0,2.0,1.0,1.0,0.0,0.0,6.0,53.0,10.0,7.0,1.0,8.0,3.0,3.0,23.0,12.0,13.0,2.0,5.0,3.0,14.0,21.0,27.0,67.0,6.0,33.0,19.0,9.0,28.0,12.0,24.0,26.0,22.0,31.0,23.0,37.0,7.0,2.0,1.0,5.0,16.0,21.0,12.0,10.0,26.0,8.0,18.0,23.0,56.0,24.0,18.0,14.0,34.0,53.0,7.0,1.0,2.0,37.0,82.0,14.0,14.0,22.0,6.0,38.0,18.0,29.0,11.0,36.0,118.0,52.0,22.0,1.0,4.0,20.0,36.0,29.0,20.0,43.0,32.0,35.0,11.0,25.0,22.0,18.0,28.0,36.0,29.0,42.0,16.0,6.0,29.0,22.0,10.0,36.0,17.0,35.0,10.0,29.0,40.0,23.0,55.0,33.0,43.0,36.0,38.0,14.0,67.0,51.0,37.0,37.0,31.0,43.0,13.0,43.0,19.0,31.0,43.0,47.0,72.0,33.0,24.0,74.0,54.0,19.0,9.0,25.0,20.0,32.0,30.0,25.0,67.0,29.0,41.0,62.0,71.0,35.0,48.0,105.0,155.0,45.0,33.0,47.0,80.0,40.0,18.0,34.0,77.0,139.0,70.0,20.0,53.0
361,90.25,3.0,1.0,1.0,0.0,2.0,1.0,1.0,1.0,3.0,4.0,0.0,0.0,1.0,2.0,2.0,0.0,2.0,0.0,0.0,17.0,13.0,2.0,9.0,1.0,1.0,0.0,2.0,0.0,1.0,4.0,10.0,4.0,1.0,3.0,1.0,2.0,5.0,1.0,1.0,4.0,13.0,4.0,1.0,4.0,9.0,0.0,0.0,0.0,1.0,1.0,2.0,1.0,2.0,24.0,0.0,2.0,12.0,3.0,1.0,2.0,2.0,3.0,1.0,1.0,0.0,7.0,52.0,12.0,7.0,0.0,4.0,1.0,0.0,23.0,12.0,13.0,3.0,6.0,2.0,14.0,21.0,27.0,79.0,7.0,30.0,15.0,7.0,30.0,9.0,24.0,17.0,18.0,31.0,20.0,32.0,7.0,1.0,1.0,6.0,16.0,21.0,10.0,17.0,24.0,6.0,17.0,20.0,56.0,16.0,18.0,14.0,32.0,45.0,7.0,1.0,2.0,37.0,82.0,13.0,14.0,18.0,8.0,38.0,18.0,23.0,13.0,26.0,112.0,42.0,18.0,1.0,3.0,22.0,35.0,22.0,11.0,38.0,25.0,34.0,14.0,25.0,20.0,18.0,26.0,28.0,22.0,42.0,15.0,5.0,28.0,22.0,9.0,36.0,14.0,31.0,13.0,29.0,46.0,23.0,51.0,29.0,31.0,35.0,44.0,9.0,61.0,46.0,37.0,39.0,31.0,36.0,10.0,36.0,24.0,29.0,43.0,31.0,61.0,27.0,23.0,70.0,50.0,16.0,9.0,25.0,20.0,32.0,30.0,27.0,67.0,29.0,37.0,62.0,71.0,36.0,38.0,102.0,145.0,45.0,30.0,47.0,82.0,36.0,17.0,30.0,66.0,139.0,62.0,23.0,53.0
362,90.5,2.0,1.0,1.0,0.0,2.0,2.0,0.0,2.0,3.0,5.0,0.0,0.0,1.0,2.0,0.0,0.0,0.0,0.0,0.0,17.0,12.0,2.0,9.0,1.0,1.0,0.0,1.0,0.0,0.0,5.0,10.0,5.0,1.0,3.0,1.0,2.0,4.0,1.0,0.0,4.0,13.0,6.0,1.0,3.0,9.0,0.0,0.0,0.0,2.0,0.0,2.0,1.0,1.0,24.0,0.0,2.0,12.0,5.0,2.0,2.0,2.0,3.0,0.0,0.0,0.0,11.0,63.0,12.0,7.0,0.0,7.0,2.0,3.0,23.0,16.0,11.0,3.0,6.0,3.0,16.0,21.0,24.0,79.0,6.0,26.0,13.0,7.0,28.0,8.0,22.0,17.0,18.0,29.0,20.0,30.0,10.0,0.0,3.0,6.0,16.0,21.0,9.0,17.0,24.0,6.0,18.0,20.0,46.0,15.0,13.0,14.0,32.0,35.0,3.0,2.0,1.0,32.0,68.0,13.0,7.0,17.0,9.0,33.0,18.0,16.0,13.0,20.0,109.0,42.0,18.0,1.0,2.0,16.0,33.0,18.0,11.0,26.0,25.0,34.0,16.0,21.0,22.0,11.0,22.0,25.0,20.0,38.0,15.0,6.0,21.0,22.0,10.0,25.0,17.0,29.0,15.0,13.0,46.0,16.0,51.0,27.0,28.0,32.0,38.0,9.0,50.0,36.0,29.0,37.0,30.0,36.0,10.0,32.0,24.0,29.0,39.0,31.0,59.0,26.0,23.0,55.0,53.0,18.0,9.0,25.0,20.0,30.0,28.0,27.0,58.0,29.0,25.0,56.0,56.0,36.0,38.0,102.0,145.0,51.0,30.0,47.0,77.0,27.0,17.0,18.0,77.0,127.0,52.0,18.0,44.0
363,90.75,2.0,0.0,1.0,0.0,2.0,1.0,0.0,2.0,3.0,6.0,0.0,0.0,1.0,3.0,0.0,0.0,0.0,0.0,0.0,17.0,17.0,2.0,5.0,4.0,0.0,0.0,1.0,0.0,1.0,5.0,10.0,5.0,1.0,3.0,1.0,2.0,4.0,1.0,0.0,3.0,9.0,6.0,1.0,3.0,11.0,1.0,0.0,0.0,2.0,0.0,1.0,1.0,1.0,26.0,0.0,2.0,8.0,3.0,1.0,2.0,2.0,0.0,0.0,0.0,0.0,11.0,52.0,12.0,6.0,0.0,5.0,1.0,1.0,19.0,17.0,7.0,2.0,6.0,3.0,22.0,21.0,15.0,70.0,7.0,26.0,12.0,4.0,28.0,8.0,22.0,13.0,16.0,25.0,20.0,31.0,5.0,0.0,3.0,1.0,14.0,20.0,5.0,7.0,24.0,4.0,22.0,15.0,41.0,15.0,13.0,14.0,32.0,32.0,3.0,1.0,1.0,32.0,68.0,13.0,7.0,18.0,8.0,33.0,19.0,16.0,13.0,23.0,104.0,41.0,18.0,0.0,2.0,15.0,30.0,18.0,11.0,21.0,16.0,34.0,17.0,20.0,21.0,10.0,22.0,25.0,20.0,34.0,15.0,5.0,21.0,18.0,11.0,23.0,18.0,26.0,13.0,13.0,42.0,16.0,51.0,23.0,26.0,22.0,30.0,9.0,40.0,35.0,29.0,34.0,26.0,36.0,9.0,29.0,19.0,25.0,39.0,33.0,53.0,27.0,23.0,63.0,53.0,18.0,12.0,25.0,16.0,30.0,28.0,27.0,58.0,34.0,21.0,56.0,55.0,35.0,31.0,103.0,145.0,51.0,36.0,34.0,73.0,27.0,17.0,18.0,70.0,113.0,56.0,15.0,62.0
364,91.0,2.0,0.0,0.0,0.0,2.0,1.0,0.0,1.0,4.0,6.0,0.0,0.0,1.0,3.0,2.0,0.0,1.0,0.0,0.0,16.0,15.0,1.0,4.0,3.0,0.0,0.0,1.0,0.0,1.0,4.0,12.0,4.0,0.0,3.0,1.0,2.0,4.0,0.0,0.0,3.0,9.0,6.0,1.0,3.0,11.0,1.0,0.0,0.0,0.0,1.0,1.0,2.0,1.0,26.0,0.0,2.0,8.0,2.0,0.0,2.0,2.0,0.0,0.0,0.0,0.0,7.0,48.0,11.0,4.0,0.0,5.0,2.0,2.0,19.0,17.0,7.0,2.0,4.0,3.0,22.0,19.0,15.0,51.0,8.0,25.0,13.0,4.0,27.0,8.0,16.0,18.0,16.0,23.0,17.0,30.0,5.0,3.0,2.0,1.0,12.0,19.0,9.0,4.0,15.0,4.0,22.0,13.0,41.0,15.0,16.0,11.0,21.0,32.0,3.0,1.0,1.0,29.0,56.0,12.0,8.0,13.0,6.0,29.0,15.0,16.0,11.0,23.0,83.0,42.0,18.0,0.0,2.0,15.0,27.0,17.0,11.0,21.0,16.0,34.0,17.0,21.0,21.0,11.0,21.0,36.0,15.0,32.0,16.0,4.0,21.0,18.0,11.0,22.0,20.0,26.0,12.0,14.0,41.0,21.0,45.0,21.0,23.0,22.0,30.0,9.0,40.0,35.0,32.0,34.0,22.0,29.0,7.0,27.0,19.0,25.0,32.0,33.0,52.0,25.0,23.0,63.0,53.0,18.0,12.0,25.0,16.0,30.0,16.0,31.0,56.0,28.0,21.0,47.0,41.0,25.0,30.0,103.0,116.0,39.0,36.0,30.0,70.0,27.0,17.0,20.0,70.0,102.0,49.0,15.0,44.0
365,91.25,2.0,0.0,0.0,0.0,1.0,0.0,0.0,1.0,4.0,7.0,0.0,0.0,1.0,3.0,2.0,0.0,1.0,1.0,0.0,16.0,15.0,1.0,3.0,3.0,0.0,0.0,1.0,0.0,1.0,3.0,12.0,3.0,0.0,2.0,0.0,1.0,1.0,0.0,0.0,2.0,9.0,2.0,2.0,3.0,9.0,1.0,0.0,0.0,0.0,1.0,0.0,0.0,0.0,20.0,0.0,0.0,8.0,1.0,0.0,0.0,2.0,0.0,0.0,0.0,0.0,6.0,44.0,10.0,4.0,1.0,2.0,1.0,2.0,16.0,10.0,4.0,2.0,4.0,3.0,12.0,13.0,13.0,38.0,8.0,21.0,15.0,6.0,26.0,12.0,16.0,12.0,16.0,21.0,17.0,20.0,5.0,3.0,1.0,2.0,9.0,19.0,4.0,4.0,15.0,4.0,15.0,13.0,33.0,17.0,16.0,6.0,21.0,32.0,4.0,1.0,2.0,29.0,64.0,12.0,9.0,13.0,6.0,29.0,15.0,16.0,6.0,23.0,82.0,40.0,16.0,0.0,2.0,13.0,23.0,16.0,13.0,21.0,14.0,26.0,17.0,12.0,21.0,10.0,20.0,36.0,15.0,32.0,9.0,4.0,22.0,21.0,10.0,19.0,20.0,27.0,6.0,23.0,41.0,21.0,42.0,23.0,23.0,24.0,25.0,9.0,43.0,35.0,32.0,25.0,19.0,25.0,6.0,27.0,12.0,25.0,32.0,26.0,52.0,28.0,23.0,63.0,42.0,16.0,11.0,25.0,15.0,23.0,16.0,20.0,52.0,28.0,17.0,45.0,39.0,25.0,24.0,66.0,109.0,38.0,30.0,21.0,70.0,27.0,14.0,20.0,63.0,90.0,44.0,15.0,60.0
366,91.5,2.0,0.0,0.0,0.0,1.0,1.0,1.0,1.0,4.0,7.0,0.0,0.0,0.0,3.0,0.0,0.0,1.0,1.0,0.0,14.0,11.0,2.0,2.0,1.0,0.0,0.0,1.0,0.0,1.0,3.0,5.0,3.0,0.0,1.0,0.0,0.0,1.0,0.0,0.0,2.0,6.0,2.0,0.0,3.0,7.0,1.0,0.0,0.0,0.0,0.0,0.0,2.0,0.0,17.0,0.0,0.0,6.0,1.0,2.0,0.0,2.0,0.0,0.0,0.0,0.0,7.0,44.0,8.0,6.0,1.0,2.0,2.0,2.0,16.0,6.0,4.0,2.0,4.0,1.0,7.0,10.0,13.0,30.0,4.0,20.0,15.0,6.0,23.0,12.0,14.0,10.0,17.0,17.0,17.0,20.0,3.0,1.0,1.0,2.0,7.0,19.0,6.0,4.0,15.0,5.0,13.0,10.0,33.0,15.0,16.0,6.0,13.0,29.0,4.0,0.0,1.0,23.0,54.0,10.0,9.0,13.0,7.0,22.0,11.0,16.0,6.0,23.0,65.0,40.0,16.0,0.0,2.0,13.0,23.0,16.0,10.0,22.0,14.0,22.0,7.0,12.0,23.0,11.0,20.0,27.0,15.0,29.0,18.0,2.0,22.0,21.0,5.0,19.0,16.0,27.0,6.0,14.0,38.0,19.0,40.0,23.0,23.0,24.0,21.0,10.0,43.0,33.0,32.0,27.0,17.0,24.0,6.0,26.0,12.0,25.0,33.0,26.0,37.0,25.0,21.0,62.0,30.0,13.0,9.0,23.0,10.0,16.0,18.0,17.0,43.0,23.0,10.0,38.0,36.0,25.0,24.0,60.0,109.0,25.0,25.0,21.0,57.0,26.0,10.0,20.0,57.0,90.0,31.0,14.0,60.0
367,91.75,1.0,0.0,0.0,0.0,1.0,0.0,1.0,0.0,2.0,5.0,0.0,0.0,0.0,0.0,0.0,1.0,1.0,1.0,1.0,13.0,11.0,2.0,1.0,1.0,0.0,0.0,1.0,0.0,1.0,4.0,5.0,3.0,0.0,1.0,0.0,0.0,3.0,0.0,0.0,2.0,5.0,2.0,1.0,3.0,6.0,2.0,0.0,0.0,0.0,0.0,0.0,0.0,4.0,10.0,0.0,0.0,5.0,1.0,2.0,0.0,3.0,0.0,0.0,0.0,0.0,7.0,35.0,8.0,6.0,1.0,3.0,2.0,2.0,14.0,5.0,4.0,2.0,4.0,1.0,7.0,10.0,13.0,30.0,4.0,14.0,14.0,6.0,23.0,12.0,11.0,8.0,13.0,21.0,15.0,22.0,3.0,0.0,1.0,3.0,6.0,15.0,6.0,7.0,16.0,5.0,15.0,9.0,28.0,10.0,14.0,6.0,14.0,27.0,3.0,0.0,1.0,14.0,34.0,8.0,9.0,14.0,7.0,22.0,10.0,17.0,5.0,20.0,62.0,22.0,18.0,0.0,2.0,10.0,24.0,16.0,12.0,22.0,15.0,19.0,6.0,12.0,23.0,11.0,14.0,22.0,15.0,20.0,12.0,2.0,15.0,18.0,5.0,20.0,12.0,19.0,6.0,13.0,28.0,14.0,34.0,25.0,24.0,24.0,21.0,10.0,27.0,27.0,24.0,27.0,15.0,21.0,6.0,17.0,12.0,25.0,33.0,27.0,37.0,20.0,21.0,49.0,28.0,9.0,9.0,23.0,9.0,16.0,18.0,17.0,42.0,23.0,10.0,38.0,34.0,26.0,21.0,64.0,86.0,25.0,26.0,21.0,57.0,27.0,10.0,19.0,56.0,90.0,31.0,14.0,62.0
368,92.0,1.0,0.0,0.0,1.0,1.0,0.0,1.0,0.0,2.0,4.0,0.0,0.0,0.0,0.0,1.0,2.0,1.0,0.0,0.0,9.0,13.0,1.0,1.0,1.0,0.0,0.0,1.0,0.0,0.0,4.0,5.0,2.0,2.0,1.0,0.0,0.0,3.0,0.0,0.0,2.0,5.0,2.0,1.0,2.0,5.0,1.0,1.0,0.0,0.0,0.0,0.0,1.0,4.0,10.0,0.0,1.0,2.0,1.0,0.0,0.0,1.0,0.0,0.0,0.0,0.0,7.0,35.0,6.0,5.0,0.0,4.0,2.0,2.0,12.0,4.0,3.0,1.0,3.0,1.0,9.0,10.0,12.0,34.0,5.0,14.0,14.0,4.0,20.0,9.0,11.0,10.0,11.0,17.0,15.0,22.0,3.0,0.0,1.0,3.0,7.0,20.0,6.0,7.0,16.0,5.0,13.0,9.0,22.0,8.0,10.0,8.0,14.0,27.0,3.0,0.0,1.0,14.0,33.0,6.0,6.0,14.0,3.0,23.0,7.0,14.0,6.0,12.0,48.0,16.0,18.0,1.0,2.0,13.0,24.0,17.0,8.0,22.0,15.0,19.0,6.0,18.0,20.0,11.0,14.0,22.0,11.0,20.0,12.0,2.0,12.0,14.0,6.0,20.0,9.0,19.0,8.0,13.0,26.0,12.0,34.0,25.0,17.0,24.0,29.0,10.0,27.0,24.0,19.0,27.0,15.0,17.0,6.0,17.0,13.0,25.0,23.0,27.0,37.0,19.0,21.0,47.0,30.0,9.0,8.0,23.0,10.0,16.0,20.0,18.0,41.0,19.0,13.0,35.0,33.0,33.0,25.0,58.0,76.0,27.0,22.0,32.0,47.0,26.0,10.0,16.0,57.0,88.0,34.0,13.0,63.0
369,92.25,0.0,0.0,1.0,1.0,0.0,0.0,1.0,0.0,2.0,5.0,0.0,0.0,0.0,0.0,1.0,1.0,1.0,0.0,1.0,6.0,13.0,1.0,2.0,1.0,0.0,0.0,1.0,0.0,1.0,2.0,4.0,2.0,2.0,1.0,0.0,0.0,1.0,0.0,0.0,1.0,5.0,5.0,1.0,2.0,5.0,1.0,1.0,0.0,0.0,0.0,0.0,1.0,1.0,12.0,0.0,1.0,2.0,1.0,0.0,1.0,1.0,0.0,0.0,0.0,0.0,5.0,33.0,4.0,3.0,1.0,3.0,2.0,2.0,8.0,2.0,3.0,1.0,3.0,1.0,10.0,10.0,20.0,50.0,8.0,14.0,13.0,4.0,13.0,5.0,11.0,12.0,11.0,19.0,15.0,19.0,3.0,0.0,1.0,2.0,14.0,14.0,5.0,7.0,10.0,7.0,12.0,9.0,15.0,8.0,10.0,8.0,14.0,30.0,4.0,0.0,0.0,15.0,27.0,8.0,6.0,11.0,3.0,23.0,5.0,14.0,4.0,12.0,47.0,20.0,21.0,1.0,2.0,13.0,17.0,17.0,12.0,15.0,11.0,16.0,5.0,18.0,10.0,11.0,14.0,22.0,11.0,23.0,11.0,2.0,12.0,16.0,6.0,14.0,12.0,20.0,9.0,13.0,26.0,10.0,27.0,25.0,20.0,21.0,29.0,10.0,27.0,18.0,24.0,23.0,12.0,17.0,5.0,20.0,16.0,17.0,18.0,27.0,38.0,19.0,15.0,43.0,23.0,7.0,8.0,16.0,10.0,17.0,17.0,18.0,34.0,22.0,13.0,29.0,33.0,33.0,21.0,58.0,78.0,27.0,22.0,24.0,47.0,20.0,10.0,18.0,56.0,81.0,34.0,13.0,62.0
370,92.5,0.0,0.0,0.0,1.0,0.0,0.0,0.0,0.0,1.0,5.0,0.0,0.0,0.0,0.0,0.0,1.0,1.0,1.0,0.0,6.0,13.0,1.0,3.0,1.0,0.0,0.0,1.0,0.0,0.0,2.0,2.0,1.0,2.0,2.0,1.0,0.0,1.0,0.0,0.0,1.0,5.0,5.0,0.0,2.0,9.0,0.0,1.0,1.0,0.0,0.0,0.0,1.0,1.0,12.0,0.0,0.0,2.0,1.0,0.0,1.0,1.0,1.0,0.0,0.0,0.0,5.0,26.0,5.0,3.0,1.0,2.0,0.0,3.0,7.0,2.0,5.0,1.0,3.0,1.0,9.0,11.0,16.0,50.0,8.0,10.0,9.0,2.0,10.0,5.0,11.0,12.0,7.0,17.0,11.0,16.0,3.0,0.0,1.0,2.0,14.0,11.0,3.0,6.0,10.0,7.0,11.0,9.0,22.0,7.0,10.0,7.0,15.0,30.0,4.0,1.0,0.0,15.0,27.0,9.0,6.0,10.0,4.0,12.0,5.0,11.0,6.0,12.0,47.0,20.0,13.0,1.0,2.0,16.0,16.0,10.0,10.0,13.0,11.0,21.0,5.0,17.0,15.0,5.0,14.0,18.0,11.0,23.0,10.0,4.0,17.0,14.0,8.0,14.0,8.0,20.0,9.0,14.0,20.0,10.0,27.0,15.0,17.0,17.0,18.0,9.0,28.0,18.0,23.0,15.0,17.0,21.0,4.0,20.0,16.0,17.0,20.0,29.0,37.0,19.0,18.0,35.0,22.0,7.0,8.0,15.0,10.0,17.0,25.0,15.0,23.0,17.0,13.0,28.0,23.0,13.0,25.0,53.0,71.0,27.0,17.0,24.0,39.0,18.0,7.0,13.0,44.0,78.0,34.0,13.0,47.0
371,92.75,0.0,0.0,0.0,1.0,1.0,1.0,0.0,1.0,1.0,5.0,0.0,0.0,0.0,1.0,0.0,1.0,1.0,1.0,1.0,6.0,10.0,1.0,3.0,1.0,0.0,0.0,1.0,0.0,1.0,2.0,2.0,1.0,0.0,0.0,1.0,0.0,0.0,0.0,0.0,0.0,5.0,2.0,0.0,2.0,10.0,0.0,1.0,1.0,0.0,0.0,0.0,0.0,1.0,11.0,0.0,0.0,1.0,1.0,0.0,1.0,1.0,0.0,1.0,0.0,0.0,5.0,25.0,5.0,1.0,1.0,2.0,0.0,3.0,8.0,2.0,5.0,1.0,3.0,1.0,4.0,11.0,16.0,46.0,5.0,9.0,9.0,3.0,9.0,6.0,11.0,9.0,4.0,17.0,10.0,16.0,3.0,0.0,1.0,3.0,12.0,11.0,4.0,4.0,13.0,5.0,9.0,9.0,17.0,7.0,11.0,7.0,11.0,16.0,3.0,1.0,0.0,14.0,27.0,9.0,5.0,9.0,4.0,7.0,5.0,9.0,5.0,10.0,36.0,20.0,13.0,1.0,2.0,16.0,15.0,10.0,10.0,13.0,11.0,15.0,5.0,17.0,13.0,5.0,14.0,11.0,9.0,21.0,8.0,4.0,17.0,14.0,8.0,14.0,13.0,19.0,9.0,14.0,18.0,7.0,27.0,15.0,20.0,17.0,18.0,8.0,27.0,19.0,23.0,15.0,17.0,21.0,4.0,25.0,16.0,17.0,16.0,29.0,38.0,19.0,15.0,33.0,22.0,8.0,9.0,15.0,8.0,17.0,21.0,14.0,22.0,15.0,13.0,28.0,20.0,13.0,27.0,47.0,71.0,26.0,17.0,23.0,33.0,18.0,7.0,11.0,44.0,78.0,30.0,13.0,41.0
372,93.0,0.0,0.0,0.0,0.0,1.0,1.0,0.0,0.0,1.0,5.0,0.0,1.0,0.0,1.0,1.0,0.0,1.0,1.0,0.0,5.0,7.0,1.0,3.0,1.0,0.0,0.0,0.0,0.0,0.0,3.0,2.0,1.0,0.0,0.0,1.0,0.0,1.0,1.0,0.0,1.0,5.0,1.0,0.0,3.0,10.0,0.0,0.0,1.0,0.0,0.0,0.0,0.0,1.0,6.0,0.0,0.0,2.0,1.0,1.0,1.0,2.0,0.0,1.0,0.0,0.0,2.0,25.0,7.0,1.0,0.0,1.0,0.0,1.0,8.0,3.0,3.0,1.0,1.0,1.0,3.0,11.0,13.0,22.0,3.0,7.0,8.0,2.0,9.0,6.0,8.0,7.0,4.0,16.0,8.0,14.0,3.0,0.0,1.0,3.0,8.0,9.0,3.0,4.0,13.0,2.0,9.0,6.0,17.0,7.0,13.0,7.0,11.0,16.0,1.0,1.0,0.0,13.0,27.0,8.0,5.0,9.0,2.0,6.0,5.0,8.0,5.0,10.0,32.0,15.0,8.0,0.0,2.0,10.0,15.0,8.0,10.0,13.0,7.0,17.0,9.0,17.0,13.0,6.0,11.0,11.0,9.0,11.0,5.0,3.0,15.0,14.0,8.0,11.0,9.0,18.0,8.0,13.0,18.0,7.0,21.0,8.0,12.0,15.0,16.0,8.0,27.0,19.0,19.0,15.0,17.0,15.0,4.0,18.0,16.0,12.0,16.0,22.0,37.0,10.0,10.0,28.0,20.0,8.0,9.0,13.0,8.0,13.0,22.0,13.0,22.0,13.0,13.0,20.0,23.0,12.0,27.0,45.0,71.0,21.0,17.0,19.0,34.0,18.0,8.0,11.0,44.0,77.0,30.0,10.0,21.0
373,93.25,0.0,0.0,0.0,0.0,0.0,1.0,0.0,0.0,1.0,5.0,0.0,1.0,0.0,0.0,1.0,0.0,1.0,0.0,0.0,5.0,7.0,1.0,3.0,0.0,0.0,0.0,0.0,0.0,1.0,3.0,2.0,0.0,1.0,0.0,1.0,0.0,1.0,0.0,0.0,1.0,5.0,1.0,0.0,2.0,6.0,0.0,0.0,1.0,0.0,0.0,0.0,0.0,0.0,6.0,0.0,1.0,1.0,1.0,0.0,0.0,2.0,0.0,1.0,0.0,0.0,2.0,23.0,7.0,1.0,0.0,1.0,0.0,1.0,8.0,3.0,3.0,0.0,3.0,1.0,4.0,11.0,10.0,15.0,2.0,7.0,6.0,2.0,9.0,4.0,8.0,7.0,6.0,12.0,8.0,14.0,2.0,0.0,0.0,2.0,3.0,9.0,3.0,4.0,6.0,2.0,5.0,6.0,15.0,6.0,13.0,7.0,11.0,16.0,1.0,0.0,0.0,10.0,20.0,5.0,5.0,6.0,2.0,5.0,4.0,5.0,5.0,10.0,23.0,15.0,8.0,0.0,2.0,7.0,10.0,8.0,6.0,10.0,5.0,15.0,9.0,5.0,10.0,6.0,14.0,23.0,9.0,10.0,5.0,3.0,11.0,13.0,8.0,11.0,9.0,17.0,8.0,13.0,21.0,7.0,21.0,8.0,9.0,18.0,12.0,8.0,23.0,14.0,16.0,17.0,8.0,13.0,8.0,17.0,13.0,10.0,16.0,22.0,34.0,10.0,9.0,21.0,20.0,8.0,2.0,11.0,9.0,20.0,21.0,10.0,26.0,15.0,8.0,20.0,19.0,12.0,17.0,39.0,85.0,24.0,18.0,16.0,27.0,18.0,9.0,9.0,38.0,63.0,30.0,6.0,21.0
374,93.5,0.0,0.0,0.0,0.0,0.0,0.0,0.0,0.0,1.0,6.0,0.0,1.0,0.0,0.0,0.0,0.0,1.0,0.0,0.0,7.0,6.0,1.0,2.0,0.0,0.0,0.0,0.0,0.0,0.0,2.0,3.0,1.0,1.0,0.0,1.0,0.0,1.0,0.0,0.0,4.0,5.0,0.0,0.0,2.0,4.0,0.0,0.0,1.0,0.0,0.0,0.0,1.0,1.0,6.0,0.0,0.0,2.0,1.0,0.0,0.0,1.0,0.0,1.0,0.0,0.0,4.0,16.0,4.0,1.0,0.0,1.0,0.0,1.0,7.0,4.0,1.0,1.0,1.0,2.0,2.0,9.0,2.0,15.0,3.0,7.0,4.0,2.0,9.0,2.0,5.0,5.0,6.0,12.0,11.0,13.0,2.0,0.0,0.0,2.0,8.0,9.0,3.0,4.0,6.0,2.0,7.0,6.0,15.0,4.0,11.0,4.0,12.0,15.0,1.0,0.0,0.0,10.0,20.0,4.0,5.0,6.0,2.0,3.0,4.0,4.0,4.0,6.0,21.0,15.0,8.0,0.0,2.0,7.0,10.0,8.0,6.0,10.0,5.0,15.0,5.0,5.0,10.0,6.0,11.0,23.0,9.0,10.0,7.0,3.0,10.0,3.0,8.0,10.0,9.0,10.0,6.0,9.0,21.0,9.0,21.0,8.0,9.0,14.0,12.0,3.0,23.0,14.0,15.0,17.0,8.0,13.0,8.0,17.0,9.0,12.0,16.0,17.0,29.0,10.0,6.0,24.0,19.0,6.0,2.0,11.0,9.0,19.0,14.0,10.0,30.0,15.0,9.0,10.0,18.0,10.0,17.0,39.0,85.0,18.0,16.0,7.0,19.0,18.0,9.0,8.0,35.0,63.0,34.0,10.0,28.0
375,93.75,0.0,0.0,0.0,0.0,0.0,0.0,0.0,0.0,1.0,6.0,0.0,0.0,0.0,0.0,0.0,0.0,1.0,0.0,0.0,7.0,6.0,1.0,0.0,2.0,0.0,0.0,0.0,0.0,0.0,1.0,4.0,1.0,1.0,0.0,1.0,0.0,2.0,0.0,0.0,2.0,2.0,0.0,0.0,2.0,3.0,0.0,0.0,1.0,0.0,0.0,0.0,1.0,1.0,6.0,0.0,0.0,1.0,0.0,0.0,0.0,0.0,0.0,1.0,0.0,0.0,4.0,12.0,4.0,1.0,0.0,1.0,0.0,0.0,7.0,4.0,1.0,0.0,3.0,2.0,2.0,9.0,2.0,15.0,4.0,7.0,4.0,1.0,9.0,3.0,5.0,4.0,6.0,10.0,11.0,9.0,1.0,1.0,0.0,0.0,11.0,8.0,5.0,4.0,5.0,2.0,7.0,9.0,11.0,4.0,5.0,5.0,12.0,11.0,1.0,0.0,0.0,9.0,16.0,4.0,3.0,5.0,3.0,5.0,4.0,4.0,4.0,6.0,13.0,15.0,7.0,1.0,1.0,7.0,10.0,7.0,5.0,11.0,5.0,13.0,3.0,6.0,6.0,7.0,7.0,16.0,7.0,10.0,7.0,3.0,8.0,3.0,8.0,11.0,9.0,10.0,4.0,9.0,16.0,12.0,21.0,7.0,9.0,14.0,11.0,3.0,18.0,11.0,11.0,11.0,8.0,11.0,5.0,18.0,7.0,13.0,16.0,15.0,25.0,9.0,5.0,20.0,11.0,6.0,5.0,14.0,8.0,19.0,12.0,12.0,27.0,15.0,9.0,10.0,18.0,10.0,14.0,44.0,59.0,18.0,13.0,7.0,19.0,18.0,9.0,6.0,34.0,63.0,26.0,8.0,30.0
376,94.0,0.0,0.0,0.0,0.0,0.0,0.0,0.0,0.0,0.0,3.0,0.0,0.0,0.0,0.0,0.0,0.0,1.0,0.0,0.0,2.0,6.0,1.0,1.0,2.0,0.0,0.0,0.0,0.0,0.0,1.0,4.0,2.0,1.0,0.0,1.0,0.0,2.0,0.0,0.0,2.0,2.0,0.0,0.0,1.0,3.0,0.0,0.0,1.0,0.0,0.0,0.0,0.0,1.0,5.0,0.0,0.0,1.0,0.0,0.0,1.0,1.0,0.0,1.0,0.0,0.0,2.0,9.0,5.0,2.0,0.0,1.0,1.0,0.0,7.0,3.0,2.0,0.0,3.0,2.0,1.0,5.0,5.0,12.0,4.0,8.0,3.0,1.0,5.0,3.0,5.0,5.0,6.0,10.0,9.0,8.0,2.0,1.0,0.0,0.0,11.0,7.0,5.0,4.0,7.0,2.0,7.0,9.0,10.0,4.0,4.0,4.0,9.0,6.0,1.0,0.0,0.0,6.0,13.0,4.0,2.0,6.0,2.0,3.0,2.0,4.0,1.0,6.0,13.0,9.0,4.0,1.0,0.0,6.0,10.0,6.0,5.0,12.0,5.0,12.0,3.0,6.0,6.0,7.0,7.0,14.0,6.0,10.0,5.0,3.0,7.0,3.0,7.0,10.0,9.0,12.0,4.0,4.0,16.0,9.0,21.0,7.0,10.0,13.0,10.0,3.0,18.0,9.0,8.0,11.0,8.0,12.0,4.0,18.0,6.0,14.0,16.0,13.0,18.0,9.0,5.0,20.0,8.0,6.0,5.0,14.0,7.0,18.0,14.0,13.0,29.0,14.0,10.0,11.0,18.0,6.0,18.0,44.0,46.0,18.0,11.0,6.0,14.0,18.0,8.0,8.0,30.0,63.0,26.0,10.0,28.0
377,94.25,0.0,0.0,0.0,0.0,0.0,0.0,0.0,0.0,0.0,1.0,0.0,0.0,1.0,0.0,0.0,0.0,1.0,0.0,0.0,2.0,4.0,0.0,1.0,0.0,0.0,0.0,1.0,0.0,0.0,1.0,2.0,2.0,0.0,0.0,0.0,0.0,2.0,0.0,0.0,2.0,1.0,1.0,0.0,1.0,2.0,0.0,0.0,1.0,0.0,0.0,0.0,0.0,1.0,4.0,0.0,2.0,0.0,0.0,0.0,1.0,1.0,0.0,0.0,0.0,0.0,2.0,8.0,5.0,2.0,0.0,1.0,1.0,0.0,3.0,2.0,3.0,0.0,3.0,2.0,1.0,4.0,5.0,7.0,2.0,7.0,3.0,1.0,4.0,3.0,5.0,4.0,6.0,10.0,4.0,3.0,2.0,0.0,0.0,0.0,8.0,3.0,2.0,3.0,2.0,2.0,3.0,6.0,10.0,4.0,2.0,2.0,6.0,6.0,1.0,0.0,0.0,2.0,10.0,1.0,1.0,5.0,2.0,5.0,2.0,1.0,1.0,5.0,10.0,7.0,4.0,0.0,0.0,4.0,6.0,4.0,5.0,11.0,5.0,10.0,3.0,5.0,3.0,7.0,7.0,11.0,5.0,5.0,4.0,0.0,3.0,3.0,6.0,11.0,4.0,12.0,4.0,4.0,14.0,10.0,16.0,7.0,9.0,7.0,10.0,2.0,13.0,7.0,7.0,7.0,8.0,10.0,4.0,13.0,6.0,13.0,10.0,10.0,16.0,7.0,6.0,16.0,6.0,1.0,3.0,6.0,8.0,13.0,12.0,13.0,27.0,12.0,10.0,11.0,11.0,7.0,14.0,27.0,46.0,16.0,11.0,6.0,14.0,6.0,3.0,6.0,28.0,54.0,23.0,9.0,21.0
378,94.5,0.0,0.0,0.0,0.0,0.0,0.0,0.0,0.0,0.0,1.0,0.0,0.0,2.0,0.0,0.0,0.0,0.0,0.0,0.0,1.0,2.0,0.0,1.0,0.0,0.0,0.0,1.0,0.0,0.0,1.0,0.0,2.0,0.0,0.0,0.0,0.0,0.0,0.0,0.0,1.0,1.0,1.0,0.0,1.0,3.0,0.0,0.0,0.0,0.0,0.0,0.0,2.0,0.0,3.0,0.0,2.0,1.0,0.0,0.0,1.0,1.0,0.0,0.0,0.0,0.0,0.0,6.0,1.0,0.0,0.0,1.0,0.0,0.0,2.0,2.0,2.0,0.0,0.0,0.0,1.0,2.0,4.0,4.0,2.0,7.0,2.0,2.0,2.0,2.0,5.0,3.0,6.0,4.0,2.0,0.0,2.0,0.0,0.0,1.0,5.0,3.0,2.0,3.0,4.0,0.0,3.0,6.0,10.0,2.0,2.0,1.0,5.0,6.0,1.0,0.0,0.0,2.0,7.0,2.0,1.0,4.0,2.0,1.0,2.0,1.0,0.0,3.0,10.0,7.0,1.0,0.0,0.0,4.0,6.0,3.0,4.0,8.0,4.0,7.0,2.0,3.0,3.0,6.0,5.0,9.0,5.0,5.0,3.0,0.0,3.0,3.0,4.0,10.0,3.0,9.0,4.0,4.0,9.0,5.0,6.0,7.0,5.0,3.0,9.0,2.0,13.0,7.0,4.0,7.0,8.0,7.0,3.0,13.0,6.0,6.0,9.0,10.0,11.0,7.0,6.0,15.0,6.0,1.0,2.0,6.0,4.0,12.0,11.0,5.0,16.0,10.0,7.0,8.0,11.0,7.0,13.0,26.0,37.0,14.0,11.0,6.0,8.0,6.0,3.0,6.0,28.0,51.0,12.0,9.0,18.0
379,94.75,0.0,0.0,0.0,0.0,0.0,0.0,0.0,0.0,0.0,1.0,0.0,0.0,2.0,0.0,0.0,0.0,0.0,0.0,0.0,0.0,1.0,0.0,1.0,0.0,0.0,0.0,0.0,0.0,0.0,0.0,0.0,0.0,0.0,0.0,0.0,1.0,0.0,0.0,0.0,1.0,1.0,1.0,0.0,1.0,1.0,0.0,0.0,0.0,0.0,0.0,0.0,2.0,0.0,3.0,0.0,1.0,0.0,0.0,0.0,0.0,1.0,0.0,0.0,0.0,0.0,0.0,2.0,1.0,0.0,0.0,1.0,0.0,0.0,2.0,1.0,1.0,0.0,0.0,0.0,1.0,1.0,4.0,3.0,1.0,1.0,0.0,2.0,2.0,2.0,4.0,2.0,3.0,3.0,1.0,0.0,0.0,0.0,0.0,1.0,3.0,2.0,0.0,2.0,4.0,0.0,3.0,4.0,6.0,2.0,2.0,0.0,5.0,6.0,1.0,0.0,0.0,1.0,8.0,2.0,1.0,4.0,2.0,3.0,2.0,1.0,0.0,2.0,3.0,4.0,1.0,0.0,0.0,6.0,6.0,3.0,2.0,6.0,3.0,5.0,2.0,3.0,3.0,6.0,5.0,6.0,5.0,2.0,3.0,0.0,3.0,3.0,2.0,7.0,4.0,6.0,1.0,4.0,7.0,8.0,6.0,7.0,5.0,3.0,5.0,0.0,8.0,6.0,1.0,6.0,7.0,4.0,3.0,8.0,7.0,5.0,8.0,8.0,12.0,5.0,4.0,14.0,6.0,2.0,2.0,2.0,5.0,10.0,11.0,5.0,14.0,8.0,1.0,8.0,11.0,7.0,6.0,26.0,34.0,14.0,12.0,6.0,8.0,6.0,3.0,5.0,28.0,48.0,12.0,7.0,11.0
380,95.0,0.0,0.0,0.0,0.0,0.0,0.0,0.0,0.0,0.0,1.0,0.0,0.0,0.0,0.0,0.0,0.0,0.0,0.0,0.0,0.0,1.0,0.0,1.0,0.0,0.0,0.0,0.0,0.0,0.0,0.0,0.0,0.0,0.0,0.0,0.0,1.0,0.0,0.0,0.0,0.0,0.0,1.0,0.0,1.0,2.0,0.0,0.0,0.0,0.0,0.0,0.0,1.0,0.0,3.0,0.0,0.0,1.0,0.0,0.0,0.0,0.0,0.0,0.0,0.0,0.0,0.0,2.0,1.0,0.0,0.0,0.0,0.0,0.0,2.0,1.0,0.0,0.0,0.0,0.0,1.0,1.0,4.0,2.0,1.0,1.0,0.0,0.0,2.0,1.0,1.0,1.0,3.0,3.0,2.0,2.0,0.0,0.0,0.0,1.0,2.0,2.0,0.0,1.0,4.0,0.0,2.0,4.0,2.0,2.0,2.0,0.0,3.0,4.0,1.0,0.0,0.0,0.0,5.0,2.0,1.0,2.0,3.0,1.0,2.0,2.0,0.0,2.0,2.0,4.0,1.0,0.0,0.0,6.0,5.0,2.0,2.0,6.0,3.0,4.0,1.0,3.0,2.0,3.0,5.0,4.0,5.0,6.0,3.0,0.0,3.0,1.0,1.0,5.0,3.0,6.0,1.0,3.0,5.0,5.0,9.0,3.0,5.0,3.0,3.0,1.0,5.0,5.0,1.0,3.0,7.0,4.0,2.0,8.0,6.0,5.0,6.0,6.0,11.0,3.0,4.0,8.0,6.0,2.0,1.0,4.0,4.0,7.0,8.0,5.0,11.0,4.0,1.0,8.0,9.0,6.0,4.0,23.0,37.0,13.0,9.0,6.0,10.0,6.0,3.0,5.0,19.0,42.0,10.0,6.0,11.0
381,95.25,0.0,0.0,0.0,0.0,0.0,0.0,0.0,0.0,0.0,1.0,0.0,0.0,0.0,0.0,0.0,0.0,0.0,0.0,0.0,0.0,1.0,0.0,0.0,0.0,0.0,0.0,0.0,0.0,0.0,0.0,1.0,0.0,0.0,0.0,0.0,0.0,0.0,0.0,0.0,0.0,0.0,1.0,0.0,1.0,1.0,1.0,0.0,0.0,0.0,0.0,0.0,0.0,0.0,1.0,0.0,0.0,0.0,0.0,0.0,0.0,0.0,0.0,0.0,0.0,0.0,0.0,2.0,1.0,1.0,0.0,1.0,0.0,0.0,2.0,1.0,0.0,0.0,0.0,0.0,1.0,1.0,1.0,1.0,0.0,1.0,0.0,0.0,2.0,1.0,1.0,1.0,1.0,1.0,0.0,2.0,1.0,0.0,0.0,1.0,2.0,2.0,0.0,0.0,1.0,0.0,2.0,1.0,2.0,1.0,2.0,0.0,3.0,1.0,0.0,0.0,0.0,1.0,5.0,0.0,1.0,1.0,3.0,1.0,1.0,2.0,1.0,1.0,0.0,3.0,2.0,0.0,0.0,5.0,3.0,0.0,2.0,6.0,3.0,4.0,1.0,2.0,2.0,3.0,1.0,6.0,5.0,2.0,1.0,0.0,3.0,1.0,1.0,4.0,4.0,4.0,0.0,3.0,5.0,5.0,9.0,3.0,4.0,3.0,3.0,1.0,4.0,2.0,1.0,3.0,3.0,2.0,2.0,5.0,3.0,4.0,6.0,6.0,6.0,2.0,4.0,7.0,4.0,2.0,1.0,4.0,5.0,4.0,7.0,2.0,10.0,4.0,2.0,4.0,6.0,6.0,4.0,22.0,32.0,9.0,10.0,4.0,10.0,5.0,3.0,5.0,19.0,39.0,10.0,3.0,24.0
382,95.5,0.0,0.0,0.0,0.0,0.0,0.0,0.0,0.0,0.0,0.0,0.0,0.0,0.0,0.0,0.0,0.0,0.0,0.0,0.0,1.0,0.0,0.0,0.0,0.0,0.0,0.0,0.0,0.0,0.0,0.0,1.0,0.0,0.0,0.0,0.0,0.0,0.0,0.0,0.0,0.0,0.0,0.0,0.0,0.0,2.0,1.0,0.0,0.0,0.0,0.0,0.0,0.0,0.0,1.0,0.0,0.0,0.0,0.0,0.0,0.0,0.0,0.0,0.0,0.0,0.0,0.0,2.0,1.0,1.0,0.0,0.0,0.0,0.0,1.0,0.0,0.0,0.0,0.0,0.0,2.0,2.0,1.0,1.0,0.0,1.0,0.0,0.0,2.0,1.0,1.0,1.0,3.0,1.0,1.0,2.0,1.0,0.0,0.0,0.0,0.0,1.0,0.0,1.0,1.0,0.0,2.0,1.0,2.0,1.0,2.0,0.0,2.0,1.0,0.0,0.0,0.0,2.0,4.0,0.0,1.0,1.0,2.0,1.0,0.0,2.0,1.0,1.0,0.0,2.0,2.0,0.0,0.0,0.0,2.0,0.0,2.0,5.0,3.0,3.0,1.0,2.0,2.0,1.0,1.0,3.0,3.0,2.0,1.0,0.0,2.0,0.0,1.0,4.0,3.0,6.0,0.0,3.0,4.0,4.0,5.0,3.0,2.0,2.0,3.0,1.0,5.0,2.0,1.0,3.0,3.0,2.0,1.0,5.0,3.0,5.0,5.0,6.0,4.0,1.0,2.0,7.0,3.0,0.0,1.0,4.0,4.0,3.0,6.0,2.0,10.0,4.0,2.0,4.0,4.0,5.0,2.0,19.0,21.0,9.0,9.0,6.0,10.0,5.0,1.0,4.0,19.0,36.0,13.0,3.0,24.0
383,95.75,0.0,0.0,0.0,0.0,0.0,0.0,0.0,0.0,0.0,0.0,0.0,0.0,0.0,0.0,0.0,0.0,0.0,0.0,0.0,0.0,0.0,1.0,0.0,0.0,0.0,0.0,0.0,0.0,0.0,0.0,2.0,0.0,0.0,0.0,1.0,0.0,0.0,0.0,0.0,0.0,1.0,0.0,0.0,0.0,2.0,0.0,0.0,0.0,0.0,0.0,0.0,0.0,0.0,2.0,0.0,0.0,0.0,0.0,0.0,0.0,0.0,0.0,0.0,0.0,0.0,0.0,3.0,1.0,0.0,0.0,0.0,0.0,0.0,1.0,1.0,0.0,0.0,0.0,0.0,3.0,2.0,0.0,1.0,0.0,1.0,0.0,0.0,1.0,1.0,1.0,1.0,1.0,1.0,0.0,2.0,1.0,0.0,0.0,0.0,0.0,1.0,0.0,1.0,1.0,0.0,2.0,0.0,2.0,1.0,1.0,1.0,2.0,1.0,0.0,0.0,0.0,2.0,3.0,1.0,1.0,1.0,0.0,1.0,1.0,0.0,1.0,2.0,3.0,2.0,1.0,0.0,0.0,0.0,3.0,3.0,2.0,5.0,1.0,4.0,1.0,2.0,2.0,1.0,3.0,3.0,3.0,1.0,1.0,0.0,3.0,1.0,0.0,2.0,3.0,4.0,0.0,2.0,3.0,5.0,5.0,2.0,2.0,2.0,1.0,1.0,4.0,2.0,1.0,3.0,3.0,2.0,2.0,5.0,2.0,4.0,5.0,5.0,4.0,0.0,2.0,5.0,3.0,0.0,1.0,4.0,1.0,3.0,7.0,2.0,8.0,4.0,2.0,5.0,4.0,6.0,2.0,15.0,21.0,9.0,6.0,4.0,7.0,4.0,1.0,3.0,13.0,23.0,14.0,4.0,17.0
384,96.0,0.0,0.0,0.0,0.0,0.0,0.0,0.0,0.0,0.0,0.0,0.0,0.0,0.0,0.0,0.0,0.0,0.0,0.0,0.0,1.0,0.0,1.0,1.0,0.0,0.0,0.0,0.0,0.0,0.0,0.0,2.0,0.0,0.0,0.0,0.0,0.0,0.0,0.0,0.0,0.0,1.0,0.0,0.0,0.0,2.0,0.0,0.0,0.0,0.0,0.0,0.0,0.0,0.0,2.0,0.0,0.0,0.0,0.0,0.0,0.0,0.0,0.0,0.0,0.0,0.0,0.0,3.0,2.0,0.0,0.0,0.0,0.0,0.0,1.0,0.0,0.0,0.0,0.0,0.0,3.0,2.0,0.0,1.0,0.0,1.0,0.0,0.0,0.0,0.0,1.0,1.0,1.0,1.0,1.0,1.0,1.0,0.0,0.0,0.0,0.0,0.0,0.0,1.0,1.0,0.0,2.0,1.0,4.0,1.0,1.0,1.0,1.0,1.0,0.0,0.0,0.0,1.0,1.0,1.0,0.0,1.0,1.0,1.0,1.0,0.0,1.0,2.0,3.0,3.0,1.0,0.0,0.0,0.0,2.0,3.0,1.0,2.0,1.0,1.0,1.0,2.0,1.0,1.0,3.0,3.0,1.0,2.0,0.0,0.0,2.0,1.0,0.0,1.0,1.0,1.0,2.0,3.0,4.0,3.0,3.0,3.0,2.0,2.0,3.0,1.0,1.0,2.0,2.0,3.0,2.0,2.0,0.0,3.0,2.0,5.0,3.0,5.0,2.0,0.0,1.0,5.0,2.0,0.0,1.0,4.0,1.0,2.0,7.0,1.0,8.0,6.0,2.0,6.0,5.0,2.0,2.0,13.0,21.0,10.0,6.0,3.0,5.0,3.0,1.0,4.0,9.0,23.0,13.0,4.0,15.0
385,96.25,0.0,0.0,0.0,0.0,0.0,0.0,0.0,0.0,0.0,0.0,0.0,0.0,0.0,0.0,0.0,0.0,0.0,0.0,0.0,0.0,0.0,1.0,1.0,0.0,0.0,0.0,0.0,0.0,0.0,0.0,1.0,0.0,0.0,0.0,0.0,0.0,0.0,0.0,0.0,0.0,1.0,0.0,0.0,0.0,1.0,0.0,0.0,0.0,0.0,0.0,0.0,0.0,0.0,0.0,0.0,0.0,0.0,0.0,0.0,0.0,0.0,0.0,0.0,0.0,0.0,0.0,3.0,2.0,0.0,0.0,0.0,0.0,0.0,0.0,0.0,0.0,0.0,0.0,0.0,3.0,1.0,0.0,1.0,0.0,1.0,0.0,0.0,0.0,0.0,0.0,0.0,1.0,2.0,1.0,0.0,1.0,0.0,0.0,1.0,0.0,1.0,0.0,1.0,1.0,0.0,2.0,0.0,4.0,1.0,1.0,1.0,0.0,1.0,0.0,0.0,0.0,0.0,1.0,1.0,0.0,0.0,0.0,0.0,1.0,0.0,1.0,2.0,0.0,3.0,3.0,0.0,0.0,0.0,4.0,2.0,1.0,1.0,2.0,1.0,0.0,1.0,1.0,1.0,3.0,3.0,1.0,2.0,0.0,0.0,2.0,2.0,0.0,1.0,1.0,1.0,2.0,2.0,3.0,3.0,7.0,3.0,2.0,1.0,3.0,1.0,1.0,2.0,2.0,3.0,2.0,2.0,0.0,3.0,1.0,4.0,1.0,5.0,1.0,1.0,1.0,5.0,1.0,0.0,1.0,4.0,1.0,1.0,7.0,2.0,6.0,6.0,2.0,6.0,5.0,2.0,4.0,12.0,20.0,11.0,8.0,3.0,5.0,3.0,1.0,3.0,9.0,23.0,11.0,4.0,14.0
386,96.5,0.0,0.0,0.0,0.0,0.0,0.0,0.0,0.0,0.0,0.0,0.0,0.0,0.0,0.0,0.0,0.0,0.0,0.0,0.0,0.0,0.0,0.0,0.0,0.0,0.0,0.0,0.0,0.0,0.0,0.0,1.0,0.0,0.0,0.0,0.0,0.0,0.0,0.0,0.0,0.0,0.0,0.0,0.0,0.0,1.0,0.0,0.0,0.0,0.0,0.0,0.0,0.0,0.0,0.0,0.0,0.0,0.0,0.0,0.0,0.0,0.0,0.0,0.0,0.0,0.0,0.0,2.0,0.0,0.0,0.0,0.0,0.0,0.0,0.0,0.0,0.0,0.0,0.0,0.0,1.0,0.0,0.0,1.0,0.0,1.0,0.0,0.0,0.0,0.0,0.0,1.0,0.0,1.0,1.0,0.0,1.0,0.0,0.0,1.0,0.0,0.0,0.0,0.0,1.0,0.0,2.0,1.0,4.0,1.0,0.0,0.0,0.0,3.0,0.0,0.0,0.0,0.0,1.0,0.0,0.0,0.0,0.0,0.0,0.0,0.0,0.0,0.0,0.0,2.0,3.0,0.0,0.0,0.0,1.0,2.0,1.0,0.0,2.0,1.0,0.0,1.0,1.0,1.0,3.0,2.0,0.0,2.0,0.0,0.0,1.0,2.0,0.0,1.0,0.0,1.0,1.0,1.0,1.0,2.0,5.0,3.0,3.0,1.0,3.0,1.0,2.0,1.0,1.0,1.0,1.0,2.0,0.0,2.0,2.0,3.0,1.0,2.0,1.0,1.0,1.0,6.0,1.0,0.0,1.0,4.0,0.0,2.0,7.0,1.0,5.0,1.0,2.0,3.0,2.0,2.0,4.0,12.0,16.0,10.0,8.0,3.0,8.0,1.0,0.0,3.0,9.0,19.0,9.0,1.0,9.0
387,96.75,0.0,0.0,0.0,0.0,0.0,0.0,0.0,0.0,0.0,0.0,0.0,0.0,0.0,0.0,0.0,0.0,0.0,0.0,0.0,0.0,0.0,0.0,0.0,0.0,0.0,0.0,0.0,0.0,0.0,0.0,1.0,0.0,0.0,0.0,0.0,0.0,0.0,0.0,0.0,0.0,0.0,0.0,0.0,0.0,0.0,0.0,0.0,0.0,0.0,0.0,0.0,0.0,0.0,0.0,0.0,0.0,0.0,0.0,0.0,0.0,0.0,0.0,0.0,0.0,0.0,0.0,1.0,0.0,0.0,0.0,0.0,0.0,0.0,0.0,0.0,0.0,0.0,0.0,0.0,1.0,0.0,0.0,1.0,0.0,1.0,0.0,0.0,0.0,0.0,0.0,1.0,0.0,1.0,1.0,0.0,0.0,0.0,0.0,1.0,0.0,0.0,0.0,0.0,1.0,0.0,2.0,0.0,3.0,0.0,0.0,0.0,1.0,2.0,0.0,0.0,0.0,0.0,1.0,1.0,0.0,1.0,0.0,0.0,0.0,0.0,0.0,0.0,1.0,0.0,2.0,0.0,0.0,0.0,4.0,0.0,1.0,0.0,1.0,1.0,1.0,1.0,1.0,1.0,1.0,1.0,1.0,2.0,0.0,0.0,1.0,2.0,0.0,1.0,0.0,1.0,0.0,1.0,1.0,2.0,5.0,1.0,4.0,2.0,1.0,0.0,2.0,1.0,1.0,1.0,0.0,2.0,1.0,5.0,1.0,3.0,2.0,1.0,1.0,0.0,1.0,6.0,1.0,0.0,0.0,4.0,0.0,2.0,3.0,1.0,3.0,1.0,2.0,2.0,2.0,1.0,4.0,9.0,12.0,9.0,7.0,2.0,8.0,1.0,1.0,2.0,7.0,15.0,9.0,1.0,3.0
388,97.0,0.0,0.0,0.0,0.0,0.0,0.0,0.0,0.0,0.0,0.0,0.0,0.0,0.0,0.0,0.0,0.0,0.0,0.0,0.0,0.0,0.0,0.0,0.0,0.0,0.0,0.0,0.0,0.0,0.0,0.0,0.0,0.0,0.0,0.0,0.0,0.0,0.0,0.0,0.0,0.0,0.0,0.0,0.0,0.0,0.0,0.0,0.0,0.0,0.0,0.0,0.0,0.0,0.0,0.0,0.0,0.0,0.0,0.0,0.0,0.0,0.0,0.0,0.0,0.0,0.0,0.0,1.0,0.0,0.0,0.0,0.0,0.0,0.0,0.0,0.0,1.0,0.0,0.0,0.0,1.0,0.0,0.0,0.0,0.0,0.0,0.0,0.0,0.0,0.0,0.0,1.0,0.0,0.0,1.0,0.0,1.0,0.0,0.0,1.0,0.0,0.0,0.0,0.0,1.0,0.0,0.0,0.0,3.0,0.0,0.0,0.0,3.0,3.0,0.0,0.0,0.0,0.0,1.0,1.0,0.0,1.0,0.0,0.0,0.0,0.0,0.0,0.0,1.0,0.0,1.0,0.0,0.0,0.0,1.0,0.0,2.0,0.0,1.0,1.0,1.0,0.0,1.0,1.0,1.0,1.0,0.0,1.0,0.0,0.0,1.0,0.0,0.0,1.0,0.0,2.0,0.0,1.0,2.0,1.0,5.0,1.0,4.0,2.0,1.0,0.0,2.0,1.0,0.0,1.0,0.0,2.0,1.0,2.0,2.0,3.0,2.0,2.0,2.0,0.0,2.0,4.0,1.0,0.0,0.0,4.0,0.0,4.0,3.0,1.0,3.0,3.0,2.0,1.0,2.0,0.0,3.0,9.0,12.0,3.0,3.0,1.0,6.0,1.0,0.0,2.0,6.0,15.0,9.0,1.0,2.0
389,97.25,0.0,0.0,0.0,0.0,0.0,0.0,0.0,0.0,0.0,0.0,0.0,0.0,0.0,0.0,0.0,0.0,0.0,0.0,0.0,0.0,0.0,0.0,0.0,0.0,0.0,0.0,0.0,0.0,0.0,0.0,0.0,0.0,0.0,0.0,0.0,0.0,0.0,0.0,0.0,0.0,0.0,0.0,0.0,0.0,0.0,0.0,0.0,0.0,0.0,0.0,0.0,0.0,0.0,0.0,0.0,0.0,0.0,0.0,0.0,0.0,0.0,0.0,0.0,0.0,0.0,0.0,2.0,0.0,0.0,0.0,0.0,0.0,0.0,0.0,0.0,1.0,0.0,0.0,0.0,1.0,0.0,0.0,0.0,0.0,0.0,0.0,0.0,0.0,0.0,0.0,1.0,0.0,0.0,0.0,2.0,0.0,0.0,0.0,1.0,0.0,0.0,0.0,0.0,0.0,0.0,0.0,0.0,1.0,0.0,0.0,0.0,3.0,2.0,0.0,0.0,0.0,0.0,1.0,1.0,0.0,1.0,0.0,0.0,0.0,0.0,0.0,1.0,2.0,2.0,0.0,0.0,0.0,0.0,1.0,0.0,1.0,0.0,0.0,1.0,1.0,1.0,1.0,0.0,2.0,1.0,1.0,1.0,0.0,0.0,1.0,0.0,0.0,1.0,0.0,2.0,0.0,2.0,2.0,1.0,4.0,1.0,1.0,2.0,0.0,1.0,2.0,0.0,0.0,1.0,0.0,2.0,1.0,2.0,1.0,3.0,2.0,1.0,3.0,0.0,1.0,4.0,2.0,0.0,0.0,1.0,2.0,4.0,2.0,2.0,4.0,3.0,2.0,0.0,2.0,0.0,2.0,7.0,10.0,3.0,2.0,1.0,4.0,1.0,0.0,2.0,6.0,15.0,7.0,1.0,2.0
390,97.5,0.0,0.0,0.0,0.0,0.0,0.0,0.0,0.0,0.0,0.0,0.0,0.0,0.0,0.0,0.0,0.0,0.0,0.0,0.0,1.0,0.0,0.0,0.0,0.0,0.0,0.0,0.0,0.0,0.0,0.0,0.0,0.0,0.0,0.0,0.0,0.0,1.0,0.0,0.0,0.0,0.0,0.0,0.0,0.0,0.0,0.0,0.0,0.0,0.0,0.0,0.0,0.0,0.0,0.0,0.0,0.0,0.0,0.0,0.0,0.0,0.0,0.0,0.0,0.0,0.0,0.0,2.0,0.0,0.0,0.0,0.0,0.0,0.0,0.0,0.0,0.0,0.0,0.0,0.0,0.0,0.0,0.0,0.0,0.0,0.0,0.0,0.0,0.0,0.0,0.0,0.0,0.0,0.0,0.0,4.0,0.0,0.0,0.0,0.0,0.0,0.0,0.0,0.0,1.0,0.0,0.0,2.0,1.0,0.0,0.0,0.0,3.0,0.0,0.0,0.0,0.0,0.0,1.0,1.0,1.0,0.0,0.0,0.0,0.0,1.0,0.0,1.0,2.0,2.0,0.0,0.0,0.0,0.0,1.0,0.0,1.0,1.0,1.0,1.0,1.0,1.0,0.0,0.0,2.0,2.0,1.0,0.0,0.0,0.0,0.0,0.0,0.0,1.0,0.0,1.0,0.0,2.0,1.0,1.0,4.0,1.0,1.0,2.0,0.0,1.0,2.0,0.0,0.0,1.0,0.0,1.0,1.0,2.0,1.0,4.0,2.0,0.0,3.0,0.0,2.0,3.0,1.0,0.0,0.0,1.0,2.0,4.0,2.0,2.0,4.0,2.0,2.0,0.0,2.0,0.0,2.0,7.0,8.0,3.0,2.0,1.0,4.0,1.0,0.0,2.0,4.0,14.0,3.0,1.0,2.0
391,97.75,0.0,0.0,0.0,0.0,0.0,0.0,0.0,0.0,0.0,0.0,0.0,0.0,0.0,0.0,0.0,0.0,0.0,0.0,0.0,1.0,0.0,0.0,0.0,0.0,0.0,0.0,0.0,0.0,0.0,0.0,0.0,0.0,0.0,0.0,0.0,0.0,1.0,0.0,0.0,0.0,0.0,0.0,0.0,0.0,0.0,0.0,0.0,0.0,0.0,0.0,0.0,0.0,0.0,0.0,0.0,0.0,0.0,0.0,0.0,0.0,0.0,0.0,0.0,0.0,0.0,0.0,1.0,0.0,0.0,0.0,0.0,0.0,0.0,0.0,0.0,0.0,0.0,0.0,0.0,0.0,0.0,0.0,0.0,0.0,0.0,0.0,0.0,0.0,0.0,0.0,0.0,0.0,0.0,0.0,4.0,0.0,0.0,0.0,0.0,0.0,0.0,0.0,0.0,2.0,0.0,0.0,2.0,1.0,0.0,0.0,0.0,0.0,0.0,0.0,0.0,0.0,0.0,0.0,0.0,1.0,0.0,0.0,1.0,0.0,1.0,0.0,1.0,1.0,0.0,0.0,0.0,0.0,0.0,1.0,0.0,1.0,0.0,0.0,1.0,1.0,1.0,0.0,0.0,2.0,2.0,1.0,1.0,0.0,0.0,0.0,0.0,0.0,1.0,0.0,1.0,1.0,3.0,1.0,1.0,4.0,1.0,2.0,0.0,0.0,0.0,2.0,0.0,1.0,0.0,0.0,0.0,1.0,2.0,1.0,2.0,1.0,0.0,3.0,1.0,1.0,3.0,0.0,0.0,0.0,1.0,3.0,1.0,1.0,2.0,4.0,1.0,2.0,0.0,2.0,0.0,2.0,7.0,8.0,3.0,0.0,1.0,2.0,3.0,0.0,0.0,3.0,9.0,3.0,1.0,2.0
392,98.0,0.0,0.0,0.0,0.0,0.0,0.0,0.0,0.0,0.0,0.0,0.0,0.0,0.0,0.0,0.0,0.0,0.0,0.0,0.0,0.0,0.0,0.0,0.0,0.0,0.0,0.0,0.0,0.0,0.0,0.0,0.0,0.0,0.0,0.0,0.0,0.0,0.0,0.0,0.0,0.0,0.0,0.0,0.0,0.0,0.0,0.0,0.0,0.0,0.0,0.0,0.0,0.0,0.0,0.0,0.0,0.0,0.0,0.0,0.0,0.0,0.0,0.0,0.0,0.0,0.0,0.0,0.0,0.0,0.0,0.0,0.0,0.0,0.0,0.0,0.0,0.0,0.0,0.0,0.0,0.0,0.0,1.0,0.0,0.0,0.0,0.0,0.0,0.0,0.0,0.0,0.0,0.0,1.0,0.0,3.0,0.0,0.0,0.0,0.0,0.0,0.0,0.0,0.0,2.0,0.0,0.0,0.0,1.0,0.0,0.0,0.0,0.0,0.0,0.0,0.0,0.0,0.0,0.0,0.0,0.0,0.0,0.0,1.0,0.0,0.0,0.0,0.0,0.0,0.0,0.0,0.0,0.0,0.0,1.0,0.0,1.0,0.0,0.0,1.0,1.0,0.0,1.0,1.0,1.0,1.0,0.0,0.0,0.0,0.0,1.0,1.0,0.0,0.0,0.0,1.0,1.0,3.0,1.0,1.0,2.0,3.0,2.0,0.0,1.0,0.0,2.0,0.0,1.0,1.0,0.0,0.0,1.0,2.0,1.0,2.0,1.0,0.0,3.0,1.0,1.0,3.0,0.0,0.0,0.0,1.0,2.0,1.0,0.0,2.0,3.0,1.0,2.0,1.0,2.0,2.0,2.0,5.0,8.0,3.0,2.0,1.0,3.0,3.0,0.0,0.0,3.0,7.0,3.0,1.0,1.0
393,98.25,0.0,0.0,0.0,0.0,0.0,0.0,0.0,0.0,0.0,0.0,0.0,0.0,0.0,0.0,0.0,0.0,0.0,0.0,0.0,0.0,0.0,0.0,0.0,0.0,0.0,0.0,0.0,0.0,0.0,0.0,0.0,0.0,0.0,0.0,0.0,0.0,0.0,0.0,0.0,0.0,0.0,0.0,0.0,0.0,0.0,0.0,0.0,0.0,0.0,0.0,0.0,0.0,0.0,0.0,0.0,0.0,0.0,0.0,0.0,0.0,0.0,0.0,0.0,0.0,0.0,0.0,0.0,0.0,0.0,0.0,0.0,0.0,0.0,0.0,0.0,0.0,0.0,0.0,0.0,0.0,0.0,0.0,0.0,0.0,0.0,0.0,1.0,0.0,0.0,0.0,1.0,0.0,0.0,0.0,1.0,1.0,0.0,0.0,0.0,0.0,0.0,0.0,0.0,2.0,0.0,0.0,0.0,2.0,0.0,0.0,0.0,0.0,0.0,0.0,0.0,0.0,0.0,1.0,0.0,0.0,0.0,0.0,0.0,1.0,0.0,0.0,0.0,0.0,0.0,0.0,0.0,0.0,0.0,0.0,0.0,1.0,0.0,0.0,0.0,0.0,0.0,1.0,1.0,0.0,1.0,0.0,0.0,0.0,0.0,1.0,0.0,0.0,0.0,0.0,1.0,1.0,0.0,1.0,0.0,2.0,1.0,2.0,0.0,1.0,0.0,1.0,0.0,1.0,0.0,1.0,1.0,1.0,2.0,1.0,2.0,1.0,2.0,3.0,0.0,1.0,3.0,0.0,0.0,0.0,1.0,2.0,1.0,0.0,1.0,3.0,0.0,2.0,1.0,2.0,2.0,1.0,5.0,9.0,3.0,0.0,1.0,2.0,2.0,0.0,0.0,2.0,5.0,3.0,1.0,1.0
394,98.5,0.0,0.0,0.0,0.0,0.0,0.0,0.0,0.0,0.0,0.0,0.0,0.0,0.0,0.0,0.0,0.0,0.0,0.0,0.0,0.0,0.0,0.0,0.0,0.0,0.0,0.0,0.0,0.0,0.0,0.0,0.0,0.0,0.0,0.0,0.0,0.0,0.0,0.0,0.0,0.0,0.0,0.0,0.0,0.0,0.0,0.0,0.0,0.0,0.0,0.0,0.0,0.0,0.0,0.0,0.0,0.0,0.0,0.0,0.0,0.0,0.0,0.0,0.0,0.0,0.0,0.0,0.0,0.0,0.0,0.0,0.0,0.0,0.0,0.0,0.0,0.0,0.0,0.0,0.0,0.0,0.0,0.0,0.0,0.0,0.0,0.0,1.0,0.0,0.0,0.0,1.0,0.0,0.0,0.0,1.0,1.0,0.0,0.0,0.0,0.0,0.0,0.0,0.0,2.0,0.0,0.0,0.0,2.0,0.0,0.0,0.0,0.0,1.0,0.0,0.0,0.0,1.0,1.0,0.0,0.0,1.0,0.0,0.0,1.0,0.0,0.0,0.0,0.0,0.0,1.0,0.0,0.0,0.0,0.0,1.0,1.0,0.0,0.0,0.0,1.0,0.0,1.0,2.0,0.0,2.0,1.0,0.0,0.0,0.0,2.0,1.0,0.0,0.0,0.0,0.0,0.0,0.0,1.0,0.0,2.0,2.0,2.0,0.0,1.0,1.0,1.0,1.0,0.0,0.0,1.0,1.0,1.0,2.0,1.0,1.0,2.0,2.0,0.0,0.0,1.0,2.0,2.0,0.0,0.0,1.0,2.0,2.0,1.0,1.0,2.0,1.0,2.0,1.0,2.0,2.0,0.0,4.0,4.0,2.0,2.0,0.0,3.0,2.0,1.0,0.0,3.0,5.0,1.0,1.0,1.0
395,98.75,0.0,0.0,0.0,0.0,0.0,0.0,0.0,0.0,0.0,0.0,0.0,0.0,0.0,0.0,0.0,0.0,0.0,0.0,0.0,0.0,0.0,0.0,0.0,0.0,0.0,0.0,0.0,0.0,0.0,0.0,0.0,0.0,0.0,0.0,0.0,0.0,0.0,0.0,0.0,0.0,0.0,0.0,0.0,0.0,0.0,0.0,0.0,0.0,0.0,0.0,0.0,0.0,0.0,0.0,0.0,0.0,0.0,0.0,0.0,0.0,0.0,0.0,0.0,0.0,0.0,0.0,0.0,0.0,0.0,0.0,0.0,0.0,0.0,0.0,0.0,0.0,0.0,0.0,0.0,1.0,0.0,0.0,0.0,0.0,0.0,0.0,0.0,0.0,0.0,0.0,0.0,0.0,0.0,0.0,0.0,0.0,0.0,0.0,0.0,0.0,0.0,0.0,0.0,0.0,0.0,0.0,0.0,2.0,0.0,0.0,0.0,0.0,1.0,0.0,0.0,0.0,1.0,0.0,0.0,0.0,0.0,0.0,0.0,1.0,0.0,0.0,1.0,1.0,0.0,0.0,0.0,0.0,0.0,1.0,1.0,0.0,1.0,0.0,0.0,1.0,0.0,2.0,0.0,0.0,2.0,1.0,0.0,0.0,0.0,2.0,0.0,0.0,0.0,0.0,0.0,0.0,0.0,1.0,1.0,2.0,1.0,1.0,0.0,0.0,0.0,1.0,1.0,0.0,0.0,1.0,1.0,1.0,1.0,1.0,1.0,2.0,2.0,0.0,0.0,1.0,2.0,1.0,0.0,0.0,0.0,0.0,2.0,1.0,0.0,3.0,0.0,2.0,1.0,1.0,1.0,0.0,4.0,6.0,1.0,1.0,0.0,2.0,1.0,1.0,0.0,2.0,4.0,1.0,1.0,3.0
396,99.0,0.0,0.0,0.0,0.0,0.0,0.0,0.0,0.0,0.0,0.0,0.0,0.0,0.0,0.0,0.0,0.0,0.0,0.0,0.0,0.0,0.0,0.0,0.0,0.0,0.0,0.0,0.0,0.0,0.0,0.0,0.0,0.0,0.0,0.0,0.0,0.0,0.0,0.0,0.0,0.0,0.0,0.0,0.0,0.0,0.0,0.0,0.0,0.0,0.0,0.0,0.0,0.0,0.0,0.0,0.0,0.0,0.0,0.0,0.0,0.0,0.0,0.0,0.0,0.0,0.0,0.0,0.0,0.0,0.0,0.0,0.0,0.0,0.0,0.0,0.0,0.0,0.0,0.0,0.0,1.0,0.0,0.0,1.0,0.0,0.0,0.0,0.0,0.0,0.0,0.0,0.0,0.0,0.0,0.0,0.0,0.0,0.0,0.0,0.0,1.0,0.0,0.0,0.0,0.0,0.0,0.0,1.0,1.0,0.0,0.0,0.0,0.0,1.0,0.0,0.0,0.0,1.0,0.0,0.0,0.0,1.0,0.0,0.0,0.0,0.0,0.0,0.0,2.0,0.0,1.0,0.0,0.0,1.0,1.0,1.0,0.0,1.0,0.0,0.0,1.0,0.0,1.0,0.0,0.0,2.0,0.0,0.0,0.0,0.0,2.0,0.0,0.0,0.0,0.0,0.0,1.0,1.0,1.0,1.0,2.0,1.0,0.0,0.0,0.0,1.0,1.0,1.0,0.0,0.0,0.0,0.0,1.0,1.0,3.0,1.0,1.0,2.0,4.0,1.0,1.0,0.0,1.0,0.0,0.0,0.0,2.0,2.0,2.0,1.0,3.0,0.0,2.0,1.0,1.0,1.0,0.0,4.0,6.0,1.0,3.0,1.0,3.0,2.0,1.0,0.0,5.0,3.0,1.0,1.0,4.0
397,99.25,0.0,0.0,0.0,0.0,0.0,0.0,0.0,0.0,0.0,0.0,0.0,0.0,0.0,0.0,0.0,0.0,0.0,0.0,0.0,0.0,0.0,0.0,0.0,0.0,0.0,0.0,0.0,0.0,0.0,0.0,0.0,0.0,0.0,0.0,0.0,0.0,0.0,0.0,0.0,0.0,0.0,0.0,0.0,0.0,0.0,0.0,0.0,0.0,0.0,0.0,0.0,0.0,0.0,0.0,0.0,0.0,0.0,0.0,0.0,0.0,0.0,0.0,0.0,0.0,0.0,0.0,0.0,0.0,0.0,0.0,0.0,0.0,0.0,0.0,0.0,0.0,0.0,0.0,0.0,1.0,0.0,0.0,0.0,0.0,0.0,0.0,0.0,0.0,0.0,0.0,0.0,0.0,0.0,0.0,0.0,0.0,0.0,0.0,0.0,1.0,1.0,0.0,0.0,0.0,0.0,0.0,1.0,1.0,0.0,0.0,0.0,1.0,1.0,1.0,0.0,0.0,0.0,0.0,0.0,0.0,1.0,0.0,0.0,0.0,1.0,0.0,1.0,2.0,0.0,0.0,0.0,0.0,1.0,1.0,0.0,0.0,0.0,0.0,0.0,1.0,0.0,1.0,0.0,1.0,3.0,0.0,0.0,0.0,0.0,1.0,0.0,0.0,0.0,0.0,1.0,1.0,1.0,0.0,1.0,2.0,1.0,0.0,0.0,0.0,1.0,1.0,1.0,0.0,0.0,0.0,0.0,1.0,0.0,3.0,1.0,1.0,1.0,4.0,1.0,1.0,0.0,0.0,0.0,0.0,0.0,2.0,2.0,2.0,1.0,3.0,0.0,2.0,2.0,2.0,0.0,0.0,3.0,6.0,2.0,2.0,1.0,3.0,2.0,0.0,0.0,2.0,3.0,2.0,1.0,5.0
398,99.5,0.0,0.0,0.0,0.0,0.0,0.0,0.0,0.0,0.0,0.0,0.0,0.0,0.0,0.0,0.0,0.0,0.0,0.0,0.0,0.0,0.0,0.0,0.0,0.0,0.0,0.0,0.0,0.0,0.0,0.0,0.0,0.0,0.0,0.0,0.0,0.0,0.0,0.0,0.0,0.0,0.0,0.0,0.0,0.0,1.0,0.0,0.0,0.0,0.0,0.0,0.0,0.0,0.0,0.0,0.0,0.0,0.0,0.0,0.0,0.0,0.0,0.0,0.0,0.0,0.0,0.0,1.0,0.0,0.0,0.0,0.0,0.0,0.0,0.0,0.0,0.0,0.0,0.0,0.0,1.0,0.0,0.0,1.0,0.0,2.0,0.0,0.0,0.0,0.0,1.0,0.0,0.0,1.0,0.0,0.0,0.0,0.0,0.0,1.0,1.0,0.0,0.0,0.0,0.0,0.0,1.0,1.0,1.0,0.0,0.0,0.0,1.0,0.0,0.0,0.0,0.0,1.0,1.0,0.0,0.0,1.0,0.0,0.0,0.0,1.0,0.0,0.0,1.0,0.0,0.0,0.0,0.0,1.0,1.0,0.0,1.0,0.0,0.0,0.0,1.0,0.0,1.0,1.0,1.0,4.0,0.0,0.0,0.0,0.0,1.0,0.0,0.0,0.0,0.0,2.0,0.0,1.0,0.0,1.0,2.0,1.0,2.0,1.0,0.0,1.0,1.0,1.0,0.0,1.0,0.0,1.0,1.0,1.0,3.0,1.0,1.0,1.0,4.0,1.0,2.0,2.0,0.0,0.0,0.0,0.0,2.0,2.0,2.0,1.0,3.0,0.0,2.0,2.0,2.0,0.0,1.0,3.0,6.0,3.0,3.0,1.0,3.0,5.0,0.0,1.0,4.0,2.0,2.0,1.0,9.0
399,99.75,0.0,0.0,0.0,0.0,0.0,0.0,0.0,0.0,0.0,0.0,0.0,0.0,0.0,0.0,1.0,0.0,0.0,0.0,0.0,0.0,0.0,0.0,0.0,0.0,0.0,0.0,0.0,0.0,0.0,0.0,0.0,0.0,0.0,0.0,0.0,0.0,0.0,0.0,0.0,0.0,0.0,0.0,0.0,0.0,1.0,0.0,0.0,0.0,0.0,0.0,0.0,0.0,0.0,0.0,0.0,0.0,0.0,0.0,0.0,0.0,0.0,0.0,0.0,0.0,0.0,0.0,1.0,0.0,0.0,0.0,0.0,0.0,0.0,0.0,0.0,0.0,0.0,0.0,0.0,0.0,0.0,0.0,0.0,0.0,1.0,0.0,0.0,0.0,0.0,1.0,0.0,0.0,1.0,0.0,0.0,0.0,0.0,0.0,1.0,0.0,1.0,0.0,0.0,0.0,0.0,1.0,3.0,1.0,0.0,0.0,0.0,1.0,0.0,0.0,0.0,0.0,1.0,1.0,0.0,0.0,0.0,0.0,1.0,1.0,1.0,0.0,1.0,1.0,0.0,0.0,0.0,0.0,0.0,2.0,0.0,1.0,0.0,0.0,0.0,1.0,0.0,3.0,2.0,2.0,4.0,0.0,0.0,0.0,0.0,1.0,0.0,0.0,0.0,0.0,3.0,0.0,1.0,0.0,1.0,2.0,2.0,2.0,1.0,2.0,1.0,2.0,0.0,0.0,1.0,0.0,1.0,1.0,1.0,3.0,2.0,1.0,1.0,3.0,1.0,1.0,2.0,1.0,0.0,0.0,2.0,2.0,3.0,2.0,1.0,3.0,3.0,3.0,2.0,3.0,0.0,1.0,4.0,5.0,3.0,2.0,1.0,5.0,5.0,0.0,1.0,3.0,2.0,1.0,0.0,9.0
400,100.0,0.0,0.0,0.0,0.0,0.0,0.0,0.0,0.0,0.0,0.0,0.0,0.0,0.0,0.0,1.0,0.0,0.0,0.0,0.0,0.0,0.0,0.0,0.0,0.0,0.0,0.0,0.0,0.0,0.0,0.0,0.0,0.0,0.0,0.0,0.0,0.0,0.0,0.0,0.0,0.0,0.0,0.0,0.0,0.0,0.0,0.0,0.0,0.0,0.0,0.0,0.0,0.0,0.0,0.0,0.0,0.0,0.0,0.0,0.0,0.0,0.0,0.0,0.0,0.0,0.0,0.0,1.0,0.0,0.0,0.0,0.0,0.0,0.0,0.0,0.0,0.0,0.0,0.0,0.0,0.0,0.0,0.0,1.0,0.0,1.0,0.0,0.0,0.0,0.0,1.0,0.0,0.0,0.0,0.0,1.0,0.0,0.0,0.0,0.0,0.0,0.0,0.0,0.0,0.0,0.0,1.0,0.0,1.0,0.0,0.0,0.0,1.0,0.0,0.0,0.0,0.0,1.0,1.0,0.0,0.0,0.0,0.0,1.0,0.0,0.0,1.0,0.0,1.0,0.0,0.0,0.0,0.0,0.0,1.0,1.0,0.0,0.0,0.0,0.0,0.0,0.0,4.0,3.0,2.0,3.0,0.0,2.0,0.0,0.0,1.0,0.0,0.0,0.0,1.0,3.0,0.0,1.0,2.0,1.0,3.0,3.0,2.0,2.0,2.0,0.0,2.0,1.0,0.0,1.0,0.0,1.0,1.0,2.0,5.0,2.0,3.0,1.0,3.0,1.0,1.0,2.0,3.0,0.0,0.0,0.0,1.0,1.0,2.0,1.0,2.0,3.0,3.0,2.0,3.0,1.0,1.0,5.0,4.0,1.0,3.0,2.0,7.0,2.0,0.0,0.0,4.0,4.0,1.0,1.0,16.0
401,100.25,0.0,0.0,0.0,0.0,0.0,0.0,0.0,0.0,0.0,0.0,0.0,0.0,0.0,0.0,0.0,0.0,0.0,0.0,0.0,0.0,0.0,0.0,0.0,0.0,0.0,0.0,0.0,0.0,0.0,0.0,0.0,0.0,0.0,0.0,0.0,0.0,1.0,0.0,0.0,0.0,0.0,0.0,0.0,0.0,0.0,0.0,0.0,0.0,0.0,0.0,0.0,0.0,0.0,0.0,0.0,0.0,0.0,1.0,0.0,0.0,0.0,0.0,0.0,0.0,0.0,0.0,1.0,0.0,0.0,0.0,0.0,0.0,0.0,0.0,0.0,0.0,0.0,0.0,0.0,1.0,2.0,0.0,0.0,0.0,0.0,0.0,0.0,2.0,0.0,0.0,0.0,0.0,0.0,0.0,1.0,0.0,0.0,0.0,0.0,0.0,1.0,0.0,0.0,0.0,0.0,0.0,2.0,5.0,0.0,0.0,0.0,2.0,1.0,0.0,0.0,0.0,0.0,2.0,0.0,1.0,0.0,0.0,1.0,1.0,0.0,1.0,1.0,2.0,2.0,0.0,0.0,0.0,1.0,2.0,2.0,0.0,1.0,0.0,2.0,0.0,0.0,6.0,4.0,5.0,3.0,0.0,2.0,1.0,0.0,1.0,0.0,0.0,2.0,0.0,2.0,0.0,1.0,3.0,1.0,3.0,3.0,3.0,2.0,2.0,0.0,4.0,1.0,0.0,1.0,1.0,1.0,1.0,2.0,5.0,2.0,1.0,2.0,3.0,1.0,1.0,4.0,3.0,0.0,0.0,2.0,1.0,1.0,3.0,1.0,2.0,3.0,3.0,2.0,4.0,1.0,3.0,5.0,5.0,1.0,3.0,4.0,6.0,2.0,0.0,0.0,5.0,5.0,3.0,0.0,18.0
402,100.5,0.0,0.0,0.0,0.0,0.0,0.0,0.0,0.0,0.0,0.0,0.0,0.0,0.0,0.0,0.0,0.0,0.0,0.0,0.0,0.0,0.0,0.0,0.0,0.0,0.0,0.0,0.0,0.0,0.0,0.0,0.0,0.0,0.0,0.0,0.0,0.0,0.0,0.0,0.0,1.0,0.0,0.0,0.0,0.0,0.0,0.0,0.0,0.0,0.0,0.0,0.0,0.0,0.0,0.0,0.0,0.0,0.0,1.0,0.0,0.0,0.0,0.0,0.0,0.0,0.0,0.0,3.0,0.0,0.0,0.0,0.0,0.0,0.0,0.0,0.0,0.0,0.0,0.0,0.0,1.0,3.0,1.0,1.0,0.0,0.0,0.0,0.0,2.0,1.0,0.0,0.0,0.0,0.0,0.0,1.0,0.0,0.0,0.0,0.0,0.0,1.0,0.0,0.0,0.0,0.0,1.0,2.0,5.0,0.0,0.0,0.0,4.0,3.0,0.0,0.0,0.0,0.0,2.0,1.0,1.0,0.0,0.0,1.0,0.0,0.0,1.0,1.0,4.0,2.0,1.0,0.0,0.0,1.0,5.0,2.0,2.0,1.0,0.0,2.0,0.0,1.0,6.0,4.0,7.0,4.0,0.0,4.0,2.0,0.0,3.0,0.0,0.0,3.0,1.0,2.0,0.0,1.0,3.0,1.0,5.0,4.0,4.0,2.0,0.0,0.0,4.0,1.0,0.0,1.0,0.0,3.0,1.0,2.0,4.0,3.0,3.0,3.0,5.0,1.0,2.0,4.0,2.0,0.0,0.0,2.0,1.0,1.0,3.0,2.0,6.0,2.0,4.0,2.0,5.0,4.0,2.0,5.0,10.0,1.0,5.0,4.0,6.0,6.0,0.0,2.0,8.0,4.0,3.0,1.0,21.0
403,100.75,0.0,0.0,0.0,0.0,0.0,0.0,0.0,0.0,0.0,0.0,0.0,0.0,0.0,0.0,0.0,0.0,0.0,0.0,0.0,0.0,0.0,0.0,0.0,0.0,0.0,0.0,0.0,0.0,0.0,0.0,0.0,0.0,0.0,0.0,0.0,0.0,1.0,0.0,0.0,1.0,0.0,0.0,0.0,0.0,0.0,0.0,0.0,0.0,0.0,0.0,0.0,0.0,0.0,0.0,0.0,0.0,0.0,0.0,0.0,0.0,0.0,0.0,0.0,0.0,0.0,0.0,4.0,1.0,0.0,0.0,0.0,0.0,0.0,0.0,0.0,0.0,0.0,0.0,0.0,3.0,4.0,1.0,1.0,0.0,0.0,1.0,0.0,1.0,1.0,0.0,0.0,1.0,0.0,1.0,2.0,1.0,0.0,0.0,1.0,0.0,3.0,1.0,0.0,1.0,0.0,0.0,2.0,5.0,2.0,1.0,0.0,6.0,3.0,0.0,0.0,0.0,0.0,2.0,2.0,2.0,0.0,0.0,1.0,0.0,0.0,1.0,1.0,4.0,5.0,1.0,0.0,0.0,1.0,6.0,3.0,2.0,5.0,0.0,6.0,1.0,1.0,6.0,4.0,5.0,8.0,0.0,4.0,2.0,0.0,3.0,0.0,0.0,4.0,1.0,2.0,0.0,2.0,3.0,3.0,4.0,3.0,3.0,1.0,0.0,1.0,5.0,1.0,2.0,1.0,2.0,4.0,1.0,2.0,3.0,5.0,4.0,4.0,5.0,1.0,2.0,6.0,2.0,0.0,0.0,3.0,1.0,1.0,3.0,3.0,6.0,2.0,4.0,3.0,4.0,4.0,4.0,5.0,15.0,3.0,5.0,4.0,6.0,6.0,0.0,2.0,8.0,9.0,4.0,1.0,27.0
404,101.0,0.0,0.0,1.0,0.0,0.0,0.0,0.0,0.0,0.0,0.0,0.0,0.0,0.0,0.0,0.0,0.0,0.0,0.0,0.0,2.0,1.0,0.0,1.0,0.0,0.0,0.0,0.0,0.0,0.0,0.0,0.0,0.0,0.0,0.0,0.0,0.0,0.0,0.0,0.0,1.0,0.0,0.0,0.0,0.0,0.0,0.0,0.0,0.0,0.0,0.0,0.0,0.0,0.0,1.0,0.0,0.0,0.0,0.0,0.0,0.0,0.0,0.0,0.0,0.0,0.0,0.0,5.0,1.0,0.0,0.0,0.0,0.0,0.0,1.0,0.0,0.0,0.0,0.0,0.0,3.0,4.0,1.0,1.0,0.0,1.0,1.0,0.0,1.0,2.0,0.0,0.0,1.0,2.0,2.0,1.0,1.0,0.0,0.0,1.0,1.0,3.0,1.0,0.0,1.0,0.0,1.0,5.0,6.0,2.0,0.0,0.0,10.0,2.0,0.0,0.0,0.0,0.0,2.0,2.0,1.0,1.0,0.0,1.0,0.0,2.0,2.0,3.0,8.0,5.0,1.0,0.0,0.0,1.0,6.0,4.0,2.0,5.0,1.0,6.0,1.0,3.0,4.0,4.0,5.0,9.0,1.0,4.0,3.0,0.0,3.0,0.0,0.0,5.0,1.0,3.0,0.0,2.0,3.0,3.0,5.0,3.0,4.0,1.0,1.0,2.0,4.0,3.0,3.0,2.0,2.0,4.0,2.0,2.0,3.0,5.0,4.0,4.0,6.0,1.0,2.0,11.0,4.0,1.0,1.0,2.0,1.0,1.0,3.0,3.0,7.0,2.0,2.0,6.0,5.0,4.0,5.0,5.0,18.0,3.0,5.0,5.0,11.0,6.0,0.0,2.0,10.0,12.0,4.0,1.0,27.0
405,101.25,0.0,0.0,1.0,0.0,0.0,0.0,0.0,0.0,1.0,0.0,0.0,0.0,0.0,1.0,0.0,0.0,0.0,0.0,0.0,2.0,1.0,0.0,1.0,0.0,0.0,0.0,0.0,0.0,0.0,0.0,0.0,0.0,0.0,0.0,0.0,0.0,1.0,0.0,0.0,3.0,0.0,0.0,0.0,0.0,0.0,0.0,0.0,1.0,0.0,0.0,0.0,0.0,0.0,1.0,0.0,0.0,0.0,0.0,0.0,0.0,0.0,0.0,0.0,0.0,0.0,0.0,7.0,2.0,0.0,0.0,0.0,1.0,0.0,2.0,0.0,0.0,0.0,0.0,0.0,3.0,7.0,1.0,3.0,0.0,1.0,1.0,1.0,1.0,2.0,1.0,0.0,0.0,0.0,2.0,2.0,1.0,0.0,0.0,1.0,0.0,3.0,1.0,1.0,1.0,0.0,1.0,6.0,9.0,2.0,2.0,1.0,13.0,2.0,0.0,0.0,0.0,1.0,4.0,3.0,2.0,1.0,0.0,1.0,3.0,2.0,2.0,3.0,9.0,3.0,5.0,0.0,0.0,1.0,8.0,4.0,4.0,4.0,1.0,4.0,1.0,3.0,7.0,5.0,5.0,9.0,4.0,6.0,3.0,0.0,3.0,1.0,0.0,5.0,3.0,4.0,2.0,3.0,3.0,3.0,5.0,3.0,4.0,2.0,4.0,2.0,8.0,3.0,2.0,3.0,4.0,4.0,2.0,2.0,5.0,5.0,6.0,4.0,7.0,2.0,1.0,13.0,4.0,1.0,1.0,2.0,1.0,1.0,4.0,3.0,13.0,3.0,2.0,6.0,9.0,4.0,5.0,15.0,18.0,10.0,5.0,5.0,12.0,6.0,1.0,2.0,11.0,21.0,10.0,1.0,27.0
406,101.5,0.0,0.0,1.0,0.0,0.0,0.0,0.0,0.0,1.0,0.0,0.0,0.0,0.0,0.0,0.0,1.0,0.0,0.0,0.0,2.0,1.0,0.0,1.0,0.0,0.0,0.0,0.0,0.0,0.0,0.0,1.0,0.0,0.0,0.0,0.0,0.0,0.0,0.0,0.0,3.0,1.0,0.0,0.0,0.0,0.0,0.0,0.0,1.0,0.0,0.0,0.0,0.0,0.0,1.0,0.0,0.0,1.0,1.0,0.0,1.0,0.0,0.0,0.0,0.0,0.0,0.0,9.0,3.0,0.0,0.0,0.0,0.0,0.0,2.0,1.0,0.0,0.0,1.0,0.0,3.0,8.0,3.0,5.0,0.0,1.0,1.0,0.0,2.0,2.0,2.0,0.0,0.0,4.0,1.0,2.0,2.0,0.0,0.0,1.0,0.0,7.0,1.0,1.0,5.0,1.0,4.0,11.0,11.0,2.0,2.0,1.0,13.0,3.0,0.0,0.0,0.0,2.0,9.0,5.0,2.0,1.0,0.0,3.0,3.0,3.0,1.0,3.0,9.0,3.0,5.0,0.0,0.0,3.0,8.0,4.0,5.0,4.0,2.0,4.0,2.0,3.0,7.0,7.0,10.0,11.0,5.0,7.0,2.0,0.0,6.0,3.0,0.0,5.0,3.0,5.0,2.0,3.0,5.0,4.0,11.0,14.0,14.0,5.0,5.0,1.0,8.0,5.0,3.0,7.0,4.0,8.0,2.0,5.0,7.0,5.0,6.0,8.0,9.0,4.0,2.0,11.0,7.0,1.0,1.0,2.0,2.0,2.0,4.0,4.0,20.0,6.0,3.0,13.0,9.0,6.0,4.0,20.0,31.0,12.0,10.0,11.0,16.0,7.0,2.0,3.0,15.0,24.0,12.0,2.0,44.0
407,101.75,1.0,0.0,1.0,0.0,0.0,0.0,0.0,0.0,0.0,0.0,0.0,0.0,0.0,1.0,0.0,1.0,1.0,1.0,0.0,3.0,2.0,0.0,0.0,0.0,0.0,1.0,0.0,0.0,1.0,0.0,1.0,0.0,0.0,0.0,0.0,0.0,2.0,0.0,1.0,3.0,2.0,1.0,0.0,0.0,0.0,0.0,0.0,1.0,0.0,0.0,0.0,0.0,0.0,1.0,0.0,0.0,1.0,1.0,0.0,1.0,0.0,0.0,0.0,0.0,0.0,0.0,10.0,3.0,0.0,0.0,0.0,0.0,0.0,4.0,1.0,1.0,1.0,1.0,1.0,8.0,8.0,3.0,7.0,0.0,1.0,1.0,0.0,2.0,0.0,2.0,1.0,0.0,2.0,1.0,7.0,2.0,0.0,0.0,1.0,0.0,7.0,2.0,1.0,5.0,2.0,4.0,11.0,14.0,2.0,3.0,1.0,11.0,5.0,0.0,0.0,0.0,5.0,9.0,6.0,4.0,1.0,0.0,5.0,6.0,3.0,0.0,2.0,9.0,6.0,5.0,0.0,0.0,4.0,10.0,8.0,6.0,4.0,2.0,6.0,3.0,3.0,12.0,6.0,10.0,12.0,5.0,9.0,2.0,0.0,6.0,3.0,0.0,6.0,3.0,6.0,2.0,3.0,5.0,5.0,11.0,14.0,14.0,7.0,5.0,1.0,11.0,7.0,4.0,8.0,8.0,8.0,6.0,6.0,7.0,6.0,6.0,8.0,9.0,7.0,5.0,13.0,9.0,3.0,0.0,2.0,3.0,6.0,4.0,5.0,20.0,11.0,4.0,13.0,9.0,6.0,4.0,20.0,49.0,12.0,10.0,11.0,19.0,11.0,2.0,3.0,15.0,25.0,13.0,2.0,46.0
408,102.0,0.0,0.0,0.0,0.0,0.0,0.0,1.0,1.0,0.0,0.0,0.0,0.0,0.0,1.0,0.0,1.0,0.0,1.0,0.0,4.0,6.0,0.0,0.0,0.0,0.0,1.0,0.0,0.0,1.0,0.0,2.0,0.0,0.0,1.0,0.0,1.0,2.0,0.0,1.0,3.0,4.0,1.0,0.0,0.0,2.0,0.0,0.0,0.0,0.0,0.0,1.0,0.0,0.0,3.0,0.0,0.0,1.0,1.0,0.0,0.0,0.0,0.0,0.0,0.0,0.0,1.0,13.0,0.0,0.0,0.0,2.0,0.0,0.0,4.0,1.0,3.0,1.0,1.0,1.0,8.0,7.0,2.0,7.0,1.0,1.0,0.0,0.0,2.0,0.0,2.0,1.0,2.0,4.0,3.0,10.0,2.0,0.0,0.0,0.0,2.0,7.0,2.0,1.0,4.0,1.0,6.0,11.0,14.0,2.0,3.0,1.0,9.0,11.0,0.0,0.0,0.0,5.0,9.0,7.0,4.0,1.0,2.0,5.0,3.0,3.0,0.0,2.0,14.0,7.0,4.0,0.0,0.0,4.0,13.0,14.0,5.0,4.0,3.0,8.0,7.0,3.0,16.0,7.0,10.0,15.0,5.0,9.0,2.0,0.0,6.0,3.0,0.0,6.0,4.0,6.0,2.0,4.0,8.0,7.0,13.0,14.0,15.0,7.0,6.0,1.0,17.0,8.0,7.0,8.0,8.0,8.0,6.0,6.0,7.0,8.0,7.0,10.0,14.0,8.0,8.0,16.0,9.0,3.0,1.0,2.0,5.0,15.0,6.0,9.0,19.0,9.0,8.0,15.0,12.0,6.0,7.0,21.0,49.0,18.0,12.0,8.0,19.0,19.0,2.0,3.0,17.0,25.0,15.0,4.0,50.0
409,102.25,1.0,0.0,0.0,0.0,0.0,0.0,1.0,1.0,1.0,1.0,0.0,0.0,0.0,1.0,0.0,1.0,1.0,1.0,0.0,4.0,6.0,0.0,1.0,0.0,0.0,1.0,1.0,0.0,0.0,1.0,1.0,0.0,0.0,1.0,0.0,1.0,3.0,0.0,1.0,3.0,4.0,1.0,0.0,0.0,2.0,1.0,0.0,0.0,0.0,0.0,0.0,1.0,0.0,4.0,0.0,0.0,1.0,3.0,0.0,0.0,1.0,0.0,0.0,0.0,0.0,6.0,25.0,0.0,0.0,0.0,2.0,0.0,0.0,5.0,2.0,4.0,1.0,1.0,3.0,6.0,7.0,2.0,7.0,3.0,2.0,0.0,0.0,2.0,1.0,5.0,3.0,3.0,7.0,8.0,10.0,2.0,0.0,1.0,0.0,2.0,7.0,0.0,1.0,4.0,2.0,6.0,11.0,16.0,4.0,4.0,3.0,6.0,15.0,3.0,0.0,1.0,7.0,15.0,10.0,7.0,2.0,1.0,5.0,3.0,8.0,1.0,10.0,16.0,7.0,5.0,0.0,0.0,4.0,14.0,14.0,6.0,4.0,5.0,8.0,7.0,3.0,12.0,7.0,11.0,17.0,9.0,13.0,5.0,1.0,15.0,6.0,2.0,12.0,4.0,10.0,3.0,4.0,16.0,9.0,13.0,14.0,15.0,8.0,7.0,1.0,19.0,10.0,7.0,15.0,8.0,9.0,7.0,9.0,7.0,9.0,13.0,10.0,21.0,8.0,13.0,17.0,9.0,3.0,1.0,6.0,5.0,15.0,14.0,9.0,19.0,13.0,9.0,15.0,15.0,15.0,8.0,24.0,49.0,21.0,12.0,8.0,19.0,17.0,4.0,3.0,22.0,32.0,22.0,4.0,53.0
410,102.5,0.0,0.0,0.0,0.0,0.0,0.0,1.0,0.0,2.0,2.0,0.0,0.0,0.0,0.0,0.0,1.0,1.0,1.0,0.0,5.0,5.0,1.0,4.0,0.0,0.0,1.0,1.0,0.0,0.0,1.0,3.0,0.0,0.0,1.0,1.0,1.0,3.0,0.0,1.0,4.0,4.0,2.0,0.0,1.0,2.0,1.0,0.0,0.0,0.0,0.0,0.0,2.0,0.0,5.0,0.0,0.0,2.0,1.0,0.0,1.0,1.0,0.0,0.0,0.0,0.0,6.0,29.0,2.0,0.0,1.0,2.0,0.0,1.0,9.0,5.0,4.0,1.0,2.0,3.0,6.0,12.0,8.0,10.0,3.0,7.0,3.0,3.0,6.0,3.0,8.0,5.0,4.0,17.0,9.0,12.0,3.0,0.0,1.0,3.0,2.0,8.0,0.0,2.0,5.0,2.0,8.0,17.0,16.0,5.0,7.0,4.0,9.0,24.0,3.0,0.0,1.0,7.0,15.0,10.0,9.0,6.0,2.0,5.0,3.0,9.0,5.0,13.0,29.0,13.0,9.0,1.0,0.0,7.0,18.0,15.0,6.0,9.0,7.0,10.0,7.0,9.0,16.0,15.0,11.0,24.0,14.0,15.0,7.0,0.0,15.0,6.0,6.0,19.0,6.0,16.0,3.0,12.0,22.0,12.0,19.0,17.0,17.0,8.0,8.0,5.0,26.0,16.0,7.0,16.0,11.0,11.0,8.0,21.0,10.0,15.0,20.0,14.0,26.0,10.0,13.0,22.0,17.0,4.0,3.0,11.0,8.0,14.0,20.0,11.0,26.0,13.0,10.0,26.0,26.0,16.0,10.0,32.0,68.0,22.0,24.0,8.0,22.0,19.0,6.0,8.0,49.0,44.0,26.0,8.0,53.0
411,102.75,1.0,0.0,0.0,0.0,0.0,1.0,0.0,0.0,2.0,3.0,0.0,0.0,1.0,0.0,0.0,1.0,1.0,1.0,0.0,5.0,4.0,1.0,4.0,0.0,0.0,0.0,1.0,0.0,1.0,1.0,3.0,0.0,0.0,1.0,1.0,1.0,4.0,1.0,1.0,5.0,7.0,4.0,1.0,1.0,3.0,0.0,0.0,2.0,0.0,0.0,0.0,2.0,2.0,8.0,0.0,1.0,2.0,1.0,0.0,3.0,0.0,1.0,1.0,0.0,0.0,6.0,43.0,7.0,2.0,1.0,2.0,0.0,1.0,12.0,5.0,5.0,1.0,2.0,3.0,12.0,37.0,8.0,15.0,3.0,21.0,8.0,3.0,6.0,3.0,5.0,6.0,8.0,17.0,15.0,22.0,5.0,2.0,1.0,3.0,3.0,9.0,4.0,3.0,9.0,3.0,11.0,19.0,28.0,5.0,7.0,4.0,11.0,57.0,3.0,0.0,1.0,8.0,20.0,10.0,9.0,6.0,3.0,7.0,5.0,9.0,10.0,16.0,29.0,13.0,14.0,1.0,1.0,11.0,16.0,25.0,10.0,12.0,8.0,17.0,16.0,48.0,20.0,15.0,14.0,58.0,28.0,23.0,9.0,3.0,15.0,7.0,6.0,19.0,9.0,16.0,14.0,12.0,56.0,12.0,22.0,28.0,35.0,16.0,13.0,7.0,41.0,22.0,11.0,22.0,20.0,13.0,8.0,26.0,16.0,19.0,51.0,24.0,32.0,12.0,14.0,22.0,19.0,4.0,3.0,12.0,10.0,14.0,20.0,11.0,46.0,22.0,13.0,29.0,26.0,16.0,12.0,40.0,86.0,22.0,24.0,8.0,22.0,20.0,14.0,9.0,49.0,48.0,26.0,8.0,47.0
412,103.0,2.0,0.0,0.0,0.0,0.0,0.0,0.0,0.0,2.0,3.0,0.0,0.0,1.0,0.0,1.0,1.0,3.0,1.0,0.0,8.0,5.0,3.0,5.0,0.0,0.0,2.0,1.0,0.0,1.0,2.0,3.0,0.0,0.0,1.0,1.0,1.0,4.0,1.0,1.0,7.0,9.0,5.0,2.0,2.0,3.0,0.0,0.0,1.0,0.0,0.0,2.0,1.0,2.0,23.0,0.0,2.0,2.0,1.0,1.0,5.0,0.0,1.0,1.0,0.0,0.0,8.0,51.0,22.0,7.0,1.0,2.0,0.0,1.0,14.0,5.0,4.0,3.0,3.0,2.0,13.0,74.0,8.0,17.0,3.0,62.0,13.0,4.0,13.0,10.0,11.0,7.0,8.0,18.0,15.0,22.0,5.0,2.0,2.0,3.0,7.0,10.0,4.0,4.0,12.0,3.0,11.0,19.0,31.0,5.0,8.0,11.0,12.0,111.0,4.0,1.0,1.0,12.0,21.0,10.0,12.0,16.0,5.0,17.0,16.0,9.0,10.0,19.0,29.0,19.0,12.0,0.0,1.0,12.0,18.0,25.0,14.0,14.0,13.0,23.0,17.0,58.0,27.0,13.0,23.0,87.0,44.0,26.0,14.0,3.0,15.0,13.0,6.0,20.0,9.0,18.0,14.0,17.0,56.0,13.0,22.0,28.0,35.0,46.0,23.0,14.0,42.0,25.0,17.0,27.0,28.0,13.0,8.0,32.0,17.0,28.0,62.0,24.0,62.0,18.0,19.0,31.0,20.0,7.0,4.0,13.0,12.0,17.0,20.0,23.0,46.0,22.0,19.0,29.0,26.0,21.0,12.0,43.0,87.0,25.0,31.0,15.0,23.0,23.0,14.0,13.0,48.0,48.0,27.0,11.0,35.0
413,103.25,3.0,0.0,1.0,0.0,0.0,1.0,0.0,0.0,3.0,6.0,0.0,0.0,1.0,0.0,2.0,3.0,3.0,1.0,0.0,11.0,12.0,4.0,5.0,3.0,0.0,1.0,1.0,0.0,1.0,2.0,5.0,1.0,0.0,0.0,1.0,1.0,7.0,1.0,2.0,7.0,9.0,6.0,2.0,3.0,4.0,0.0,1.0,1.0,1.0,0.0,3.0,1.0,5.0,23.0,0.0,2.0,1.0,4.0,1.0,3.0,1.0,1.0,1.0,0.0,0.0,10.0,57.0,36.0,9.0,1.0,3.0,1.0,1.0,15.0,5.0,5.0,3.0,8.0,2.0,14.0,74.0,8.0,19.0,9.0,92.0,13.0,4.0,18.0,10.0,11.0,23.0,8.0,18.0,15.0,25.0,3.0,0.0,2.0,3.0,7.0,21.0,5.0,7.0,17.0,4.0,17.0,19.0,44.0,10.0,8.0,15.0,14.0,111.0,5.0,1.0,2.0,16.0,28.0,17.0,15.0,20.0,5.0,19.0,16.0,10.0,7.0,26.0,33.0,19.0,21.0,0.0,2.0,14.0,27.0,22.0,26.0,17.0,13.0,33.0,17.0,58.0,27.0,13.0,24.0,87.0,44.0,33.0,18.0,3.0,19.0,26.0,6.0,20.0,12.0,18.0,16.0,17.0,52.0,29.0,34.0,27.0,32.0,52.0,53.0,17.0,46.0,38.0,25.0,28.0,41.0,24.0,11.0,33.0,18.0,25.0,62.0,24.0,77.0,33.0,20.0,31.0,34.0,11.0,3.0,13.0,15.0,17.0,25.0,24.0,45.0,22.0,49.0,38.0,59.0,21.0,14.0,49.0,92.0,25.0,30.0,28.0,29.0,26.0,14.0,13.0,48.0,57.0,30.0,11.0,35.0
414,103.5,3.0,1.0,1.0,0.0,0.0,2.0,2.0,0.0,4.0,6.0,1.0,0.0,1.0,0.0,2.0,3.0,4.0,1.0,0.0,17.0,26.0,4.0,5.0,5.0,0.0,2.0,1.0,0.0,1.0,1.0,6.0,3.0,0.0,1.0,1.0,1.0,7.0,0.0,1.0,6.0,5.0,6.0,0.0,3.0,4.0,1.0,1.0,1.0,1.0,0.0,3.0,1.0,3.0,22.0,0.0,3.0,1.0,4.0,1.0,3.0,1.0,1.0,0.0,0.0,0.0,8.0,51.0,36.0,10.0,1.0,4.0,4.0,3.0,19.0,6.0,6.0,2.0,8.0,2.0,13.0,70.0,21.0,21.0,9.0,92.0,13.0,5.0,24.0,18.0,22.0,33.0,11.0,18.0,14.0,21.0,3.0,0.0,3.0,3.0,7.0,23.0,7.0,7.0,17.0,4.0,20.0,22.0,46.0,11.0,20.0,15.0,19.0,47.0,6.0,1.0,1.0,19.0,31.0,19.0,17.0,20.0,3.0,22.0,23.0,23.0,7.0,39.0,41.0,21.0,37.0,1.0,2.0,27.0,38.0,22.0,26.0,22.0,16.0,35.0,19.0,46.0,27.0,17.0,44.0,55.0,36.0,33.0,22.0,5.0,26.0,27.0,13.0,28.0,15.0,27.0,26.0,17.0,47.0,29.0,34.0,22.0,32.0,52.0,77.0,17.0,60.0,39.0,29.0,37.0,73.0,28.0,17.0,37.0,18.0,25.0,62.0,24.0,77.0,33.0,20.0,44.0,36.0,11.0,4.0,19.0,15.0,17.0,25.0,25.0,45.0,25.0,50.0,42.0,59.0,32.0,18.0,82.0,131.0,29.0,30.0,28.0,31.0,27.0,13.0,13.0,74.0,67.0,41.0,13.0,38.0
415,103.75,3.0,1.0,1.0,0.0,0.0,2.0,2.0,0.0,7.0,6.0,1.0,0.0,0.0,1.0,1.0,2.0,4.0,0.0,0.0,17.0,64.0,4.0,5.0,5.0,0.0,1.0,1.0,0.0,1.0,1.0,9.0,3.0,1.0,1.0,1.0,1.0,5.0,0.0,1.0,4.0,5.0,7.0,0.0,3.0,6.0,0.0,1.0,1.0,1.0,0.0,1.0,2.0,3.0,19.0,0.0,3.0,3.0,4.0,0.0,3.0,2.0,1.0,0.0,1.0,0.0,8.0,46.0,15.0,10.0,2.0,4.0,4.0,5.0,22.0,7.0,6.0,2.0,8.0,2.0,14.0,25.0,22.0,35.0,6.0,83.0,13.0,5.0,24.0,18.0,25.0,133.0,11.0,18.0,12.0,19.0,5.0,0.0,3.0,4.0,18.0,30.0,9.0,8.0,21.0,8.0,24.0,26.0,46.0,23.0,20.0,11.0,19.0,39.0,5.0,2.0,1.0,25.0,35.0,20.0,17.0,20.0,3.0,19.0,23.0,23.0,10.0,39.0,41.0,24.0,37.0,1.0,2.0,27.0,38.0,28.0,28.0,23.0,12.0,33.0,17.0,40.0,29.0,17.0,55.0,46.0,33.0,28.0,18.0,3.0,26.0,38.0,13.0,31.0,15.0,27.0,26.0,16.0,31.0,13.0,26.0,22.0,32.0,52.0,77.0,14.0,60.0,42.0,39.0,39.0,73.0,48.0,12.0,37.0,15.0,18.0,49.0,25.0,54.0,33.0,20.0,55.0,38.0,12.0,4.0,21.0,16.0,18.0,13.0,25.0,38.0,25.0,50.0,45.0,53.0,21.0,19.0,82.0,142.0,35.0,23.0,28.0,38.0,38.0,14.0,15.0,74.0,82.0,41.0,13.0,47.0
416,104.0,3.0,0.0,1.0,0.0,0.0,2.0,2.0,0.0,7.0,5.0,1.0,0.0,2.0,1.0,0.0,1.0,2.0,0.0,1.0,9.0,64.0,4.0,5.0,1.0,1.0,0.0,1.0,0.0,1.0,1.0,6.0,3.0,1.0,1.0,1.0,1.0,4.0,0.0,1.0,4.0,9.0,5.0,0.0,4.0,7.0,0.0,0.0,1.0,1.0,0.0,1.0,2.0,2.0,19.0,0.0,3.0,3.0,5.0,0.0,4.0,1.0,1.0,0.0,1.0,1.0,7.0,40.0,14.0,8.0,2.0,4.0,3.0,6.0,22.0,8.0,5.0,2.0,2.0,2.0,12.0,25.0,22.0,61.0,6.0,29.0,13.0,5.0,25.0,11.0,22.0,133.0,18.0,13.0,10.0,18.0,5.0,0.0,0.0,5.0,18.0,30.0,9.0,7.0,17.0,4.0,25.0,23.0,42.0,23.0,18.0,11.0,14.0,34.0,5.0,2.0,0.0,23.0,35.0,20.0,12.0,18.0,10.0,18.0,17.0,23.0,12.0,30.0,37.0,22.0,16.0,1.0,3.0,27.0,35.0,28.0,24.0,24.0,15.0,31.0,15.0,40.0,29.0,15.0,55.0,33.0,18.0,22.0,18.0,3.0,24.0,75.0,14.0,28.0,15.0,23.0,18.0,13.0,27.0,12.0,26.0,22.0,32.0,29.0,35.0,13.0,56.0,42.0,40.0,37.0,28.0,51.0,12.0,28.0,15.0,18.0,31.0,25.0,50.0,20.0,20.0,65.0,38.0,13.0,11.0,19.0,21.0,18.0,13.0,14.0,38.0,18.0,30.0,54.0,49.0,23.0,23.0,67.0,142.0,35.0,23.0,23.0,38.0,38.0,13.0,15.0,61.0,102.0,41.0,13.0,47.0
417,104.25,3.0,0.0,0.0,0.0,0.0,1.0,2.0,0.0,5.0,3.0,0.0,0.0,0.0,1.0,0.0,2.0,0.0,0.0,1.0,8.0,20.0,3.0,6.0,1.0,0.0,0.0,1.0,0.0,1.0,6.0,3.0,3.0,1.0,0.0,0.0,1.0,3.0,0.0,1.0,2.0,11.0,5.0,0.0,4.0,8.0,0.0,0.0,2.0,1.0,0.0,1.0,2.0,2.0,17.0,0.0,2.0,4.0,6.0,0.0,4.0,2.0,0.0,0.0,1.0,1.0,7.0,31.0,14.0,8.0,2.0,8.0,3.0,6.0,21.0,7.0,5.0,1.0,2.0,3.0,16.0,19.0,15.0,63.0,7.0,24.0,14.0,5.0,26.0,11.0,19.0,34.0,18.0,18.0,10.0,18.0,5.0,0.0,0.0,5.0,9.0,26.0,10.0,5.0,17.0,5.0,28.0,23.0,39.0,19.0,12.0,8.0,14.0,27.0,4.0,1.0,0.0,23.0,36.0,21.0,5.0,12.0,10.0,18.0,17.0,16.0,10.0,22.0,36.0,22.0,11.0,1.0,2.0,17.0,32.0,29.0,15.0,23.0,15.0,31.0,12.0,16.0,25.0,13.0,26.0,29.0,12.0,21.0,16.0,3.0,24.0,75.0,9.0,25.0,9.0,23.0,16.0,10.0,24.0,12.0,23.0,20.0,22.0,18.0,22.0,14.0,53.0,37.0,39.0,33.0,26.0,51.0,9.0,27.0,18.0,18.0,24.0,18.0,39.0,20.0,20.0,67.0,40.0,13.0,14.0,12.0,21.0,17.0,21.0,13.0,38.0,18.0,23.0,56.0,36.0,21.0,26.0,64.0,133.0,34.0,22.0,19.0,33.0,32.0,10.0,15.0,61.0,83.0,41.0,13.0,50.0
418,104.5,3.0,0.0,0.0,0.0,0.0,1.0,2.0,0.0,3.0,2.0,0.0,0.0,1.0,1.0,2.0,2.0,0.0,1.0,1.0,8.0,14.0,1.0,5.0,1.0,2.0,0.0,1.0,0.0,1.0,6.0,3.0,3.0,1.0,0.0,0.0,1.0,2.0,1.0,1.0,1.0,9.0,5.0,0.0,3.0,8.0,0.0,0.0,1.0,1.0,1.0,1.0,0.0,2.0,19.0,0.0,0.0,4.0,6.0,1.0,2.0,1.0,0.0,1.0,1.0,1.0,7.0,28.0,14.0,8.0,1.0,10.0,3.0,5.0,19.0,4.0,5.0,2.0,2.0,3.0,16.0,17.0,15.0,63.0,7.0,23.0,14.0,5.0,27.0,9.0,15.0,21.0,18.0,10.0,10.0,20.0,1.0,0.0,1.0,5.0,8.0,26.0,8.0,5.0,17.0,4.0,29.0,23.0,39.0,17.0,9.0,8.0,15.0,30.0,3.0,1.0,0.0,23.0,48.0,31.0,5.0,12.0,8.0,23.0,16.0,13.0,6.0,21.0,37.0,21.0,16.0,1.0,2.0,17.0,19.0,30.0,14.0,23.0,16.0,31.0,12.0,12.0,20.0,13.0,20.0,23.0,12.0,17.0,16.0,4.0,22.0,23.0,12.0,23.0,9.0,21.0,11.0,9.0,24.0,15.0,29.0,22.0,22.0,15.0,22.0,13.0,56.0,37.0,35.0,33.0,14.0,32.0,9.0,22.0,18.0,18.0,24.0,16.0,26.0,20.0,23.0,67.0,40.0,14.0,11.0,12.0,18.0,17.0,21.0,13.0,37.0,22.0,23.0,56.0,36.0,23.0,26.0,64.0,126.0,34.0,20.0,19.0,33.0,30.0,10.0,15.0,66.0,88.0,40.0,19.0,50.0
419,104.75,3.0,0.0,0.0,0.0,0.0,2.0,1.0,0.0,3.0,2.0,0.0,0.0,1.0,1.0,2.0,2.0,0.0,0.0,1.0,7.0,11.0,3.0,4.0,1.0,0.0,0.0,1.0,0.0,2.0,2.0,4.0,1.0,2.0,0.0,1.0,0.0,2.0,1.0,1.0,1.0,8.0,5.0,0.0,0.0,8.0,1.0,0.0,1.0,1.0,1.0,1.0,0.0,2.0,19.0,0.0,0.0,5.0,6.0,1.0,1.0,1.0,0.0,1.0,0.0,0.0,6.0,28.0,14.0,5.0,0.0,12.0,3.0,3.0,14.0,4.0,4.0,2.0,5.0,2.0,16.0,13.0,17.0,31.0,7.0,20.0,36.0,5.0,27.0,9.0,19.0,11.0,7.0,13.0,10.0,20.0,1.0,0.0,1.0,3.0,7.0,26.0,11.0,7.0,21.0,4.0,33.0,19.0,37.0,8.0,9.0,8.0,15.0,27.0,3.0,0.0,0.0,16.0,48.0,31.0,5.0,13.0,8.0,32.0,16.0,10.0,6.0,22.0,36.0,17.0,11.0,0.0,1.0,14.0,19.0,29.0,15.0,22.0,16.0,28.0,17.0,12.0,24.0,13.0,26.0,23.0,12.0,12.0,11.0,4.0,16.0,23.0,8.0,22.0,14.0,23.0,11.0,10.0,24.0,15.0,26.0,20.0,17.0,15.0,22.0,11.0,51.0,38.0,35.0,33.0,14.0,29.0,9.0,22.0,16.0,21.0,24.0,15.0,36.0,20.0,23.0,45.0,40.0,13.0,7.0,13.0,15.0,16.0,16.0,13.0,31.0,22.0,23.0,51.0,34.0,24.0,21.0,64.0,93.0,28.0,21.0,19.0,37.0,26.0,10.0,16.0,66.0,83.0,40.0,14.0,37.0
420,105.0,2.0,0.0,0.0,0.0,0.0,2.0,0.0,0.0,4.0,2.0,0.0,0.0,1.0,2.0,1.0,0.0,3.0,0.0,0.0,12.0,9.0,3.0,3.0,1.0,1.0,0.0,1.0,0.0,2.0,1.0,4.0,1.0,2.0,1.0,1.0,0.0,3.0,1.0,0.0,3.0,8.0,5.0,0.0,0.0,8.0,1.0,1.0,1.0,0.0,0.0,1.0,0.0,2.0,20.0,0.0,3.0,3.0,5.0,1.0,1.0,1.0,0.0,1.0,0.0,0.0,3.0,34.0,11.0,5.0,0.0,12.0,3.0,3.0,14.0,4.0,4.0,2.0,5.0,2.0,16.0,11.0,17.0,24.0,5.0,15.0,36.0,5.0,25.0,5.0,10.0,11.0,7.0,13.0,11.0,15.0,1.0,0.0,1.0,2.0,8.0,34.0,8.0,7.0,21.0,4.0,33.0,17.0,32.0,5.0,9.0,6.0,15.0,23.0,2.0,0.0,0.0,23.0,47.0,23.0,9.0,13.0,9.0,32.0,16.0,8.0,6.0,16.0,37.0,19.0,10.0,0.0,1.0,14.0,20.0,26.0,17.0,23.0,15.0,28.0,17.0,12.0,18.0,13.0,14.0,28.0,11.0,11.0,9.0,4.0,15.0,27.0,11.0,23.0,14.0,25.0,21.0,13.0,25.0,15.0,26.0,22.0,15.0,14.0,22.0,6.0,45.0,40.0,35.0,26.0,22.0,22.0,11.0,22.0,16.0,26.0,29.0,13.0,31.0,10.0,22.0,33.0,28.0,13.0,5.0,16.0,12.0,13.0,12.0,13.0,37.0,16.0,14.0,36.0,32.0,24.0,21.0,62.0,89.0,32.0,21.0,20.0,41.0,19.0,8.0,15.0,59.0,75.0,34.0,14.0,37.0
421,105.25,2.0,0.0,0.0,0.0,1.0,2.0,0.0,0.0,6.0,3.0,1.0,1.0,1.0,2.0,0.0,0.0,3.0,0.0,0.0,12.0,5.0,3.0,3.0,1.0,0.0,0.0,1.0,0.0,1.0,1.0,4.0,1.0,2.0,0.0,1.0,1.0,3.0,1.0,0.0,3.0,8.0,6.0,1.0,0.0,5.0,1.0,0.0,2.0,0.0,0.0,1.0,0.0,0.0,19.0,0.0,4.0,6.0,4.0,2.0,3.0,2.0,0.0,0.0,0.0,0.0,3.0,34.0,9.0,6.0,2.0,4.0,2.0,2.0,12.0,4.0,4.0,2.0,3.0,2.0,16.0,8.0,17.0,18.0,4.0,15.0,13.0,2.0,23.0,5.0,10.0,15.0,7.0,14.0,10.0,15.0,2.0,0.0,1.0,0.0,7.0,34.0,7.0,5.0,14.0,4.0,23.0,16.0,32.0,5.0,8.0,7.0,15.0,21.0,2.0,0.0,0.0,21.0,47.0,18.0,7.0,13.0,9.0,30.0,13.0,10.0,6.0,25.0,38.0,16.0,7.0,0.0,1.0,12.0,25.0,19.0,17.0,23.0,15.0,28.0,15.0,9.0,13.0,12.0,19.0,28.0,11.0,12.0,9.0,2.0,15.0,27.0,9.0,23.0,12.0,32.0,21.0,13.0,31.0,14.0,26.0,20.0,15.0,14.0,23.0,6.0,44.0,38.0,29.0,26.0,22.0,22.0,8.0,22.0,16.0,21.0,29.0,15.0,31.0,10.0,18.0,33.0,28.0,8.0,5.0,16.0,12.0,13.0,15.0,14.0,38.0,16.0,14.0,33.0,32.0,24.0,21.0,67.0,85.0,32.0,25.0,20.0,41.0,26.0,8.0,15.0,56.0,75.0,30.0,12.0,47.0
422,105.5,2.0,0.0,0.0,0.0,0.0,2.0,0.0,0.0,6.0,3.0,1.0,1.0,1.0,1.0,0.0,1.0,1.0,0.0,2.0,12.0,5.0,3.0,3.0,2.0,0.0,0.0,1.0,0.0,1.0,1.0,4.0,2.0,1.0,1.0,1.0,1.0,2.0,0.0,0.0,2.0,5.0,6.0,1.0,5.0,4.0,0.0,0.0,2.0,0.0,0.0,1.0,0.0,0.0,17.0,0.0,5.0,5.0,4.0,2.0,3.0,2.0,0.0,1.0,0.0,0.0,3.0,33.0,11.0,6.0,2.0,4.0,3.0,2.0,17.0,5.0,3.0,1.0,2.0,3.0,12.0,11.0,14.0,18.0,2.0,18.0,9.0,2.0,21.0,4.0,10.0,15.0,7.0,14.0,9.0,20.0,2.0,0.0,0.0,0.0,5.0,11.0,6.0,5.0,14.0,8.0,23.0,16.0,37.0,5.0,8.0,7.0,14.0,23.0,1.0,0.0,1.0,21.0,47.0,12.0,9.0,12.0,8.0,24.0,7.0,8.0,6.0,25.0,55.0,19.0,10.0,0.0,1.0,11.0,25.0,19.0,18.0,23.0,15.0,23.0,12.0,9.0,13.0,12.0,14.0,28.0,9.0,28.0,8.0,2.0,16.0,14.0,9.0,23.0,10.0,32.0,21.0,13.0,27.0,14.0,36.0,20.0,15.0,14.0,21.0,8.0,45.0,32.0,28.0,44.0,22.0,25.0,8.0,22.0,13.0,25.0,22.0,18.0,29.0,13.0,15.0,48.0,30.0,8.0,5.0,16.0,12.0,15.0,15.0,14.0,45.0,15.0,14.0,34.0,31.0,21.0,21.0,67.0,85.0,32.0,25.0,23.0,46.0,19.0,9.0,15.0,56.0,86.0,30.0,12.0,47.0
423,105.75,1.0,0.0,0.0,2.0,1.0,2.0,0.0,0.0,6.0,1.0,1.0,0.0,1.0,1.0,0.0,1.0,1.0,0.0,2.0,10.0,5.0,1.0,4.0,1.0,0.0,0.0,1.0,0.0,0.0,1.0,7.0,2.0,1.0,1.0,1.0,1.0,2.0,0.0,0.0,2.0,5.0,10.0,1.0,1.0,4.0,0.0,0.0,0.0,0.0,0.0,1.0,0.0,0.0,13.0,0.0,5.0,6.0,3.0,2.0,3.0,0.0,0.0,0.0,0.0,0.0,3.0,26.0,11.0,6.0,1.0,5.0,1.0,2.0,15.0,6.0,3.0,1.0,3.0,3.0,11.0,8.0,14.0,20.0,2.0,18.0,9.0,2.0,21.0,5.0,10.0,7.0,7.0,13.0,8.0,20.0,2.0,0.0,0.0,1.0,5.0,11.0,6.0,5.0,20.0,8.0,21.0,18.0,37.0,5.0,8.0,9.0,13.0,21.0,1.0,0.0,1.0,20.0,42.0,12.0,11.0,12.0,8.0,24.0,7.0,5.0,6.0,29.0,55.0,18.0,13.0,0.0,0.0,11.0,24.0,19.0,17.0,24.0,18.0,31.0,12.0,15.0,13.0,12.0,15.0,29.0,9.0,28.0,9.0,2.0,16.0,14.0,8.0,23.0,10.0,29.0,13.0,10.0,31.0,13.0,36.0,17.0,20.0,16.0,21.0,8.0,47.0,29.0,26.0,44.0,21.0,25.0,8.0,22.0,13.0,20.0,22.0,18.0,29.0,13.0,15.0,48.0,30.0,7.0,5.0,18.0,14.0,18.0,15.0,14.0,45.0,16.0,18.0,34.0,32.0,21.0,15.0,69.0,99.0,34.0,15.0,23.0,47.0,17.0,9.0,11.0,56.0,106.0,36.0,12.0,47.0
424,106.0,1.0,0.0,0.0,2.0,1.0,2.0,0.0,0.0,4.0,1.0,1.0,0.0,0.0,1.0,1.0,0.0,0.0,0.0,1.0,9.0,6.0,1.0,6.0,1.0,0.0,0.0,0.0,0.0,0.0,2.0,4.0,3.0,1.0,2.0,1.0,0.0,4.0,0.0,0.0,3.0,8.0,7.0,1.0,1.0,6.0,1.0,0.0,0.0,0.0,0.0,1.0,0.0,0.0,13.0,0.0,2.0,6.0,3.0,2.0,2.0,0.0,0.0,0.0,0.0,0.0,3.0,26.0,11.0,4.0,1.0,5.0,1.0,2.0,15.0,6.0,3.0,1.0,1.0,3.0,10.0,11.0,12.0,25.0,3.0,16.0,12.0,2.0,21.0,5.0,16.0,7.0,7.0,10.0,8.0,19.0,2.0,0.0,0.0,3.0,6.0,11.0,5.0,5.0,20.0,7.0,22.0,18.0,27.0,5.0,8.0,9.0,13.0,32.0,1.0,1.0,1.0,19.0,42.0,13.0,12.0,29.0,10.0,26.0,11.0,5.0,5.0,29.0,57.0,22.0,13.0,0.0,0.0,10.0,24.0,19.0,17.0,31.0,34.0,23.0,12.0,15.0,13.0,14.0,15.0,27.0,12.0,20.0,8.0,1.0,12.0,14.0,4.0,25.0,10.0,28.0,8.0,10.0,27.0,14.0,37.0,14.0,15.0,16.0,18.0,8.0,52.0,21.0,22.0,25.0,21.0,35.0,9.0,25.0,13.0,17.0,22.0,16.0,32.0,13.0,12.0,48.0,33.0,7.0,4.0,18.0,16.0,18.0,18.0,15.0,45.0,16.0,19.0,34.0,31.0,20.0,15.0,69.0,99.0,32.0,15.0,23.0,48.0,17.0,13.0,13.0,49.0,106.0,37.0,15.0,51.0
425,106.25,1.0,0.0,1.0,0.0,1.0,1.0,1.0,1.0,6.0,2.0,1.0,0.0,0.0,1.0,1.0,0.0,0.0,0.0,1.0,9.0,5.0,1.0,6.0,1.0,0.0,0.0,0.0,0.0,0.0,2.0,5.0,3.0,1.0,1.0,2.0,0.0,4.0,0.0,0.0,3.0,8.0,7.0,2.0,1.0,6.0,1.0,0.0,0.0,0.0,0.0,0.0,0.0,0.0,17.0,0.0,2.0,6.0,3.0,1.0,2.0,0.0,0.0,0.0,1.0,0.0,4.0,26.0,9.0,4.0,1.0,5.0,1.0,2.0,15.0,6.0,3.0,0.0,2.0,0.0,10.0,7.0,12.0,25.0,3.0,16.0,12.0,3.0,21.0,8.0,10.0,10.0,8.0,10.0,8.0,19.0,2.0,0.0,1.0,3.0,6.0,11.0,6.0,4.0,20.0,5.0,22.0,17.0,27.0,6.0,9.0,7.0,16.0,32.0,2.0,1.0,1.0,19.0,40.0,13.0,12.0,29.0,10.0,26.0,11.0,9.0,6.0,29.0,60.0,20.0,10.0,0.0,0.0,10.0,23.0,20.0,17.0,33.0,41.0,23.0,12.0,12.0,13.0,16.0,18.0,27.0,13.0,19.0,7.0,1.0,12.0,14.0,4.0,28.0,11.0,26.0,10.0,10.0,31.0,14.0,37.0,13.0,23.0,12.0,18.0,9.0,47.0,29.0,22.0,25.0,21.0,32.0,9.0,25.0,18.0,17.0,16.0,15.0,32.0,13.0,16.0,44.0,33.0,10.0,4.0,18.0,17.0,19.0,18.0,15.0,44.0,16.0,19.0,32.0,32.0,25.0,18.0,62.0,89.0,33.0,13.0,17.0,54.0,20.0,13.0,12.0,49.0,91.0,38.0,15.0,51.0
426,106.5,1.0,0.0,1.0,0.0,2.0,2.0,1.0,1.0,4.0,3.0,1.0,0.0,0.0,1.0,1.0,0.0,1.0,1.0,0.0,8.0,6.0,1.0,6.0,1.0,1.0,0.0,0.0,0.0,0.0,3.0,5.0,3.0,2.0,1.0,1.0,0.0,2.0,1.0,0.0,1.0,6.0,7.0,1.0,1.0,7.0,1.0,0.0,0.0,0.0,0.0,0.0,0.0,0.0,17.0,0.0,5.0,4.0,2.0,0.0,1.0,1.0,1.0,0.0,1.0,0.0,4.0,29.0,9.0,1.0,1.0,6.0,2.0,2.0,15.0,6.0,5.0,0.0,1.0,0.0,10.0,15.0,12.0,20.0,3.0,19.0,12.0,2.0,19.0,10.0,13.0,10.0,8.0,11.0,9.0,19.0,2.0,0.0,1.0,4.0,7.0,13.0,6.0,4.0,19.0,5.0,22.0,17.0,38.0,6.0,7.0,7.0,17.0,32.0,3.0,1.0,1.0,19.0,48.0,12.0,9.0,20.0,6.0,32.0,13.0,16.0,5.0,27.0,60.0,23.0,10.0,0.0,0.0,9.0,23.0,19.0,16.0,31.0,41.0,23.0,12.0,12.0,13.0,20.0,19.0,27.0,12.0,18.0,7.0,1.0,17.0,14.0,4.0,35.0,12.0,23.0,10.0,13.0,34.0,14.0,42.0,14.0,19.0,12.0,25.0,9.0,41.0,29.0,24.0,26.0,28.0,32.0,9.0,25.0,17.0,20.0,16.0,16.0,30.0,19.0,16.0,45.0,30.0,10.0,6.0,19.0,17.0,19.0,17.0,13.0,42.0,14.0,14.0,30.0,30.0,25.0,19.0,59.0,89.0,33.0,20.0,17.0,54.0,22.0,13.0,13.0,50.0,91.0,42.0,15.0,52.0
427,106.75,1.0,1.0,1.0,0.0,1.0,2.0,1.0,1.0,3.0,4.0,1.0,0.0,0.0,1.0,1.0,0.0,1.0,0.0,0.0,7.0,4.0,2.0,6.0,1.0,1.0,0.0,0.0,0.0,0.0,3.0,5.0,2.0,2.0,1.0,1.0,1.0,2.0,0.0,0.0,1.0,6.0,7.0,1.0,1.0,7.0,1.0,0.0,0.0,0.0,0.0,0.0,1.0,0.0,17.0,0.0,5.0,4.0,2.0,0.0,1.0,0.0,1.0,0.0,0.0,0.0,5.0,41.0,9.0,1.0,1.0,6.0,2.0,2.0,14.0,7.0,3.0,1.0,2.0,1.0,9.0,7.0,12.0,17.0,4.0,19.0,8.0,3.0,19.0,8.0,13.0,12.0,8.0,14.0,7.0,20.0,2.0,0.0,1.0,4.0,6.0,13.0,6.0,5.0,19.0,4.0,27.0,21.0,40.0,5.0,8.0,11.0,22.0,29.0,3.0,1.0,1.0,19.0,53.0,9.0,9.0,19.0,6.0,31.0,16.0,17.0,6.0,21.0,72.0,24.0,11.0,0.0,0.0,10.0,23.0,19.0,17.0,27.0,23.0,19.0,13.0,14.0,13.0,16.0,19.0,27.0,13.0,19.0,6.0,2.0,17.0,14.0,4.0,35.0,13.0,25.0,10.0,15.0,38.0,15.0,42.0,18.0,19.0,18.0,25.0,9.0,41.0,29.0,30.0,42.0,29.0,32.0,9.0,22.0,18.0,20.0,30.0,16.0,30.0,19.0,17.0,45.0,30.0,8.0,6.0,23.0,17.0,19.0,17.0,11.0,40.0,14.0,14.0,32.0,28.0,25.0,23.0,62.0,91.0,33.0,20.0,21.0,61.0,22.0,10.0,16.0,61.0,95.0,47.0,17.0,52.0
428,107.0,2.0,1.0,0.0,0.0,1.0,2.0,0.0,0.0,2.0,6.0,0.0,1.0,0.0,2.0,0.0,0.0,1.0,0.0,1.0,7.0,6.0,1.0,6.0,0.0,0.0,0.0,1.0,0.0,2.0,3.0,4.0,2.0,1.0,1.0,1.0,1.0,2.0,0.0,0.0,1.0,8.0,6.0,1.0,2.0,7.0,1.0,0.0,1.0,0.0,0.0,0.0,1.0,0.0,15.0,0.0,4.0,4.0,2.0,1.0,1.0,0.0,0.0,0.0,0.0,0.0,4.0,41.0,8.0,1.0,1.0,6.0,2.0,2.0,11.0,7.0,4.0,1.0,3.0,3.0,9.0,15.0,10.0,17.0,6.0,19.0,14.0,4.0,19.0,8.0,15.0,14.0,9.0,13.0,10.0,20.0,2.0,1.0,0.0,4.0,6.0,13.0,6.0,5.0,17.0,4.0,28.0,21.0,45.0,5.0,8.0,11.0,22.0,29.0,4.0,0.0,1.0,21.0,57.0,9.0,9.0,18.0,7.0,39.0,16.0,17.0,4.0,19.0,78.0,24.0,12.0,0.0,0.0,11.0,23.0,16.0,12.0,27.0,16.0,23.0,13.0,15.0,19.0,18.0,19.0,26.0,10.0,17.0,7.0,2.0,20.0,14.0,4.0,29.0,17.0,25.0,11.0,13.0,38.0,15.0,45.0,18.0,17.0,21.0,28.0,10.0,51.0,31.0,30.0,42.0,29.0,36.0,12.0,27.0,17.0,22.0,31.0,18.0,36.0,12.0,17.0,52.0,31.0,8.0,8.0,27.0,13.0,23.0,18.0,11.0,40.0,16.0,19.0,37.0,28.0,31.0,27.0,71.0,91.0,42.0,23.0,32.0,65.0,24.0,9.0,16.0,61.0,95.0,47.0,18.0,52.0
429,107.25,2.0,0.0,0.0,0.0,1.0,2.0,0.0,0.0,2.0,6.0,0.0,1.0,0.0,1.0,1.0,0.0,2.0,0.0,1.0,7.0,6.0,4.0,6.0,1.0,0.0,1.0,2.0,0.0,1.0,1.0,3.0,2.0,1.0,1.0,1.0,3.0,2.0,0.0,0.0,1.0,8.0,6.0,1.0,2.0,7.0,0.0,0.0,1.0,0.0,0.0,0.0,0.0,1.0,16.0,0.0,4.0,4.0,4.0,1.0,1.0,0.0,0.0,0.0,0.0,0.0,5.0,44.0,8.0,2.0,1.0,5.0,1.0,2.0,11.0,8.0,4.0,0.0,3.0,4.0,9.0,15.0,13.0,19.0,6.0,21.0,14.0,4.0,21.0,8.0,16.0,14.0,8.0,14.0,12.0,30.0,2.0,1.0,0.0,6.0,6.0,14.0,5.0,6.0,17.0,5.0,29.0,21.0,45.0,9.0,8.0,7.0,20.0,29.0,4.0,1.0,2.0,24.0,60.0,9.0,6.0,14.0,7.0,40.0,13.0,17.0,8.0,17.0,86.0,28.0,13.0,0.0,0.0,11.0,20.0,19.0,16.0,30.0,16.0,23.0,14.0,16.0,19.0,14.0,19.0,26.0,15.0,17.0,13.0,1.0,19.0,14.0,6.0,29.0,17.0,25.0,12.0,15.0,38.0,15.0,58.0,26.0,17.0,23.0,28.0,8.0,57.0,38.0,38.0,46.0,29.0,36.0,12.0,23.0,17.0,22.0,32.0,18.0,38.0,12.0,19.0,53.0,31.0,12.0,8.0,29.0,13.0,24.0,22.0,18.0,54.0,16.0,25.0,38.0,43.0,26.0,32.0,78.0,91.0,42.0,32.0,23.0,70.0,32.0,9.0,16.0,56.0,87.0,50.0,18.0,51.0
430,107.5,2.0,0.0,0.0,0.0,3.0,3.0,1.0,0.0,2.0,3.0,0.0,1.0,0.0,1.0,1.0,0.0,2.0,0.0,1.0,15.0,6.0,0.0,4.0,1.0,0.0,0.0,2.0,0.0,1.0,1.0,3.0,4.0,1.0,2.0,0.0,3.0,2.0,0.0,0.0,1.0,10.0,7.0,1.0,2.0,3.0,0.0,0.0,1.0,0.0,1.0,0.0,0.0,1.0,16.0,0.0,4.0,4.0,4.0,0.0,2.0,0.0,1.0,0.0,0.0,0.0,5.0,41.0,10.0,4.0,1.0,5.0,1.0,2.0,14.0,8.0,4.0,0.0,4.0,4.0,10.0,16.0,10.0,26.0,7.0,21.0,15.0,4.0,29.0,14.0,15.0,14.0,12.0,13.0,12.0,32.0,3.0,1.0,0.0,3.0,6.0,14.0,5.0,6.0,18.0,7.0,29.0,21.0,51.0,9.0,12.0,6.0,20.0,29.0,2.0,1.0,2.0,24.0,73.0,9.0,10.0,14.0,7.0,47.0,13.0,22.0,9.0,17.0,79.0,32.0,13.0,0.0,1.0,11.0,20.0,26.0,14.0,30.0,15.0,30.0,16.0,16.0,19.0,12.0,24.0,28.0,15.0,17.0,16.0,1.0,23.0,19.0,7.0,29.0,17.0,32.0,14.0,12.0,37.0,15.0,58.0,21.0,21.0,23.0,31.0,8.0,61.0,38.0,29.0,49.0,29.0,36.0,15.0,26.0,16.0,22.0,35.0,27.0,40.0,14.0,20.0,53.0,34.0,15.0,9.0,29.0,14.0,24.0,22.0,20.0,54.0,18.0,25.0,44.0,44.0,29.0,32.0,83.0,101.0,42.0,35.0,32.0,65.0,34.0,11.0,15.0,56.0,87.0,50.0,18.0,51.0
431,107.75,2.0,0.0,1.0,0.0,3.0,3.0,1.0,1.0,1.0,2.0,1.0,1.0,1.0,0.0,1.0,0.0,2.0,0.0,1.0,15.0,6.0,4.0,4.0,1.0,0.0,0.0,2.0,0.0,1.0,2.0,6.0,4.0,2.0,2.0,0.0,5.0,3.0,1.0,0.0,4.0,4.0,9.0,1.0,2.0,3.0,1.0,1.0,1.0,0.0,1.0,0.0,0.0,2.0,18.0,0.0,4.0,9.0,4.0,0.0,2.0,0.0,1.0,1.0,0.0,0.0,5.0,48.0,10.0,3.0,1.0,5.0,2.0,2.0,17.0,10.0,6.0,0.0,4.0,2.0,11.0,16.0,11.0,26.0,5.0,23.0,15.0,4.0,29.0,14.0,16.0,10.0,8.0,14.0,12.0,30.0,9.0,0.0,0.0,5.0,7.0,14.0,6.0,6.0,18.0,8.0,23.0,21.0,44.0,8.0,12.0,7.0,13.0,29.0,2.0,1.0,2.0,30.0,73.0,13.0,10.0,14.0,5.0,40.0,17.0,17.0,9.0,20.0,86.0,37.0,17.0,0.0,2.0,11.0,24.0,26.0,16.0,30.0,12.0,30.0,14.0,17.0,32.0,12.0,28.0,28.0,18.0,19.0,16.0,2.0,19.0,19.0,7.0,29.0,18.0,44.0,12.0,15.0,47.0,14.0,58.0,25.0,23.0,21.0,33.0,8.0,67.0,38.0,39.0,53.0,33.0,37.0,15.0,26.0,11.0,20.0,35.0,28.0,43.0,15.0,26.0,57.0,40.0,15.0,10.0,29.0,17.0,24.0,23.0,20.0,54.0,18.0,25.0,45.0,43.0,29.0,32.0,83.0,106.0,42.0,35.0,34.0,69.0,35.0,13.0,15.0,63.0,110.0,63.0,27.0,64.0
432,108.0,2.0,1.0,1.0,1.0,2.0,3.0,2.0,1.0,1.0,3.0,1.0,1.0,1.0,1.0,1.0,0.0,1.0,0.0,1.0,11.0,7.0,1.0,6.0,1.0,0.0,0.0,1.0,0.0,0.0,2.0,7.0,4.0,1.0,2.0,0.0,5.0,4.0,1.0,0.0,1.0,10.0,9.0,1.0,3.0,6.0,2.0,1.0,1.0,0.0,0.0,1.0,0.0,2.0,19.0,0.0,3.0,9.0,4.0,1.0,3.0,0.0,1.0,1.0,0.0,1.0,5.0,54.0,11.0,4.0,1.0,9.0,2.0,2.0,17.0,8.0,9.0,0.0,6.0,2.0,10.0,19.0,11.0,26.0,7.0,20.0,15.0,4.0,29.0,7.0,14.0,10.0,10.0,18.0,14.0,32.0,9.0,0.0,1.0,5.0,7.0,18.0,6.0,7.0,18.0,8.0,23.0,21.0,43.0,8.0,15.0,7.0,25.0,34.0,2.0,0.0,1.0,29.0,80.0,13.0,10.0,14.0,6.0,40.0,17.0,17.0,9.0,27.0,90.0,37.0,13.0,0.0,2.0,18.0,29.0,19.0,16.0,30.0,11.0,29.0,12.0,17.0,32.0,13.0,28.0,29.0,18.0,21.0,14.0,5.0,19.0,19.0,7.0,29.0,18.0,44.0,9.0,17.0,45.0,21.0,52.0,23.0,23.0,19.0,33.0,11.0,67.0,37.0,31.0,55.0,37.0,36.0,15.0,27.0,16.0,19.0,35.0,31.0,45.0,19.0,26.0,57.0,40.0,15.0,11.0,23.0,23.0,23.0,18.0,20.0,54.0,20.0,26.0,52.0,40.0,30.0,27.0,83.0,106.0,42.0,30.0,43.0,69.0,34.0,13.0,20.0,67.0,126.0,63.0,27.0,65.0
433,108.25,4.0,1.0,1.0,1.0,0.0,3.0,1.0,0.0,4.0,2.0,1.0,1.0,1.0,1.0,0.0,0.0,1.0,0.0,0.0,9.0,11.0,2.0,6.0,2.0,0.0,0.0,1.0,0.0,0.0,2.0,7.0,1.0,1.0,4.0,1.0,3.0,5.0,1.0,0.0,5.0,11.0,5.0,1.0,2.0,6.0,2.0,1.0,1.0,0.0,0.0,0.0,1.0,1.0,21.0,0.0,4.0,8.0,4.0,2.0,3.0,0.0,1.0,0.0,0.0,1.0,5.0,54.0,9.0,4.0,1.0,4.0,3.0,4.0,14.0,7.0,6.0,0.0,6.0,2.0,13.0,19.0,11.0,26.0,5.0,21.0,14.0,3.0,35.0,7.0,15.0,12.0,10.0,20.0,14.0,33.0,7.0,1.0,0.0,6.0,6.0,18.0,6.0,10.0,20.0,7.0,23.0,17.0,43.0,8.0,12.0,7.0,18.0,38.0,7.0,0.0,3.0,30.0,77.0,15.0,8.0,13.0,5.0,39.0,21.0,17.0,8.0,29.0,90.0,36.0,12.0,1.0,2.0,18.0,38.0,19.0,17.0,30.0,12.0,29.0,12.0,17.0,32.0,14.0,26.0,29.0,14.0,21.0,14.0,5.0,18.0,12.0,6.0,32.0,20.0,44.0,9.0,19.0,45.0,16.0,61.0,25.0,26.0,21.0,25.0,11.0,77.0,36.0,31.0,55.0,37.0,43.0,15.0,32.0,21.0,19.0,25.0,31.0,45.0,19.0,26.0,67.0,40.0,15.0,11.0,23.0,20.0,23.0,18.0,20.0,54.0,21.0,33.0,52.0,40.0,30.0,24.0,83.0,110.0,44.0,30.0,37.0,74.0,35.0,11.0,20.0,76.0,126.0,63.0,24.0,64.0
434,108.5,4.0,2.0,0.0,0.0,1.0,3.0,1.0,0.0,5.0,2.0,1.0,1.0,0.0,2.0,0.0,0.0,1.0,0.0,0.0,6.0,11.0,2.0,6.0,2.0,2.0,0.0,3.0,0.0,0.0,2.0,7.0,1.0,1.0,4.0,0.0,3.0,6.0,1.0,0.0,5.0,11.0,5.0,1.0,2.0,6.0,1.0,0.0,1.0,0.0,0.0,1.0,1.0,1.0,21.0,0.0,4.0,7.0,2.0,1.0,3.0,0.0,1.0,0.0,0.0,0.0,3.0,53.0,13.0,4.0,1.0,5.0,3.0,4.0,13.0,6.0,9.0,0.0,6.0,2.0,15.0,19.0,12.0,21.0,7.0,20.0,11.0,3.0,35.0,9.0,15.0,12.0,10.0,20.0,12.0,38.0,6.0,1.0,2.0,7.0,6.0,18.0,8.0,7.0,20.0,7.0,23.0,21.0,49.0,12.0,14.0,7.0,24.0,38.0,2.0,0.0,3.0,29.0,86.0,15.0,8.0,13.0,6.0,37.0,20.0,17.0,8.0,29.0,83.0,31.0,12.0,1.0,2.0,18.0,38.0,19.0,22.0,35.0,12.0,29.0,10.0,11.0,24.0,13.0,25.0,30.0,13.0,21.0,12.0,5.0,19.0,11.0,5.0,33.0,20.0,35.0,9.0,26.0,35.0,18.0,52.0,23.0,25.0,22.0,25.0,11.0,74.0,37.0,31.0,55.0,32.0,35.0,17.0,32.0,22.0,22.0,43.0,25.0,41.0,17.0,26.0,67.0,41.0,15.0,14.0,23.0,23.0,23.0,18.0,23.0,54.0,20.0,33.0,52.0,40.0,23.0,24.0,83.0,103.0,44.0,31.0,37.0,79.0,33.0,11.0,20.0,82.0,125.0,65.0,22.0,58.0
435,108.75,4.0,0.0,0.0,0.0,1.0,2.0,0.0,0.0,5.0,2.0,1.0,1.0,0.0,1.0,0.0,0.0,1.0,0.0,1.0,6.0,9.0,2.0,5.0,2.0,0.0,1.0,3.0,0.0,0.0,2.0,7.0,1.0,1.0,2.0,1.0,1.0,6.0,1.0,0.0,5.0,5.0,8.0,1.0,1.0,6.0,1.0,1.0,1.0,0.0,0.0,1.0,1.0,2.0,18.0,0.0,5.0,5.0,2.0,2.0,2.0,1.0,1.0,0.0,0.0,0.0,3.0,41.0,11.0,3.0,1.0,4.0,3.0,4.0,12.0,6.0,4.0,2.0,6.0,4.0,17.0,17.0,10.0,28.0,7.0,21.0,10.0,3.0,28.0,10.0,18.0,12.0,10.0,13.0,9.0,33.0,7.0,1.0,0.0,8.0,7.0,18.0,9.0,4.0,17.0,7.0,23.0,21.0,55.0,12.0,14.0,8.0,24.0,36.0,5.0,0.0,3.0,24.0,79.0,14.0,8.0,12.0,6.0,37.0,20.0,16.0,8.0,22.0,83.0,32.0,14.0,0.0,4.0,15.0,30.0,22.0,25.0,31.0,13.0,30.0,15.0,11.0,21.0,18.0,23.0,30.0,14.0,25.0,12.0,4.0,22.0,11.0,6.0,36.0,21.0,33.0,9.0,19.0,33.0,18.0,52.0,30.0,26.0,22.0,24.0,11.0,74.0,43.0,32.0,46.0,31.0,43.0,17.0,28.0,21.0,26.0,36.0,22.0,38.0,17.0,25.0,66.0,43.0,21.0,14.0,23.0,22.0,25.0,24.0,17.0,50.0,23.0,23.0,62.0,47.0,23.0,24.0,75.0,110.0,37.0,33.0,37.0,88.0,38.0,20.0,25.0,87.0,125.0,56.0,24.0,44.0
436,109.0,4.0,0.0,0.0,0.0,1.0,1.0,0.0,0.0,1.0,2.0,2.0,1.0,3.0,1.0,0.0,0.0,1.0,0.0,1.0,10.0,7.0,3.0,5.0,1.0,0.0,1.0,1.0,0.0,0.0,2.0,7.0,2.0,1.0,2.0,3.0,3.0,6.0,1.0,0.0,4.0,5.0,8.0,0.0,1.0,3.0,1.0,0.0,2.0,0.0,0.0,1.0,1.0,2.0,16.0,0.0,5.0,5.0,2.0,1.0,2.0,2.0,1.0,0.0,0.0,0.0,3.0,41.0,11.0,3.0,1.0,5.0,1.0,4.0,13.0,9.0,5.0,2.0,3.0,2.0,17.0,17.0,10.0,26.0,7.0,21.0,11.0,4.0,28.0,10.0,20.0,13.0,9.0,13.0,12.0,31.0,6.0,1.0,1.0,8.0,7.0,15.0,9.0,4.0,17.0,7.0,21.0,21.0,55.0,11.0,14.0,8.0,24.0,36.0,5.0,2.0,1.0,20.0,79.0,14.0,10.0,12.0,8.0,39.0,19.0,16.0,5.0,22.0,83.0,32.0,14.0,0.0,4.0,20.0,28.0,30.0,25.0,31.0,14.0,42.0,15.0,17.0,21.0,13.0,25.0,30.0,20.0,29.0,12.0,4.0,22.0,16.0,8.0,35.0,20.0,35.0,8.0,9.0,33.0,19.0,49.0,28.0,29.0,17.0,32.0,8.0,64.0,43.0,32.0,46.0,30.0,39.0,13.0,28.0,17.0,24.0,44.0,24.0,36.0,15.0,23.0,66.0,51.0,21.0,14.0,23.0,22.0,25.0,24.0,17.0,66.0,16.0,23.0,62.0,49.0,33.0,32.0,75.0,124.0,37.0,33.0,41.0,88.0,33.0,20.0,26.0,82.0,120.0,58.0,20.0,44.0
437,109.25,4.0,0.0,0.0,0.0,1.0,1.0,0.0,0.0,1.0,6.0,2.0,0.0,3.0,1.0,1.0,0.0,1.0,0.0,2.0,12.0,9.0,3.0,4.0,1.0,0.0,1.0,1.0,0.0,1.0,0.0,6.0,2.0,1.0,2.0,3.0,3.0,6.0,0.0,2.0,4.0,8.0,6.0,0.0,1.0,8.0,2.0,0.0,2.0,0.0,0.0,1.0,1.0,2.0,16.0,0.0,6.0,5.0,3.0,0.0,6.0,2.0,0.0,0.0,0.0,0.0,7.0,45.0,11.0,3.0,1.0,8.0,1.0,4.0,14.0,9.0,5.0,1.0,6.0,2.0,11.0,19.0,10.0,26.0,5.0,22.0,13.0,8.0,22.0,10.0,20.0,13.0,10.0,13.0,12.0,26.0,6.0,1.0,0.0,2.0,7.0,16.0,4.0,2.0,17.0,7.0,23.0,16.0,49.0,11.0,14.0,6.0,26.0,39.0,5.0,3.0,1.0,24.0,57.0,17.0,15.0,12.0,11.0,45.0,18.0,16.0,10.0,21.0,84.0,32.0,14.0,0.0,2.0,21.0,28.0,30.0,24.0,29.0,14.0,42.0,17.0,17.0,25.0,11.0,28.0,31.0,20.0,29.0,12.0,2.0,21.0,16.0,9.0,35.0,17.0,32.0,7.0,9.0,37.0,19.0,49.0,29.0,29.0,17.0,32.0,8.0,64.0,43.0,30.0,46.0,31.0,43.0,13.0,28.0,13.0,30.0,36.0,21.0,36.0,20.0,20.0,63.0,51.0,21.0,10.0,29.0,19.0,25.0,25.0,17.0,50.0,23.0,30.0,51.0,49.0,34.0,31.0,88.0,124.0,45.0,37.0,41.0,99.0,38.0,16.0,26.0,90.0,127.0,58.0,18.0,54.0
438,109.5,2.0,0.0,0.0,1.0,1.0,3.0,1.0,0.0,3.0,2.0,2.0,0.0,2.0,1.0,1.0,0.0,1.0,1.0,2.0,10.0,7.0,3.0,4.0,2.0,0.0,0.0,0.0,0.0,1.0,2.0,6.0,1.0,0.0,1.0,2.0,3.0,6.0,0.0,2.0,3.0,8.0,5.0,0.0,5.0,6.0,2.0,0.0,1.0,0.0,0.0,0.0,1.0,2.0,12.0,0.0,6.0,5.0,4.0,0.0,6.0,1.0,0.0,0.0,0.0,1.0,7.0,45.0,12.0,4.0,1.0,8.0,1.0,4.0,16.0,5.0,5.0,1.0,5.0,2.0,11.0,19.0,7.0,26.0,5.0,22.0,13.0,8.0,30.0,10.0,16.0,15.0,9.0,13.0,14.0,26.0,5.0,1.0,1.0,2.0,8.0,14.0,3.0,2.0,18.0,9.0,23.0,16.0,49.0,11.0,13.0,4.0,27.0,45.0,5.0,3.0,0.0,24.0,57.0,17.0,15.0,14.0,8.0,43.0,18.0,16.0,7.0,21.0,84.0,33.0,14.0,1.0,1.0,21.0,41.0,28.0,24.0,29.0,18.0,42.0,19.0,17.0,25.0,11.0,28.0,31.0,18.0,29.0,9.0,2.0,18.0,18.0,9.0,35.0,17.0,31.0,7.0,9.0,38.0,15.0,56.0,29.0,27.0,22.0,32.0,10.0,65.0,43.0,30.0,51.0,30.0,39.0,13.0,36.0,13.0,26.0,36.0,21.0,38.0,17.0,20.0,63.0,47.0,15.0,9.0,31.0,16.0,25.0,22.0,17.0,58.0,23.0,30.0,48.0,49.0,34.0,33.0,96.0,124.0,45.0,29.0,41.0,87.0,31.0,15.0,26.0,82.0,127.0,59.0,18.0,60.0
439,109.75,2.0,0.0,0.0,0.0,0.0,3.0,2.0,0.0,3.0,6.0,1.0,1.0,2.0,0.0,1.0,0.0,1.0,1.0,2.0,15.0,10.0,2.0,4.0,2.0,2.0,0.0,0.0,0.0,2.0,0.0,6.0,1.0,1.0,1.0,1.0,1.0,6.0,0.0,2.0,3.0,11.0,5.0,1.0,4.0,7.0,0.0,0.0,1.0,1.0,0.0,1.0,0.0,2.0,16.0,0.0,3.0,6.0,4.0,0.0,2.0,1.0,0.0,0.0,1.0,1.0,5.0,45.0,12.0,4.0,1.0,8.0,2.0,3.0,14.0,5.0,5.0,1.0,6.0,3.0,17.0,19.0,14.0,33.0,7.0,26.0,13.0,6.0,30.0,7.0,13.0,12.0,10.0,13.0,14.0,30.0,5.0,0.0,1.0,4.0,9.0,16.0,3.0,8.0,21.0,9.0,28.0,23.0,51.0,11.0,12.0,6.0,27.0,48.0,6.0,1.0,0.0,34.0,64.0,16.0,11.0,14.0,11.0,43.0,13.0,16.0,10.0,21.0,85.0,33.0,14.0,1.0,1.0,19.0,41.0,22.0,25.0,29.0,18.0,37.0,19.0,22.0,25.0,11.0,26.0,37.0,18.0,28.0,9.0,2.0,21.0,14.0,9.0,37.0,17.0,31.0,9.0,10.0,38.0,15.0,57.0,30.0,27.0,28.0,26.0,10.0,75.0,45.0,30.0,44.0,34.0,43.0,13.0,29.0,13.0,30.0,36.0,21.0,41.0,17.0,27.0,63.0,47.0,12.0,9.0,31.0,16.0,33.0,22.0,20.0,56.0,23.0,24.0,51.0,45.0,34.0,31.0,96.0,115.0,46.0,30.0,40.0,81.0,46.0,15.0,26.0,77.0,127.0,66.0,20.0,65.0
440,110.0,2.0,1.0,0.0,1.0,1.0,2.0,2.0,0.0,3.0,4.0,0.0,1.0,2.0,1.0,1.0,0.0,1.0,1.0,2.0,11.0,7.0,1.0,5.0,2.0,2.0,0.0,0.0,0.0,2.0,0.0,6.0,1.0,1.0,1.0,1.0,1.0,6.0,0.0,1.0,5.0,11.0,5.0,0.0,4.0,6.0,0.0,0.0,0.0,1.0,0.0,1.0,0.0,2.0,17.0,0.0,3.0,6.0,3.0,0.0,2.0,1.0,1.0,0.0,0.0,1.0,5.0,59.0,11.0,4.0,1.0,6.0,1.0,2.0,15.0,5.0,6.0,3.0,6.0,3.0,17.0,41.0,17.0,33.0,7.0,30.0,16.0,6.0,30.0,10.0,16.0,13.0,8.0,18.0,20.0,30.0,5.0,0.0,1.0,4.0,9.0,16.0,5.0,9.0,21.0,9.0,28.0,26.0,51.0,11.0,10.0,13.0,28.0,58.0,6.0,1.0,0.0,36.0,68.0,11.0,10.0,14.0,10.0,43.0,11.0,16.0,11.0,22.0,104.0,34.0,21.0,2.0,0.0,16.0,41.0,26.0,25.0,29.0,17.0,37.0,19.0,48.0,36.0,17.0,23.0,56.0,30.0,28.0,13.0,2.0,23.0,18.0,6.0,42.0,15.0,38.0,16.0,22.0,63.0,16.0,60.0,43.0,38.0,43.0,26.0,12.0,65.0,41.0,30.0,44.0,36.0,39.0,11.0,36.0,17.0,33.0,57.0,39.0,44.0,17.0,28.0,66.0,49.0,15.0,10.0,23.0,19.0,31.0,22.0,29.0,58.0,24.0,24.0,51.0,48.0,36.0,29.0,98.0,115.0,46.0,28.0,36.0,81.0,32.0,15.0,25.0,77.0,138.0,59.0,27.0,60.0
441,110.25,2.0,1.0,0.0,1.0,1.0,1.0,1.0,1.0,2.0,5.0,0.0,1.0,2.0,2.0,1.0,2.0,2.0,0.0,2.0,12.0,12.0,2.0,7.0,3.0,2.0,0.0,1.0,0.0,1.0,0.0,6.0,1.0,1.0,1.0,1.0,1.0,6.0,0.0,1.0,5.0,11.0,5.0,1.0,4.0,7.0,0.0,0.0,1.0,1.0,0.0,1.0,0.0,3.0,18.0,0.0,3.0,10.0,3.0,0.0,2.0,1.0,1.0,0.0,1.0,1.0,11.0,67.0,11.0,4.0,1.0,5.0,1.0,2.0,15.0,7.0,13.0,3.0,7.0,3.0,16.0,41.0,17.0,33.0,7.0,30.0,17.0,8.0,27.0,8.0,18.0,13.0,13.0,36.0,22.0,26.0,4.0,0.0,1.0,2.0,9.0,20.0,6.0,9.0,21.0,8.0,31.0,29.0,49.0,11.0,10.0,13.0,24.0,58.0,5.0,1.0,1.0,36.0,71.0,16.0,11.0,14.0,11.0,43.0,11.0,19.0,12.0,28.0,91.0,36.0,21.0,2.0,0.0,19.0,30.0,26.0,26.0,35.0,17.0,36.0,15.0,48.0,36.0,25.0,26.0,56.0,34.0,31.0,13.0,2.0,23.0,28.0,11.0,37.0,13.0,38.0,19.0,31.0,65.0,28.0,77.0,43.0,38.0,56.0,43.0,13.0,73.0,41.0,30.0,44.0,38.0,39.0,14.0,52.0,31.0,43.0,79.0,46.0,77.0,31.0,29.0,76.0,54.0,16.0,12.0,23.0,19.0,33.0,33.0,29.0,65.0,42.0,33.0,57.0,48.0,39.0,29.0,107.0,137.0,49.0,30.0,36.0,96.0,32.0,17.0,22.0,82.0,138.0,55.0,20.0,65.0
442,110.5,2.0,1.0,0.0,1.0,1.0,1.0,1.0,0.0,2.0,4.0,0.0,0.0,0.0,2.0,1.0,1.0,2.0,2.0,1.0,11.0,12.0,2.0,7.0,3.0,1.0,0.0,1.0,0.0,1.0,4.0,12.0,1.0,2.0,1.0,1.0,2.0,7.0,0.0,1.0,6.0,11.0,5.0,1.0,4.0,8.0,2.0,0.0,1.0,1.0,0.0,1.0,0.0,3.0,20.0,0.0,4.0,10.0,3.0,0.0,2.0,1.0,1.0,0.0,0.0,0.0,11.0,67.0,24.0,6.0,1.0,5.0,1.0,3.0,17.0,7.0,13.0,3.0,8.0,3.0,16.0,33.0,15.0,34.0,8.0,51.0,17.0,9.0,27.0,9.0,21.0,15.0,13.0,36.0,22.0,26.0,5.0,1.0,0.0,2.0,11.0,22.0,11.0,19.0,29.0,11.0,28.0,29.0,44.0,15.0,13.0,10.0,21.0,55.0,4.0,1.0,1.0,34.0,68.0,14.0,15.0,37.0,16.0,43.0,11.0,20.0,13.0,37.0,107.0,45.0,26.0,2.0,0.0,25.0,29.0,26.0,26.0,40.0,19.0,36.0,15.0,41.0,32.0,30.0,37.0,46.0,30.0,45.0,22.0,2.0,23.0,28.0,14.0,45.0,15.0,38.0,19.0,35.0,65.0,28.0,77.0,48.0,38.0,56.0,75.0,15.0,71.0,41.0,39.0,52.0,49.0,39.0,14.0,64.0,31.0,43.0,57.0,48.0,77.0,33.0,34.0,79.0,60.0,17.0,13.0,24.0,19.0,35.0,39.0,38.0,78.0,42.0,52.0,67.0,58.0,45.0,36.0,107.0,137.0,60.0,36.0,48.0,119.0,32.0,17.0,22.0,84.0,138.0,55.0,20.0,66.0
443,110.75,2.0,0.0,1.0,1.0,0.0,0.0,1.0,1.0,2.0,5.0,1.0,0.0,0.0,2.0,1.0,2.0,2.0,0.0,1.0,12.0,41.0,5.0,4.0,3.0,1.0,0.0,1.0,0.0,1.0,6.0,12.0,3.0,1.0,2.0,1.0,2.0,7.0,2.0,1.0,6.0,15.0,5.0,1.0,1.0,8.0,2.0,0.0,1.0,1.0,0.0,2.0,0.0,3.0,32.0,0.0,2.0,8.0,3.0,1.0,2.0,1.0,0.0,1.0,0.0,0.0,8.0,67.0,27.0,6.0,2.0,6.0,2.0,7.0,23.0,8.0,12.0,2.0,8.0,3.0,15.0,33.0,15.0,41.0,14.0,57.0,23.0,9.0,25.0,9.0,21.0,19.0,14.0,36.0,22.0,37.0,5.0,1.0,0.0,5.0,11.0,22.0,11.0,19.0,35.0,12.0,31.0,22.0,49.0,16.0,19.0,10.0,21.0,55.0,5.0,1.0,1.0,29.0,65.0,17.0,16.0,37.0,16.0,41.0,22.0,20.0,13.0,32.0,96.0,40.0,23.0,0.0,2.0,30.0,29.0,27.0,27.0,42.0,19.0,34.0,15.0,41.0,32.0,30.0,37.0,45.0,30.0,45.0,30.0,6.0,35.0,28.0,14.0,37.0,20.0,41.0,21.0,31.0,50.0,28.0,68.0,45.0,42.0,38.0,75.0,21.0,71.0,50.0,40.0,52.0,49.0,47.0,17.0,64.0,31.0,43.0,71.0,57.0,71.0,37.0,36.0,79.0,60.0,20.0,13.0,24.0,19.0,40.0,33.0,34.0,83.0,39.0,52.0,92.0,71.0,44.0,36.0,106.0,135.0,60.0,43.0,56.0,119.0,39.0,18.0,22.0,84.0,155.0,73.0,20.0,66.0
444,111.0,2.0,0.0,1.0,1.0,0.0,0.0,1.0,0.0,4.0,12.0,4.0,0.0,0.0,2.0,1.0,1.0,2.0,2.0,1.0,33.0,41.0,3.0,4.0,1.0,1.0,1.0,1.0,0.0,1.0,9.0,14.0,4.0,2.0,3.0,1.0,3.0,4.0,2.0,2.0,6.0,17.0,6.0,1.0,1.0,10.0,1.0,1.0,1.0,0.0,0.0,2.0,2.0,1.0,32.0,0.0,1.0,6.0,3.0,1.0,2.0,3.0,0.0,2.0,0.0,0.0,8.0,66.0,27.0,7.0,2.0,7.0,2.0,7.0,32.0,12.0,12.0,2.0,8.0,7.0,16.0,33.0,17.0,42.0,15.0,57.0,24.0,9.0,26.0,12.0,21.0,48.0,27.0,44.0,15.0,37.0,5.0,1.0,1.0,5.0,12.0,27.0,10.0,19.0,35.0,12.0,32.0,22.0,53.0,24.0,20.0,10.0,29.0,55.0,6.0,2.0,0.0,30.0,65.0,16.0,16.0,25.0,13.0,39.0,22.0,23.0,13.0,32.0,107.0,48.0,30.0,0.0,2.0,25.0,41.0,27.0,33.0,48.0,19.0,40.0,16.0,41.0,29.0,30.0,45.0,39.0,25.0,45.0,30.0,6.0,36.0,28.0,14.0,41.0,20.0,41.0,21.0,26.0,50.0,28.0,68.0,48.0,42.0,38.0,53.0,22.0,70.0,54.0,42.0,56.0,48.0,49.0,17.0,50.0,30.0,53.0,54.0,57.0,71.0,37.0,34.0,76.0,60.0,20.0,14.0,24.0,30.0,44.0,32.0,38.0,89.0,38.0,32.0,92.0,71.0,45.0,35.0,106.0,135.0,60.0,44.0,56.0,110.0,40.0,19.0,25.0,90.0,155.0,73.0,33.0,60.0
445,111.25,5.0,1.0,1.0,0.0,1.0,1.0,1.0,0.0,5.0,12.0,4.0,0.0,3.0,1.0,4.0,1.0,2.0,1.0,1.0,33.0,22.0,5.0,8.0,1.0,1.0,2.0,1.0,0.0,1.0,9.0,14.0,4.0,2.0,3.0,1.0,3.0,2.0,2.0,2.0,6.0,18.0,6.0,2.0,3.0,6.0,0.0,1.0,1.0,1.0,0.0,2.0,2.0,2.0,30.0,0.0,1.0,6.0,2.0,0.0,4.0,3.0,0.0,1.0,1.0,1.0,16.0,69.0,24.0,7.0,2.0,8.0,2.0,5.0,32.0,13.0,10.0,2.0,8.0,3.0,17.0,26.0,23.0,77.0,15.0,43.0,24.0,8.0,26.0,21.0,26.0,48.0,27.0,44.0,24.0,36.0,9.0,1.0,1.0,5.0,18.0,30.0,10.0,14.0,24.0,15.0,32.0,30.0,53.0,29.0,19.0,13.0,29.0,62.0,6.0,2.0,0.0,30.0,68.0,18.0,16.0,25.0,13.0,39.0,15.0,20.0,12.0,32.0,96.0,43.0,35.0,2.0,2.0,30.0,41.0,30.0,30.0,44.0,19.0,39.0,23.0,30.0,30.0,29.0,45.0,35.0,19.0,32.0,22.0,6.0,37.0,30.0,15.0,41.0,21.0,37.0,19.0,26.0,57.0,38.0,74.0,46.0,42.0,54.0,46.0,22.0,70.0,56.0,45.0,54.0,38.0,51.0,19.0,50.0,29.0,53.0,65.0,44.0,80.0,35.0,33.0,76.0,74.0,21.0,8.0,24.0,32.0,44.0,32.0,34.0,90.0,39.0,32.0,102.0,71.0,45.0,35.0,113.0,136.0,57.0,44.0,60.0,110.0,40.0,19.0,27.0,90.0,161.0,79.0,33.0,49.0
446,111.5,5.0,1.0,1.0,1.0,1.0,1.0,1.0,0.0,5.0,15.0,0.0,0.0,2.0,0.0,4.0,1.0,2.0,1.0,1.0,26.0,17.0,3.0,8.0,1.0,2.0,2.0,1.0,0.0,5.0,9.0,13.0,4.0,2.0,3.0,2.0,3.0,2.0,0.0,1.0,4.0,17.0,7.0,2.0,3.0,7.0,0.0,1.0,2.0,0.0,1.0,2.0,2.0,2.0,29.0,0.0,3.0,6.0,2.0,0.0,4.0,2.0,1.0,1.0,2.0,1.0,16.0,69.0,17.0,7.0,2.0,11.0,3.0,5.0,32.0,13.0,10.0,2.0,8.0,7.0,20.0,22.0,28.0,77.0,13.0,42.0,24.0,8.0,33.0,21.0,26.0,43.0,24.0,25.0,19.0,36.0,2.0,2.0,1.0,11.0,21.0,40.0,12.0,14.0,24.0,9.0,32.0,30.0,52.0,29.0,20.0,9.0,29.0,54.0,6.0,2.0,1.0,43.0,72.0,21.0,18.0,29.0,11.0,55.0,15.0,27.0,14.0,34.0,107.0,43.0,35.0,2.0,4.0,30.0,41.0,30.0,30.0,44.0,17.0,39.0,25.0,30.0,30.0,27.0,35.0,33.0,19.0,37.0,22.0,6.0,36.0,35.0,20.0,47.0,22.0,37.0,17.0,31.0,69.0,38.0,74.0,47.0,39.0,54.0,44.0,17.0,69.0,60.0,56.0,56.0,36.0,51.0,19.0,51.0,25.0,59.0,58.0,44.0,90.0,26.0,30.0,96.0,82.0,23.0,12.0,32.0,32.0,36.0,37.0,38.0,89.0,34.0,38.0,91.0,78.0,46.0,40.0,113.0,142.0,45.0,40.0,63.0,123.0,49.0,19.0,27.0,104.0,162.0,67.0,23.0,48.0
447,111.75,2.0,1.0,1.0,2.0,3.0,3.0,1.0,0.0,4.0,10.0,0.0,0.0,2.0,0.0,4.0,1.0,3.0,1.0,1.0,20.0,17.0,6.0,9.0,2.0,3.0,1.0,1.0,0.0,3.0,6.0,9.0,2.0,1.0,6.0,2.0,4.0,4.0,0.0,1.0,6.0,14.0,8.0,2.0,3.0,7.0,0.0,0.0,1.0,0.0,1.0,1.0,2.0,3.0,29.0,0.0,3.0,7.0,3.0,1.0,4.0,2.0,0.0,0.0,2.0,1.0,16.0,77.0,19.0,7.0,2.0,12.0,4.0,4.0,29.0,12.0,9.0,2.0,8.0,11.0,20.0,22.0,28.0,42.0,9.0,43.0,29.0,8.0,39.0,13.0,28.0,24.0,20.0,25.0,25.0,46.0,5.0,2.0,1.0,11.0,21.0,42.0,12.0,14.0,29.0,9.0,38.0,30.0,47.0,15.0,20.0,11.0,29.0,53.0,7.0,2.0,1.0,44.0,76.0,25.0,18.0,29.0,13.0,56.0,19.0,27.0,15.0,34.0,109.0,40.0,33.0,3.0,4.0,30.0,54.0,25.0,25.0,44.0,14.0,37.0,23.0,30.0,32.0,27.0,34.0,33.0,21.0,37.0,32.0,6.0,37.0,35.0,20.0,47.0,22.0,40.0,19.0,31.0,69.0,34.0,73.0,46.0,37.0,51.0,46.0,17.0,75.0,60.0,63.0,54.0,33.0,48.0,19.0,53.0,25.0,59.0,65.0,44.0,81.0,26.0,27.0,96.0,82.0,23.0,12.0,33.0,32.0,30.0,41.0,29.0,86.0,34.0,42.0,91.0,78.0,46.0,41.0,104.0,145.0,45.0,40.0,63.0,123.0,50.0,20.0,27.0,104.0,162.0,79.0,23.0,49.0
448,112.0,2.0,1.0,1.0,2.0,2.0,3.0,1.0,0.0,4.0,11.0,0.0,1.0,2.0,0.0,4.0,1.0,3.0,1.0,1.0,16.0,16.0,4.0,8.0,4.0,2.0,1.0,1.0,0.0,3.0,6.0,9.0,5.0,1.0,6.0,2.0,3.0,4.0,2.0,2.0,3.0,14.0,8.0,0.0,5.0,8.0,2.0,0.0,2.0,0.0,0.0,1.0,3.0,3.0,29.0,0.0,3.0,8.0,4.0,1.0,4.0,3.0,0.0,0.0,1.0,1.0,15.0,77.0,19.0,7.0,2.0,11.0,3.0,4.0,29.0,10.0,7.0,2.0,14.0,11.0,24.0,24.0,28.0,42.0,9.0,43.0,29.0,7.0,33.0,13.0,28.0,21.0,20.0,27.0,19.0,46.0,3.0,1.0,1.0,7.0,19.0,40.0,12.0,14.0,37.0,9.0,38.0,30.0,52.0,15.0,23.0,11.0,29.0,52.0,5.0,2.0,1.0,44.0,97.0,21.0,23.0,29.0,8.0,56.0,22.0,28.0,16.0,37.0,109.0,40.0,23.0,1.0,4.0,31.0,54.0,25.0,22.0,41.0,17.0,37.0,18.0,32.0,36.0,27.0,34.0,46.0,23.0,37.0,32.0,8.0,36.0,35.0,17.0,47.0,19.0,40.0,22.0,28.0,83.0,29.0,64.0,38.0,37.0,51.0,42.0,17.0,75.0,60.0,56.0,52.0,33.0,46.0,14.0,62.0,35.0,46.0,67.0,43.0,81.0,35.0,27.0,83.0,63.0,22.0,12.0,33.0,35.0,36.0,41.0,31.0,86.0,34.0,42.0,79.0,77.0,63.0,45.0,101.0,159.0,38.0,38.0,56.0,122.0,50.0,24.0,27.0,116.0,153.0,76.0,23.0,49.0
449,112.25,2.0,1.0,1.0,0.0,2.0,3.0,1.0,0.0,2.0,7.0,1.0,0.0,2.0,1.0,3.0,1.0,3.0,2.0,0.0,16.0,16.0,5.0,11.0,9.0,3.0,0.0,2.0,0.0,3.0,6.0,9.0,2.0,1.0,2.0,2.0,3.0,4.0,2.0,2.0,5.0,16.0,7.0,2.0,5.0,8.0,2.0,0.0,1.0,0.0,0.0,0.0,2.0,3.0,29.0,0.0,3.0,8.0,4.0,1.0,5.0,3.0,0.0,0.0,1.0,0.0,15.0,80.0,19.0,8.0,2.0,6.0,4.0,6.0,32.0,9.0,7.0,2.0,8.0,7.0,27.0,24.0,26.0,51.0,15.0,46.0,29.0,7.0,40.0,18.0,28.0,21.0,21.0,28.0,18.0,46.0,5.0,1.0,1.0,4.0,18.0,29.0,12.0,14.0,37.0,11.0,40.0,34.0,62.0,20.0,21.0,11.0,30.0,52.0,7.0,2.0,0.0,44.0,77.0,25.0,23.0,25.0,6.0,54.0,24.0,31.0,16.0,38.0,109.0,49.0,19.0,0.0,4.0,29.0,47.0,26.0,19.0,43.0,20.0,38.0,18.0,25.0,38.0,32.0,43.0,46.0,22.0,38.0,22.0,6.0,33.0,26.0,17.0,48.0,19.0,44.0,22.0,28.0,94.0,31.0,64.0,32.0,37.0,52.0,45.0,17.0,75.0,53.0,48.0,52.0,38.0,46.0,13.0,59.0,35.0,46.0,67.0,37.0,79.0,35.0,28.0,83.0,58.0,22.0,12.0,35.0,37.0,32.0,41.0,31.0,93.0,33.0,42.0,75.0,69.0,63.0,50.0,101.0,152.0,47.0,35.0,55.0,122.0,50.0,24.0,28.0,118.0,152.0,76.0,28.0,52.0
450,112.5,4.0,1.0,0.0,0.0,2.0,2.0,2.0,0.0,2.0,7.0,1.0,1.0,2.0,1.0,3.0,0.0,3.0,1.0,0.0,12.0,14.0,4.0,8.0,4.0,2.0,0.0,3.0,0.0,0.0,5.0,10.0,2.0,1.0,2.0,1.0,2.0,4.0,1.0,1.0,5.0,17.0,7.0,2.0,6.0,19.0,2.0,0.0,2.0,0.0,0.0,0.0,1.0,3.0,31.0,0.0,3.0,8.0,5.0,0.0,5.0,3.0,0.0,0.0,1.0,0.0,22.0,80.0,21.0,8.0,2.0,5.0,3.0,6.0,32.0,9.0,9.0,2.0,13.0,7.0,27.0,22.0,25.0,63.0,15.0,43.0,24.0,7.0,33.0,19.0,28.0,21.0,23.0,27.0,18.0,38.0,3.0,0.0,1.0,5.0,16.0,24.0,12.0,15.0,24.0,11.0,31.0,34.0,62.0,21.0,21.0,16.0,25.0,52.0,6.0,2.0,0.0,39.0,91.0,22.0,23.0,25.0,6.0,54.0,22.0,36.0,12.0,40.0,118.0,49.0,23.0,0.0,6.0,29.0,45.0,33.0,16.0,43.0,20.0,39.0,18.0,25.0,36.0,28.0,43.0,44.0,22.0,42.0,22.0,7.0,31.0,22.0,15.0,48.0,21.0,49.0,13.0,28.0,99.0,31.0,64.0,33.0,37.0,52.0,45.0,17.0,70.0,53.0,48.0,52.0,39.0,46.0,12.0,59.0,35.0,51.0,50.0,43.0,74.0,34.0,37.0,81.0,58.0,28.0,12.0,47.0,35.0,35.0,33.0,31.0,93.0,40.0,38.0,72.0,69.0,56.0,50.0,118.0,159.0,47.0,31.0,53.0,117.0,48.0,24.0,33.0,118.0,152.0,76.0,32.0,53.0
451,112.75,4.0,1.0,1.0,1.0,0.0,1.0,2.0,2.0,5.0,7.0,1.0,2.0,2.0,1.0,2.0,2.0,8.0,1.0,0.0,13.0,17.0,3.0,7.0,2.0,2.0,0.0,3.0,0.0,0.0,2.0,6.0,2.0,1.0,4.0,1.0,2.0,4.0,0.0,1.0,6.0,16.0,7.0,2.0,6.0,19.0,1.0,0.0,3.0,0.0,0.0,0.0,1.0,3.0,30.0,0.0,4.0,8.0,5.0,0.0,4.0,1.0,1.0,0.0,1.0,0.0,22.0,86.0,21.0,9.0,2.0,5.0,2.0,5.0,27.0,11.0,10.0,2.0,9.0,7.0,21.0,22.0,25.0,60.0,15.0,39.0,24.0,6.0,38.0,21.0,28.0,21.0,28.0,28.0,22.0,43.0,5.0,1.0,1.0,4.0,15.0,24.0,8.0,15.0,24.0,12.0,31.0,22.0,68.0,20.0,20.0,14.0,30.0,53.0,6.0,1.0,0.0,36.0,91.0,26.0,23.0,25.0,13.0,57.0,20.0,31.0,8.0,44.0,118.0,49.0,28.0,1.0,4.0,29.0,45.0,26.0,16.0,43.0,20.0,54.0,21.0,24.0,33.0,28.0,34.0,42.0,21.0,42.0,25.0,6.0,31.0,22.0,16.0,37.0,21.0,49.0,11.0,31.0,99.0,31.0,78.0,33.0,42.0,43.0,48.0,22.0,70.0,59.0,48.0,56.0,38.0,52.0,13.0,42.0,23.0,51.0,48.0,41.0,74.0,32.0,37.0,89.0,58.0,29.0,16.0,47.0,32.0,35.0,33.0,32.0,80.0,31.0,31.0,75.0,71.0,53.0,50.0,123.0,185.0,63.0,35.0,53.0,98.0,51.0,24.0,33.0,109.0,152.0,77.0,32.0,52.0
452,113.0,4.0,1.0,2.0,2.0,0.0,1.0,2.0,2.0,6.0,7.0,0.0,2.0,2.0,1.0,2.0,1.0,8.0,1.0,0.0,13.0,19.0,3.0,6.0,2.0,2.0,0.0,3.0,0.0,0.0,2.0,10.0,5.0,1.0,4.0,1.0,3.0,10.0,0.0,1.0,7.0,14.0,8.0,3.0,6.0,16.0,2.0,0.0,3.0,1.0,0.0,2.0,1.0,1.0,30.0,0.0,2.0,8.0,5.0,0.0,2.0,3.0,1.0,0.0,1.0,0.0,15.0,86.0,19.0,9.0,2.0,5.0,2.0,5.0,27.0,11.0,12.0,3.0,12.0,6.0,17.0,23.0,25.0,63.0,14.0,39.0,23.0,8.0,32.0,21.0,28.0,24.0,23.0,25.0,22.0,43.0,5.0,0.0,0.0,5.0,15.0,24.0,8.0,14.0,29.0,10.0,31.0,15.0,66.0,18.0,20.0,14.0,33.0,53.0,6.0,1.0,0.0,36.0,111.0,22.0,15.0,24.0,15.0,59.0,18.0,24.0,12.0,40.0,143.0,52.0,28.0,1.0,4.0,25.0,45.0,28.0,22.0,49.0,26.0,54.0,16.0,20.0,33.0,27.0,34.0,30.0,21.0,37.0,25.0,7.0,36.0,19.0,16.0,37.0,20.0,30.0,11.0,31.0,94.0,31.0,78.0,33.0,45.0,43.0,52.0,22.0,80.0,59.0,43.0,52.0,31.0,42.0,12.0,42.0,24.0,50.0,47.0,41.0,74.0,32.0,35.0,89.0,57.0,28.0,16.0,36.0,31.0,42.0,34.0,32.0,74.0,33.0,31.0,85.0,71.0,39.0,42.0,123.0,185.0,63.0,31.0,53.0,98.0,51.0,24.0,25.0,107.0,177.0,80.0,19.0,53.0
453,113.25,5.0,1.0,2.0,2.0,0.0,3.0,2.0,2.0,6.0,12.0,0.0,2.0,2.0,1.0,2.0,1.0,4.0,1.0,0.0,21.0,21.0,3.0,7.0,2.0,2.0,1.0,3.0,0.0,2.0,2.0,13.0,5.0,1.0,3.0,1.0,3.0,4.0,0.0,1.0,7.0,9.0,7.0,3.0,3.0,15.0,1.0,0.0,3.0,1.0,0.0,2.0,0.0,5.0,28.0,0.0,4.0,12.0,3.0,0.0,2.0,2.0,2.0,0.0,1.0,0.0,11.0,75.0,14.0,7.0,2.0,7.0,3.0,2.0,32.0,13.0,12.0,2.0,12.0,5.0,17.0,24.0,30.0,62.0,14.0,40.0,23.0,7.0,33.0,16.0,28.0,24.0,23.0,29.0,22.0,45.0,6.0,1.0,2.0,6.0,19.0,29.0,7.0,14.0,29.0,10.0,28.0,15.0,68.0,18.0,20.0,14.0,33.0,50.0,7.0,2.0,0.0,36.0,111.0,24.0,12.0,21.0,15.0,57.0,18.0,24.0,13.0,39.0,143.0,52.0,18.0,3.0,4.0,25.0,40.0,25.0,22.0,39.0,26.0,52.0,16.0,13.0,33.0,26.0,34.0,34.0,23.0,34.0,27.0,7.0,36.0,26.0,16.0,37.0,19.0,28.0,14.0,31.0,77.0,25.0,79.0,28.0,42.0,43.0,52.0,21.0,80.0,52.0,49.0,52.0,31.0,42.0,12.0,51.0,24.0,46.0,43.0,41.0,76.0,38.0,30.0,89.0,57.0,22.0,15.0,28.0,19.0,42.0,43.0,34.0,65.0,31.0,32.0,85.0,73.0,36.0,38.0,139.0,184.0,63.0,46.0,63.0,113.0,51.0,24.0,25.0,107.0,177.0,80.0,19.0,66.0
454,113.5,5.0,1.0,1.0,2.0,0.0,3.0,2.0,1.0,3.0,7.0,2.0,0.0,0.0,2.0,2.0,1.0,2.0,1.0,2.0,21.0,21.0,3.0,5.0,2.0,0.0,1.0,4.0,0.0,2.0,3.0,13.0,5.0,3.0,2.0,1.0,3.0,5.0,1.0,2.0,6.0,12.0,8.0,3.0,3.0,16.0,2.0,1.0,2.0,0.0,0.0,2.0,0.0,3.0,27.0,0.0,4.0,10.0,6.0,0.0,1.0,4.0,1.0,0.0,1.0,0.0,10.0,75.0,19.0,6.0,2.0,7.0,3.0,2.0,32.0,7.0,12.0,2.0,12.0,6.0,16.0,27.0,23.0,62.0,14.0,40.0,23.0,7.0,26.0,12.0,28.0,23.0,21.0,35.0,23.0,45.0,8.0,0.0,3.0,6.0,19.0,29.0,9.0,13.0,27.0,10.0,28.0,15.0,69.0,18.0,21.0,12.0,33.0,50.0,9.0,2.0,0.0,36.0,92.0,22.0,12.0,18.0,11.0,52.0,15.0,23.0,13.0,33.0,147.0,52.0,18.0,3.0,4.0,23.0,40.0,25.0,15.0,39.0,19.0,49.0,16.0,13.0,33.0,26.0,35.0,34.0,25.0,34.0,25.0,7.0,29.0,19.0,16.0,41.0,19.0,30.0,14.0,29.0,74.0,25.0,76.0,28.0,41.0,41.0,61.0,18.0,67.0,48.0,42.0,52.0,31.0,42.0,12.0,51.0,24.0,44.0,39.0,50.0,72.0,38.0,25.0,89.0,48.0,22.0,15.0,28.0,18.0,38.0,34.0,34.0,65.0,27.0,32.0,79.0,73.0,39.0,38.0,129.0,184.0,54.0,44.0,54.0,116.0,43.0,25.0,32.0,98.0,130.0,82.0,27.0,66.0
455,113.75,4.0,1.0,1.0,0.0,1.0,1.0,2.0,1.0,3.0,9.0,2.0,0.0,1.0,2.0,1.0,1.0,2.0,1.0,2.0,15.0,21.0,3.0,9.0,2.0,1.0,1.0,4.0,0.0,1.0,2.0,9.0,5.0,3.0,1.0,1.0,3.0,4.0,1.0,2.0,6.0,12.0,6.0,1.0,3.0,12.0,2.0,1.0,2.0,0.0,0.0,0.0,0.0,3.0,27.0,0.0,4.0,12.0,5.0,0.0,1.0,2.0,1.0,0.0,0.0,0.0,9.0,80.0,18.0,6.0,2.0,5.0,3.0,2.0,27.0,15.0,9.0,1.0,9.0,4.0,16.0,35.0,25.0,55.0,12.0,37.0,19.0,4.0,33.0,12.0,28.0,23.0,19.0,39.0,23.0,56.0,8.0,1.0,3.0,6.0,18.0,32.0,7.0,10.0,26.0,9.0,28.0,20.0,69.0,18.0,19.0,15.0,34.0,61.0,9.0,2.0,0.0,36.0,89.0,24.0,16.0,21.0,9.0,52.0,15.0,28.0,13.0,33.0,143.0,48.0,18.0,3.0,4.0,21.0,40.0,25.0,15.0,37.0,19.0,42.0,14.0,19.0,33.0,20.0,32.0,34.0,23.0,45.0,18.0,5.0,28.0,20.0,14.0,41.0,19.0,44.0,11.0,17.0,73.0,25.0,76.0,31.0,38.0,41.0,46.0,14.0,60.0,52.0,59.0,53.0,29.0,41.0,12.0,44.0,26.0,40.0,38.0,50.0,57.0,35.0,21.0,89.0,57.0,13.0,19.0,31.0,18.0,33.0,40.0,33.0,65.0,24.0,27.0,71.0,63.0,46.0,43.0,129.0,198.0,52.0,44.0,63.0,125.0,43.0,21.0,32.0,100.0,130.0,70.0,29.0,56.0
456,114.0,1.0,0.0,1.0,1.0,1.0,1.0,1.0,1.0,3.0,8.0,1.0,0.0,1.0,2.0,2.0,1.0,2.0,1.0,2.0,15.0,19.0,1.0,6.0,2.0,1.0,1.0,1.0,0.0,1.0,3.0,9.0,5.0,3.0,2.0,1.0,2.0,5.0,0.0,2.0,8.0,12.0,8.0,1.0,7.0,12.0,2.0,1.0,1.0,1.0,0.0,0.0,0.0,2.0,29.0,0.0,4.0,13.0,5.0,2.0,1.0,4.0,1.0,0.0,2.0,0.0,10.0,80.0,18.0,6.0,2.0,5.0,1.0,3.0,24.0,7.0,9.0,1.0,8.0,3.0,16.0,36.0,25.0,55.0,11.0,32.0,14.0,4.0,34.0,12.0,26.0,22.0,19.0,35.0,25.0,44.0,7.0,1.0,1.0,4.0,15.0,29.0,6.0,10.0,26.0,8.0,29.0,21.0,69.0,18.0,19.0,12.0,37.0,64.0,6.0,1.0,1.0,36.0,92.0,22.0,16.0,16.0,11.0,59.0,10.0,28.0,11.0,30.0,135.0,41.0,16.0,3.0,4.0,21.0,34.0,27.0,20.0,37.0,21.0,34.0,14.0,19.0,33.0,19.0,32.0,36.0,20.0,47.0,14.0,3.0,29.0,18.0,14.0,35.0,19.0,44.0,11.0,17.0,73.0,26.0,74.0,42.0,36.0,39.0,46.0,15.0,67.0,44.0,42.0,53.0,29.0,43.0,12.0,34.0,25.0,37.0,39.0,41.0,57.0,26.0,21.0,89.0,65.0,13.0,19.0,37.0,18.0,32.0,38.0,33.0,69.0,24.0,26.0,69.0,63.0,46.0,44.0,129.0,213.0,49.0,37.0,54.0,116.0,41.0,25.0,32.0,98.0,136.0,70.0,27.0,56.0
457,114.25,1.0,0.0,1.0,0.0,1.0,1.0,2.0,0.0,5.0,8.0,1.0,0.0,1.0,2.0,3.0,1.0,2.0,1.0,1.0,18.0,12.0,3.0,8.0,2.0,1.0,1.0,1.0,0.0,1.0,4.0,11.0,3.0,2.0,2.0,3.0,2.0,4.0,0.0,0.0,9.0,12.0,6.0,1.0,7.0,9.0,0.0,1.0,1.0,1.0,0.0,0.0,3.0,2.0,29.0,0.0,3.0,13.0,4.0,0.0,1.0,4.0,1.0,0.0,0.0,0.0,9.0,75.0,13.0,7.0,2.0,6.0,1.0,3.0,24.0,8.0,9.0,1.0,8.0,3.0,18.0,42.0,29.0,67.0,9.0,26.0,14.0,3.0,35.0,16.0,26.0,25.0,19.0,34.0,25.0,44.0,7.0,2.0,1.0,5.0,11.0,24.0,5.0,11.0,21.0,8.0,27.0,21.0,57.0,18.0,19.0,15.0,37.0,88.0,5.0,2.0,1.0,42.0,88.0,18.0,13.0,22.0,9.0,59.0,15.0,28.0,9.0,21.0,127.0,41.0,16.0,3.0,3.0,21.0,31.0,27.0,20.0,37.0,21.0,27.0,14.0,19.0,33.0,19.0,28.0,31.0,18.0,45.0,13.0,5.0,29.0,17.0,10.0,34.0,19.0,43.0,9.0,21.0,56.0,29.0,70.0,42.0,36.0,39.0,37.0,15.0,60.0,59.0,43.0,50.0,32.0,53.0,11.0,34.0,25.0,37.0,43.0,38.0,65.0,26.0,17.0,88.0,65.0,19.0,13.0,37.0,20.0,33.0,38.0,27.0,69.0,30.0,27.0,67.0,71.0,39.0,45.0,129.0,214.0,49.0,32.0,51.0,127.0,41.0,21.0,29.0,85.0,148.0,70.0,25.0,55.0
458,114.5,1.0,0.0,1.0,1.0,0.0,1.0,1.0,1.0,3.0,8.0,1.0,0.0,1.0,2.0,3.0,0.0,3.0,0.0,1.0,19.0,12.0,1.0,6.0,3.0,1.0,1.0,1.0,0.0,1.0,4.0,11.0,3.0,1.0,4.0,3.0,2.0,2.0,0.0,0.0,8.0,12.0,5.0,1.0,5.0,7.0,0.0,0.0,1.0,0.0,0.0,2.0,3.0,2.0,25.0,0.0,2.0,9.0,2.0,0.0,1.0,4.0,0.0,0.0,2.0,1.0,9.0,67.0,13.0,9.0,1.0,6.0,1.0,3.0,23.0,8.0,9.0,1.0,8.0,3.0,18.0,41.0,29.0,81.0,9.0,26.0,14.0,4.0,34.0,16.0,26.0,18.0,21.0,34.0,24.0,41.0,13.0,3.0,1.0,4.0,10.0,19.0,6.0,11.0,19.0,5.0,27.0,16.0,57.0,11.0,19.0,11.0,27.0,88.0,3.0,1.0,1.0,34.0,86.0,16.0,13.0,19.0,6.0,52.0,12.0,18.0,9.0,17.0,127.0,41.0,13.0,1.0,3.0,25.0,28.0,24.0,18.0,32.0,12.0,27.0,14.0,14.0,23.0,15.0,28.0,30.0,15.0,45.0,14.0,3.0,32.0,17.0,9.0,31.0,16.0,33.0,8.0,24.0,52.0,26.0,70.0,33.0,43.0,38.0,32.0,15.0,57.0,48.0,43.0,44.0,32.0,60.0,11.0,28.0,25.0,37.0,44.0,28.0,65.0,23.0,23.0,87.0,60.0,20.0,13.0,39.0,21.0,32.0,31.0,34.0,69.0,30.0,25.0,63.0,80.0,39.0,45.0,110.0,214.0,48.0,32.0,50.0,117.0,41.0,20.0,24.0,82.0,148.0,61.0,22.0,55.0
459,114.75,4.0,0.0,0.0,1.0,0.0,1.0,1.0,0.0,2.0,6.0,1.0,0.0,1.0,2.0,1.0,0.0,2.0,0.0,1.0,24.0,12.0,3.0,8.0,3.0,1.0,0.0,1.0,0.0,1.0,1.0,11.0,3.0,2.0,2.0,3.0,4.0,2.0,0.0,0.0,3.0,12.0,5.0,1.0,3.0,9.0,2.0,0.0,1.0,0.0,0.0,2.0,1.0,0.0,19.0,0.0,2.0,6.0,2.0,0.0,3.0,4.0,0.0,0.0,2.0,1.0,7.0,49.0,9.0,9.0,0.0,5.0,2.0,2.0,20.0,8.0,9.0,1.0,4.0,3.0,18.0,41.0,27.0,81.0,9.0,26.0,13.0,4.0,29.0,11.0,21.0,15.0,14.0,35.0,19.0,40.0,13.0,3.0,1.0,3.0,10.0,17.0,7.0,11.0,19.0,5.0,26.0,15.0,44.0,9.0,18.0,11.0,21.0,87.0,4.0,0.0,1.0,32.0,86.0,11.0,9.0,19.0,6.0,42.0,12.0,18.0,9.0,17.0,111.0,39.0,12.0,1.0,2.0,19.0,26.0,24.0,12.0,30.0,12.0,30.0,11.0,16.0,20.0,15.0,30.0,30.0,14.0,41.0,16.0,3.0,33.0,14.0,9.0,27.0,15.0,26.0,8.0,24.0,49.0,19.0,60.0,28.0,43.0,33.0,32.0,17.0,57.0,48.0,47.0,39.0,32.0,60.0,13.0,30.0,24.0,27.0,47.0,28.0,63.0,19.0,21.0,58.0,57.0,20.0,11.0,36.0,21.0,27.0,31.0,26.0,67.0,30.0,24.0,60.0,80.0,30.0,38.0,97.0,182.0,46.0,29.0,51.0,117.0,37.0,14.0,24.0,82.0,141.0,61.0,23.0,40.0
460,115.0,4.0,0.0,0.0,1.0,0.0,1.0,0.0,0.0,2.0,6.0,1.0,0.0,1.0,2.0,1.0,1.0,2.0,0.0,1.0,24.0,15.0,3.0,8.0,3.0,1.0,0.0,1.0,0.0,1.0,1.0,7.0,1.0,1.0,2.0,1.0,2.0,2.0,0.0,0.0,2.0,8.0,6.0,1.0,3.0,5.0,2.0,0.0,1.0,0.0,0.0,2.0,0.0,0.0,22.0,0.0,2.0,5.0,2.0,2.0,4.0,3.0,0.0,0.0,2.0,0.0,7.0,43.0,11.0,7.0,0.0,5.0,2.0,2.0,19.0,6.0,9.0,2.0,4.0,4.0,13.0,23.0,20.0,30.0,9.0,25.0,12.0,4.0,29.0,9.0,14.0,11.0,18.0,35.0,16.0,38.0,5.0,0.0,0.0,3.0,10.0,19.0,7.0,6.0,18.0,4.0,23.0,14.0,44.0,11.0,18.0,6.0,27.0,51.0,2.0,0.0,1.0,30.0,74.0,10.0,10.0,19.0,7.0,36.0,12.0,18.0,9.0,17.0,111.0,38.0,12.0,1.0,2.0,19.0,28.0,18.0,12.0,29.0,13.0,30.0,11.0,16.0,20.0,15.0,30.0,30.0,14.0,33.0,19.0,3.0,33.0,18.0,11.0,27.0,15.0,26.0,10.0,24.0,49.0,19.0,56.0,28.0,34.0,31.0,34.0,12.0,41.0,48.0,47.0,34.0,30.0,39.0,13.0,30.0,17.0,27.0,44.0,30.0,55.0,19.0,21.0,58.0,57.0,22.0,11.0,34.0,18.0,27.0,26.0,26.0,67.0,24.0,20.0,51.0,70.0,30.0,36.0,88.0,175.0,46.0,29.0,51.0,95.0,37.0,17.0,23.0,68.0,138.0,53.0,23.0,40.0
461,115.25,1.0,0.0,0.0,1.0,1.0,0.0,0.0,0.0,5.0,5.0,0.0,0.0,1.0,2.0,1.0,1.0,0.0,0.0,1.0,15.0,15.0,3.0,8.0,4.0,1.0,0.0,1.0,0.0,1.0,2.0,7.0,1.0,3.0,1.0,1.0,3.0,3.0,0.0,0.0,3.0,8.0,6.0,0.0,3.0,9.0,2.0,0.0,1.0,0.0,0.0,1.0,0.0,0.0,19.0,0.0,1.0,5.0,3.0,2.0,4.0,2.0,0.0,0.0,0.0,0.0,8.0,42.0,11.0,6.0,0.0,5.0,1.0,2.0,14.0,6.0,8.0,2.0,4.0,4.0,8.0,16.0,15.0,30.0,7.0,17.0,12.0,4.0,29.0,9.0,14.0,10.0,14.0,20.0,15.0,38.0,4.0,0.0,0.0,3.0,10.0,17.0,6.0,5.0,18.0,3.0,14.0,9.0,44.0,10.0,19.0,6.0,17.0,51.0,4.0,0.0,1.0,31.0,71.0,9.0,8.0,15.0,7.0,31.0,10.0,20.0,9.0,18.0,100.0,28.0,11.0,1.0,1.0,13.0,21.0,24.0,12.0,27.0,13.0,30.0,17.0,17.0,25.0,15.0,19.0,25.0,13.0,25.0,19.0,3.0,27.0,15.0,11.0,27.0,15.0,26.0,10.0,22.0,76.0,22.0,43.0,28.0,27.0,28.0,34.0,10.0,41.0,38.0,43.0,38.0,20.0,39.0,10.0,31.0,17.0,27.0,33.0,30.0,54.0,22.0,18.0,65.0,57.0,19.0,8.0,34.0,18.0,29.0,26.0,14.0,47.0,22.0,20.0,56.0,57.0,30.0,36.0,95.0,139.0,45.0,27.0,51.0,90.0,45.0,12.0,25.0,61.0,123.0,53.0,23.0,42.0
462,115.5,1.0,0.0,0.0,1.0,1.0,0.0,1.0,0.0,5.0,6.0,0.0,0.0,1.0,0.0,1.0,0.0,0.0,0.0,1.0,12.0,14.0,2.0,8.0,4.0,1.0,0.0,1.0,0.0,1.0,2.0,7.0,4.0,1.0,0.0,0.0,1.0,4.0,0.0,0.0,4.0,7.0,4.0,0.0,5.0,5.0,0.0,0.0,1.0,1.0,0.0,1.0,0.0,1.0,8.0,0.0,1.0,6.0,4.0,2.0,3.0,2.0,0.0,0.0,0.0,0.0,8.0,40.0,11.0,5.0,1.0,5.0,1.0,2.0,14.0,4.0,5.0,1.0,3.0,4.0,7.0,14.0,15.0,30.0,7.0,17.0,11.0,1.0,11.0,8.0,13.0,10.0,13.0,15.0,8.0,38.0,4.0,0.0,0.0,2.0,13.0,17.0,3.0,5.0,12.0,1.0,14.0,6.0,33.0,12.0,19.0,9.0,17.0,41.0,3.0,0.0,0.0,23.0,55.0,7.0,8.0,12.0,5.0,26.0,10.0,20.0,11.0,18.0,79.0,24.0,14.0,0.0,1.0,13.0,24.0,18.0,11.0,22.0,8.0,31.0,17.0,17.0,27.0,11.0,18.0,24.0,14.0,25.0,16.0,3.0,25.0,18.0,5.0,25.0,15.0,18.0,10.0,17.0,76.0,22.0,31.0,20.0,23.0,24.0,34.0,9.0,39.0,38.0,33.0,34.0,18.0,30.0,8.0,33.0,20.0,24.0,30.0,23.0,51.0,22.0,16.0,66.0,44.0,15.0,8.0,33.0,13.0,32.0,26.0,14.0,46.0,19.0,19.0,47.0,45.0,29.0,28.0,93.0,126.0,45.0,21.0,41.0,83.0,45.0,12.0,20.0,59.0,110.0,47.0,15.0,44.0
463,115.75,1.0,0.0,0.0,0.0,1.0,0.0,1.0,1.0,4.0,6.0,0.0,0.0,1.0,0.0,1.0,0.0,0.0,0.0,1.0,12.0,8.0,2.0,8.0,2.0,0.0,0.0,0.0,0.0,1.0,1.0,7.0,4.0,1.0,1.0,0.0,3.0,5.0,1.0,0.0,4.0,7.0,4.0,0.0,5.0,5.0,0.0,0.0,0.0,1.0,0.0,1.0,0.0,2.0,7.0,0.0,1.0,6.0,3.0,1.0,3.0,2.0,1.0,0.0,0.0,0.0,6.0,34.0,7.0,3.0,1.0,3.0,1.0,1.0,14.0,4.0,4.0,1.0,2.0,4.0,8.0,14.0,12.0,21.0,9.0,17.0,6.0,2.0,11.0,7.0,14.0,10.0,13.0,10.0,8.0,25.0,4.0,0.0,0.0,2.0,13.0,12.0,3.0,4.0,8.0,3.0,16.0,8.0,31.0,10.0,15.0,9.0,17.0,36.0,5.0,0.0,0.0,16.0,55.0,7.0,8.0,11.0,5.0,26.0,4.0,14.0,11.0,16.0,76.0,24.0,13.0,0.0,0.0,13.0,20.0,12.0,9.0,22.0,7.0,31.0,5.0,16.0,25.0,10.0,18.0,24.0,13.0,25.0,15.0,2.0,18.0,18.0,4.0,22.0,12.0,18.0,9.0,17.0,60.0,21.0,31.0,20.0,23.0,23.0,34.0,8.0,38.0,37.0,33.0,38.0,17.0,32.0,7.0,31.0,22.0,24.0,30.0,23.0,51.0,17.0,11.0,66.0,31.0,14.0,8.0,32.0,13.0,32.0,25.0,17.0,46.0,19.0,21.0,41.0,43.0,25.0,27.0,95.0,110.0,45.0,21.0,41.0,83.0,24.0,11.0,18.0,59.0,110.0,47.0,15.0,44.0
464,116.0,4.0,0.0,0.0,0.0,0.0,0.0,1.0,0.0,1.0,6.0,0.0,0.0,1.0,0.0,0.0,1.0,2.0,0.0,1.0,12.0,8.0,2.0,4.0,1.0,1.0,0.0,0.0,0.0,1.0,1.0,9.0,2.0,1.0,1.0,0.0,1.0,5.0,0.0,2.0,4.0,7.0,9.0,0.0,2.0,5.0,0.0,0.0,0.0,1.0,0.0,0.0,0.0,2.0,7.0,0.0,1.0,6.0,2.0,1.0,3.0,1.0,1.0,0.0,1.0,0.0,4.0,33.0,5.0,2.0,0.0,1.0,1.0,1.0,15.0,4.0,4.0,1.0,3.0,3.0,6.0,14.0,10.0,21.0,9.0,12.0,11.0,2.0,17.0,7.0,14.0,9.0,11.0,9.0,11.0,22.0,3.0,0.0,0.0,2.0,4.0,12.0,4.0,8.0,8.0,5.0,16.0,7.0,31.0,9.0,13.0,4.0,17.0,36.0,4.0,1.0,0.0,14.0,42.0,9.0,7.0,9.0,4.0,26.0,5.0,13.0,9.0,12.0,76.0,29.0,14.0,0.0,1.0,8.0,13.0,7.0,11.0,18.0,7.0,21.0,5.0,15.0,15.0,8.0,13.0,20.0,14.0,24.0,11.0,3.0,17.0,18.0,4.0,17.0,12.0,19.0,9.0,15.0,40.0,14.0,27.0,19.0,22.0,24.0,24.0,8.0,36.0,37.0,31.0,33.0,18.0,23.0,8.0,26.0,20.0,24.0,30.0,23.0,51.0,17.0,11.0,60.0,31.0,14.0,10.0,32.0,11.0,30.0,14.0,33.0,46.0,19.0,22.0,41.0,43.0,23.0,28.0,93.0,104.0,43.0,17.0,38.0,78.0,24.0,7.0,17.0,59.0,101.0,47.0,11.0,34.0
465,116.25,3.0,0.0,0.0,0.0,0.0,0.0,0.0,0.0,4.0,5.0,2.0,1.0,1.0,1.0,0.0,1.0,2.0,0.0,1.0,10.0,9.0,2.0,3.0,1.0,1.0,0.0,0.0,0.0,0.0,1.0,7.0,1.0,2.0,1.0,0.0,1.0,4.0,1.0,2.0,2.0,6.0,9.0,1.0,2.0,10.0,0.0,1.0,0.0,0.0,0.0,0.0,0.0,0.0,9.0,0.0,0.0,6.0,2.0,0.0,3.0,1.0,1.0,0.0,0.0,0.0,2.0,30.0,5.0,2.0,0.0,1.0,1.0,1.0,15.0,6.0,4.0,1.0,3.0,0.0,5.0,15.0,10.0,21.0,9.0,12.0,7.0,2.0,17.0,7.0,14.0,8.0,10.0,9.0,11.0,20.0,3.0,0.0,1.0,1.0,4.0,14.0,6.0,8.0,13.0,7.0,12.0,7.0,31.0,9.0,13.0,4.0,12.0,33.0,5.0,1.0,0.0,14.0,37.0,9.0,6.0,11.0,4.0,26.0,5.0,12.0,8.0,12.0,74.0,29.0,13.0,0.0,1.0,8.0,13.0,12.0,10.0,18.0,9.0,20.0,10.0,14.0,14.0,10.0,13.0,20.0,13.0,20.0,11.0,4.0,14.0,12.0,4.0,16.0,11.0,20.0,8.0,12.0,28.0,14.0,30.0,26.0,22.0,24.0,32.0,12.0,36.0,33.0,31.0,30.0,17.0,22.0,6.0,25.0,22.0,24.0,32.0,24.0,51.0,14.0,11.0,60.0,36.0,12.0,10.0,27.0,11.0,30.0,14.0,33.0,49.0,17.0,22.0,48.0,39.0,19.0,24.0,81.0,103.0,46.0,17.0,37.0,78.0,31.0,8.0,17.0,62.0,101.0,45.0,10.0,32.0
466,116.5,3.0,0.0,0.0,0.0,0.0,0.0,0.0,0.0,2.0,4.0,2.0,1.0,0.0,1.0,1.0,0.0,2.0,0.0,1.0,10.0,9.0,1.0,3.0,1.0,1.0,5.0,0.0,0.0,0.0,1.0,6.0,2.0,2.0,1.0,0.0,1.0,3.0,0.0,0.0,2.0,6.0,4.0,1.0,2.0,10.0,0.0,1.0,1.0,0.0,0.0,0.0,1.0,0.0,17.0,0.0,0.0,6.0,2.0,0.0,1.0,0.0,1.0,0.0,1.0,0.0,2.0,30.0,5.0,4.0,0.0,1.0,2.0,2.0,10.0,6.0,6.0,1.0,7.0,1.0,4.0,12.0,10.0,22.0,5.0,17.0,7.0,2.0,17.0,7.0,14.0,8.0,10.0,16.0,11.0,21.0,4.0,0.0,1.0,1.0,4.0,14.0,4.0,8.0,13.0,5.0,10.0,6.0,31.0,11.0,13.0,4.0,22.0,37.0,4.0,1.0,0.0,14.0,36.0,9.0,6.0,10.0,4.0,17.0,7.0,11.0,6.0,12.0,56.0,22.0,13.0,0.0,1.0,13.0,15.0,7.0,10.0,18.0,10.0,20.0,10.0,10.0,13.0,11.0,13.0,15.0,9.0,20.0,9.0,4.0,12.0,12.0,3.0,16.0,9.0,20.0,8.0,9.0,23.0,12.0,26.0,16.0,22.0,24.0,26.0,12.0,34.0,34.0,30.0,14.0,15.0,22.0,6.0,25.0,20.0,21.0,27.0,19.0,40.0,12.0,12.0,43.0,43.0,10.0,10.0,27.0,11.0,22.0,17.0,24.0,49.0,17.0,20.0,48.0,41.0,19.0,22.0,81.0,104.0,33.0,18.0,35.0,78.0,31.0,8.0,10.0,58.0,105.0,41.0,10.0,32.0
467,116.75,0.0,0.0,0.0,0.0,0.0,0.0,0.0,0.0,3.0,4.0,0.0,2.0,0.0,0.0,1.0,0.0,2.0,0.0,0.0,7.0,5.0,1.0,3.0,1.0,0.0,5.0,0.0,0.0,0.0,1.0,3.0,4.0,2.0,1.0,0.0,1.0,0.0,0.0,0.0,1.0,4.0,3.0,1.0,3.0,5.0,1.0,1.0,1.0,0.0,0.0,0.0,1.0,3.0,9.0,0.0,1.0,2.0,0.0,0.0,1.0,1.0,1.0,0.0,0.0,0.0,5.0,33.0,6.0,4.0,0.0,2.0,1.0,1.0,10.0,11.0,3.0,0.0,7.0,0.0,5.0,15.0,10.0,26.0,3.0,17.0,7.0,4.0,14.0,7.0,12.0,7.0,9.0,16.0,11.0,20.0,4.0,0.0,1.0,1.0,9.0,9.0,6.0,7.0,8.0,2.0,10.0,6.0,20.0,11.0,11.0,5.0,18.0,37.0,5.0,1.0,2.0,13.0,36.0,8.0,9.0,10.0,3.0,17.0,7.0,10.0,5.0,15.0,49.0,12.0,9.0,1.0,1.0,13.0,15.0,12.0,9.0,18.0,10.0,21.0,6.0,10.0,11.0,11.0,13.0,15.0,9.0,15.0,9.0,4.0,10.0,13.0,6.0,14.0,9.0,19.0,8.0,9.0,23.0,13.0,26.0,16.0,22.0,26.0,27.0,10.0,34.0,34.0,20.0,14.0,15.0,24.0,6.0,20.0,20.0,21.0,27.0,19.0,39.0,12.0,12.0,43.0,36.0,12.0,9.0,26.0,11.0,21.0,26.0,16.0,41.0,17.0,17.0,37.0,41.0,19.0,20.0,76.0,105.0,33.0,19.0,31.0,81.0,29.0,8.0,16.0,53.0,105.0,37.0,12.0,32.0
468,117.0,0.0,0.0,0.0,0.0,0.0,0.0,0.0,0.0,2.0,1.0,0.0,0.0,0.0,0.0,1.0,0.0,1.0,0.0,1.0,7.0,5.0,1.0,2.0,1.0,0.0,1.0,0.0,0.0,1.0,1.0,2.0,4.0,1.0,1.0,0.0,1.0,0.0,0.0,0.0,1.0,4.0,4.0,1.0,2.0,4.0,1.0,0.0,1.0,0.0,0.0,1.0,1.0,3.0,12.0,0.0,1.0,2.0,0.0,0.0,2.0,2.0,1.0,0.0,0.0,0.0,5.0,35.0,4.0,4.0,0.0,2.0,1.0,1.0,10.0,11.0,4.0,0.0,7.0,1.0,5.0,26.0,16.0,70.0,3.0,12.0,6.0,1.0,14.0,4.0,13.0,7.0,9.0,24.0,11.0,19.0,3.0,0.0,1.0,1.0,10.0,9.0,5.0,6.0,8.0,2.0,10.0,6.0,20.0,8.0,10.0,5.0,18.0,46.0,6.0,0.0,2.0,13.0,36.0,9.0,9.0,7.0,3.0,19.0,7.0,9.0,5.0,16.0,48.0,12.0,6.0,1.0,3.0,14.0,15.0,11.0,9.0,15.0,10.0,22.0,6.0,11.0,10.0,8.0,13.0,15.0,9.0,21.0,9.0,3.0,10.0,13.0,3.0,14.0,10.0,16.0,8.0,9.0,24.0,12.0,24.0,16.0,19.0,18.0,26.0,7.0,34.0,34.0,17.0,14.0,15.0,31.0,6.0,18.0,18.0,19.0,24.0,19.0,37.0,9.0,12.0,43.0,35.0,9.0,9.0,21.0,16.0,19.0,26.0,15.0,41.0,14.0,17.0,35.0,43.0,18.0,22.0,76.0,108.0,28.0,22.0,28.0,81.0,27.0,6.0,14.0,47.0,103.0,41.0,12.0,32.0
469,117.25,0.0,0.0,0.0,0.0,0.0,0.0,0.0,0.0,1.0,1.0,0.0,0.0,0.0,0.0,1.0,0.0,0.0,0.0,0.0,7.0,5.0,1.0,5.0,1.0,0.0,1.0,0.0,0.0,0.0,1.0,2.0,1.0,1.0,1.0,0.0,2.0,0.0,0.0,0.0,1.0,6.0,1.0,0.0,3.0,4.0,1.0,0.0,0.0,0.0,0.0,0.0,1.0,1.0,11.0,1.0,1.0,3.0,0.0,0.0,2.0,2.0,0.0,0.0,0.0,0.0,5.0,50.0,6.0,2.0,0.0,4.0,1.0,1.0,12.0,7.0,4.0,2.0,5.0,0.0,8.0,42.0,18.0,70.0,3.0,7.0,6.0,4.0,18.0,4.0,12.0,8.0,9.0,24.0,11.0,9.0,3.0,0.0,1.0,2.0,11.0,9.0,6.0,4.0,11.0,2.0,10.0,7.0,19.0,8.0,11.0,6.0,18.0,54.0,6.0,0.0,0.0,13.0,35.0,9.0,3.0,7.0,6.0,19.0,7.0,9.0,5.0,16.0,33.0,16.0,6.0,0.0,3.0,14.0,14.0,11.0,11.0,15.0,13.0,22.0,6.0,11.0,10.0,8.0,10.0,15.0,9.0,20.0,9.0,3.0,12.0,6.0,5.0,14.0,10.0,17.0,8.0,8.0,24.0,11.0,19.0,12.0,15.0,21.0,21.0,4.0,31.0,28.0,20.0,18.0,10.0,34.0,7.0,16.0,15.0,19.0,27.0,22.0,39.0,13.0,21.0,50.0,32.0,10.0,5.0,21.0,17.0,17.0,24.0,15.0,44.0,17.0,17.0,35.0,53.0,16.0,19.0,76.0,144.0,28.0,26.0,28.0,66.0,29.0,6.0,16.0,45.0,97.0,41.0,12.0,28.0
470,117.5,0.0,0.0,0.0,0.0,1.0,0.0,0.0,0.0,1.0,1.0,0.0,0.0,0.0,0.0,1.0,0.0,0.0,0.0,0.0,8.0,3.0,1.0,2.0,1.0,0.0,1.0,0.0,0.0,1.0,1.0,2.0,1.0,1.0,1.0,0.0,2.0,0.0,0.0,0.0,1.0,6.0,1.0,0.0,2.0,4.0,0.0,0.0,1.0,1.0,0.0,0.0,1.0,1.0,12.0,0.0,1.0,3.0,0.0,0.0,3.0,2.0,0.0,0.0,0.0,0.0,5.0,50.0,9.0,2.0,0.0,2.0,1.0,2.0,8.0,4.0,5.0,3.0,4.0,1.0,5.0,42.0,18.0,45.0,2.0,7.0,5.0,2.0,18.0,4.0,13.0,9.0,12.0,31.0,12.0,9.0,2.0,0.0,1.0,2.0,10.0,13.0,5.0,4.0,11.0,4.0,7.0,7.0,19.0,11.0,14.0,6.0,16.0,54.0,3.0,0.0,0.0,14.0,35.0,9.0,3.0,7.0,6.0,14.0,7.0,4.0,3.0,10.0,33.0,22.0,5.0,0.0,2.0,14.0,14.0,5.0,12.0,17.0,13.0,18.0,6.0,13.0,14.0,8.0,13.0,14.0,9.0,20.0,11.0,3.0,15.0,6.0,5.0,13.0,11.0,16.0,7.0,8.0,23.0,11.0,19.0,10.0,15.0,18.0,20.0,4.0,31.0,21.0,21.0,19.0,10.0,34.0,7.0,16.0,15.0,19.0,23.0,24.0,38.0,14.0,21.0,50.0,32.0,10.0,5.0,21.0,18.0,17.0,24.0,14.0,44.0,17.0,17.0,43.0,53.0,18.0,22.0,69.0,164.0,31.0,24.0,29.0,52.0,25.0,7.0,14.0,45.0,97.0,42.0,11.0,34.0
471,117.75,1.0,0.0,0.0,1.0,1.0,0.0,0.0,0.0,1.0,4.0,0.0,0.0,1.0,0.0,1.0,0.0,0.0,0.0,0.0,10.0,3.0,1.0,2.0,2.0,0.0,1.0,0.0,0.0,1.0,1.0,1.0,1.0,2.0,1.0,0.0,2.0,0.0,0.0,0.0,1.0,6.0,1.0,0.0,2.0,7.0,1.0,0.0,1.0,1.0,0.0,0.0,0.0,1.0,14.0,1.0,2.0,2.0,0.0,0.0,1.0,2.0,0.0,0.0,0.0,0.0,5.0,28.0,10.0,6.0,2.0,4.0,1.0,2.0,5.0,7.0,5.0,2.0,5.0,1.0,8.0,19.0,15.0,15.0,1.0,18.0,5.0,3.0,18.0,5.0,13.0,9.0,14.0,23.0,12.0,14.0,2.0,0.0,1.0,2.0,10.0,9.0,5.0,4.0,13.0,6.0,8.0,7.0,18.0,14.0,14.0,6.0,16.0,45.0,3.0,0.0,0.0,15.0,19.0,8.0,4.0,7.0,5.0,9.0,4.0,2.0,3.0,9.0,32.0,22.0,6.0,0.0,0.0,14.0,11.0,5.0,12.0,18.0,13.0,16.0,6.0,9.0,14.0,10.0,12.0,12.0,9.0,16.0,11.0,2.0,16.0,8.0,6.0,8.0,10.0,13.0,4.0,8.0,20.0,16.0,19.0,9.0,22.0,17.0,21.0,4.0,31.0,21.0,24.0,19.0,11.0,29.0,7.0,16.0,16.0,19.0,26.0,24.0,38.0,14.0,21.0,46.0,26.0,10.0,5.0,19.0,18.0,23.0,23.0,21.0,35.0,17.0,16.0,43.0,51.0,17.0,23.0,65.0,164.0,35.0,25.0,29.0,50.0,19.0,9.0,15.0,41.0,100.0,48.0,12.0,34.0
472,118.0,1.0,0.0,0.0,1.0,1.0,0.0,0.0,1.0,2.0,4.0,0.0,0.0,1.0,0.0,1.0,0.0,0.0,0.0,0.0,10.0,5.0,1.0,2.0,2.0,1.0,0.0,0.0,0.0,1.0,1.0,3.0,3.0,2.0,1.0,0.0,1.0,1.0,0.0,0.0,1.0,6.0,1.0,0.0,2.0,3.0,1.0,0.0,1.0,0.0,0.0,1.0,0.0,1.0,16.0,0.0,2.0,2.0,5.0,0.0,3.0,2.0,0.0,0.0,1.0,0.0,3.0,24.0,9.0,6.0,2.0,3.0,1.0,2.0,5.0,4.0,4.0,1.0,5.0,1.0,4.0,9.0,8.0,15.0,1.0,20.0,4.0,2.0,16.0,5.0,13.0,7.0,16.0,16.0,11.0,20.0,2.0,1.0,1.0,2.0,5.0,13.0,3.0,4.0,10.0,6.0,8.0,5.0,18.0,14.0,8.0,5.0,12.0,16.0,3.0,0.0,0.0,14.0,19.0,7.0,4.0,9.0,4.0,8.0,4.0,2.0,3.0,9.0,32.0,12.0,6.0,0.0,0.0,11.0,11.0,9.0,8.0,18.0,7.0,12.0,6.0,11.0,14.0,10.0,12.0,9.0,8.0,13.0,11.0,0.0,16.0,8.0,6.0,7.0,10.0,12.0,2.0,7.0,20.0,16.0,16.0,9.0,22.0,9.0,20.0,5.0,29.0,18.0,24.0,17.0,11.0,22.0,7.0,13.0,16.0,16.0,25.0,16.0,28.0,13.0,17.0,43.0,26.0,9.0,5.0,24.0,18.0,23.0,22.0,14.0,33.0,17.0,16.0,33.0,32.0,19.0,23.0,52.0,118.0,32.0,24.0,24.0,43.0,17.0,13.0,15.0,38.0,100.0,48.0,11.0,34.0
473,118.25,1.0,0.0,0.0,0.0,1.0,0.0,0.0,0.0,4.0,3.0,0.0,0.0,2.0,0.0,1.0,0.0,1.0,0.0,0.0,4.0,5.0,0.0,2.0,2.0,0.0,0.0,0.0,0.0,1.0,1.0,3.0,2.0,1.0,1.0,0.0,1.0,1.0,0.0,0.0,1.0,6.0,3.0,0.0,4.0,7.0,1.0,0.0,1.0,0.0,0.0,1.0,0.0,1.0,16.0,0.0,2.0,2.0,5.0,0.0,1.0,2.0,0.0,0.0,1.0,0.0,3.0,23.0,8.0,5.0,0.0,3.0,2.0,2.0,5.0,3.0,2.0,1.0,5.0,1.0,2.0,6.0,7.0,12.0,2.0,18.0,6.0,2.0,16.0,7.0,10.0,7.0,16.0,12.0,7.0,14.0,2.0,1.0,1.0,1.0,5.0,7.0,3.0,4.0,11.0,5.0,8.0,5.0,17.0,7.0,7.0,5.0,10.0,12.0,4.0,0.0,0.0,11.0,16.0,8.0,4.0,3.0,5.0,3.0,4.0,3.0,4.0,9.0,21.0,12.0,6.0,0.0,0.0,9.0,13.0,11.0,6.0,10.0,7.0,11.0,8.0,11.0,12.0,10.0,5.0,12.0,7.0,9.0,11.0,0.0,10.0,8.0,6.0,8.0,9.0,10.0,2.0,5.0,20.0,13.0,10.0,10.0,12.0,9.0,25.0,7.0,24.0,18.0,24.0,12.0,10.0,22.0,7.0,13.0,8.0,17.0,25.0,16.0,24.0,12.0,11.0,38.0,21.0,9.0,3.0,20.0,12.0,20.0,14.0,14.0,33.0,17.0,15.0,29.0,30.0,17.0,20.0,52.0,84.0,32.0,24.0,24.0,41.0,15.0,13.0,15.0,33.0,81.0,35.0,8.0,21.0
474,118.5,0.0,0.0,0.0,0.0,1.0,0.0,0.0,0.0,4.0,3.0,0.0,0.0,0.0,1.0,0.0,0.0,1.0,0.0,0.0,2.0,5.0,0.0,2.0,1.0,0.0,0.0,0.0,0.0,0.0,1.0,3.0,2.0,1.0,1.0,0.0,0.0,1.0,0.0,0.0,1.0,3.0,3.0,0.0,4.0,7.0,1.0,0.0,0.0,0.0,0.0,0.0,0.0,1.0,15.0,0.0,1.0,2.0,2.0,0.0,3.0,2.0,0.0,0.0,0.0,0.0,1.0,8.0,6.0,5.0,0.0,2.0,2.0,1.0,6.0,3.0,2.0,1.0,2.0,1.0,2.0,6.0,8.0,9.0,2.0,11.0,4.0,2.0,16.0,7.0,9.0,7.0,14.0,12.0,7.0,9.0,1.0,1.0,0.0,1.0,5.0,7.0,3.0,4.0,10.0,4.0,6.0,5.0,13.0,7.0,7.0,5.0,6.0,8.0,3.0,0.0,0.0,7.0,12.0,7.0,3.0,6.0,2.0,4.0,3.0,3.0,4.0,9.0,21.0,13.0,8.0,0.0,0.0,5.0,13.0,11.0,4.0,8.0,7.0,10.0,8.0,11.0,11.0,8.0,5.0,8.0,7.0,9.0,10.0,0.0,6.0,8.0,5.0,7.0,7.0,10.0,2.0,3.0,13.0,10.0,10.0,10.0,12.0,8.0,21.0,6.0,15.0,14.0,19.0,12.0,9.0,22.0,2.0,13.0,7.0,16.0,18.0,14.0,21.0,11.0,4.0,23.0,20.0,10.0,3.0,24.0,10.0,15.0,19.0,13.0,25.0,17.0,12.0,24.0,20.0,13.0,19.0,49.0,84.0,23.0,17.0,24.0,29.0,13.0,8.0,12.0,29.0,66.0,23.0,8.0,15.0
475,118.75,0.0,0.0,0.0,0.0,1.0,0.0,0.0,0.0,1.0,5.0,0.0,0.0,1.0,1.0,0.0,0.0,1.0,0.0,0.0,4.0,5.0,0.0,3.0,1.0,0.0,1.0,0.0,0.0,0.0,4.0,3.0,0.0,0.0,1.0,0.0,0.0,0.0,0.0,0.0,1.0,3.0,3.0,0.0,4.0,7.0,1.0,0.0,0.0,0.0,0.0,0.0,0.0,1.0,14.0,0.0,1.0,2.0,2.0,0.0,2.0,2.0,2.0,0.0,0.0,0.0,1.0,8.0,6.0,1.0,0.0,2.0,2.0,1.0,4.0,3.0,2.0,1.0,2.0,0.0,2.0,4.0,6.0,7.0,2.0,9.0,4.0,2.0,9.0,8.0,9.0,7.0,10.0,10.0,7.0,9.0,1.0,0.0,0.0,1.0,5.0,6.0,2.0,4.0,7.0,4.0,5.0,4.0,13.0,7.0,5.0,3.0,5.0,6.0,0.0,0.0,0.0,7.0,12.0,6.0,3.0,4.0,0.0,4.0,1.0,3.0,4.0,9.0,20.0,13.0,6.0,1.0,0.0,5.0,9.0,6.0,3.0,6.0,6.0,7.0,5.0,10.0,6.0,8.0,8.0,13.0,3.0,17.0,10.0,0.0,6.0,9.0,5.0,9.0,7.0,10.0,2.0,5.0,13.0,7.0,14.0,10.0,14.0,9.0,21.0,7.0,12.0,9.0,9.0,10.0,9.0,21.0,2.0,13.0,7.0,11.0,16.0,13.0,20.0,6.0,4.0,16.0,16.0,10.0,4.0,20.0,8.0,14.0,13.0,12.0,32.0,12.0,12.0,23.0,16.0,13.0,18.0,49.0,78.0,23.0,16.0,7.0,25.0,12.0,7.0,9.0,29.0,65.0,22.0,8.0,14.0
476,119.0,0.0,0.0,0.0,0.0,0.0,0.0,0.0,0.0,0.0,5.0,0.0,0.0,1.0,0.0,1.0,0.0,0.0,0.0,0.0,1.0,4.0,0.0,2.0,1.0,0.0,0.0,0.0,0.0,0.0,4.0,3.0,0.0,1.0,0.0,0.0,0.0,0.0,0.0,0.0,1.0,3.0,3.0,0.0,2.0,3.0,0.0,0.0,0.0,0.0,0.0,0.0,0.0,1.0,3.0,0.0,1.0,2.0,2.0,0.0,2.0,1.0,0.0,0.0,0.0,0.0,1.0,7.0,6.0,1.0,0.0,2.0,2.0,3.0,1.0,3.0,0.0,1.0,2.0,0.0,3.0,4.0,6.0,7.0,2.0,8.0,3.0,2.0,8.0,8.0,7.0,5.0,10.0,7.0,7.0,8.0,1.0,0.0,0.0,3.0,4.0,5.0,2.0,1.0,7.0,3.0,5.0,2.0,13.0,7.0,8.0,4.0,5.0,4.0,0.0,0.0,0.0,7.0,12.0,2.0,3.0,4.0,0.0,4.0,1.0,2.0,4.0,6.0,14.0,11.0,6.0,0.0,0.0,4.0,3.0,6.0,3.0,6.0,3.0,9.0,2.0,9.0,6.0,9.0,8.0,8.0,3.0,17.0,5.0,0.0,7.0,9.0,3.0,9.0,6.0,8.0,2.0,5.0,11.0,7.0,14.0,10.0,14.0,9.0,16.0,6.0,15.0,8.0,7.0,7.0,5.0,18.0,1.0,9.0,7.0,10.0,16.0,13.0,20.0,6.0,5.0,16.0,15.0,5.0,4.0,15.0,8.0,7.0,14.0,10.0,32.0,8.0,5.0,10.0,13.0,7.0,14.0,37.0,78.0,20.0,12.0,7.0,21.0,10.0,5.0,9.0,29.0,62.0,22.0,7.0,11.0
477,119.25,0.0,0.0,0.0,0.0,0.0,0.0,0.0,0.0,0.0,5.0,0.0,0.0,1.0,0.0,2.0,0.0,0.0,0.0,0.0,5.0,4.0,0.0,1.0,0.0,0.0,0.0,0.0,0.0,0.0,1.0,3.0,1.0,0.0,2.0,0.0,0.0,0.0,0.0,0.0,0.0,3.0,2.0,1.0,1.0,2.0,1.0,0.0,0.0,0.0,0.0,0.0,0.0,1.0,3.0,0.0,1.0,1.0,1.0,0.0,2.0,0.0,0.0,0.0,0.0,0.0,0.0,7.0,5.0,2.0,0.0,3.0,2.0,3.0,1.0,3.0,0.0,1.0,2.0,0.0,3.0,5.0,5.0,5.0,2.0,5.0,2.0,2.0,6.0,3.0,4.0,2.0,7.0,7.0,7.0,5.0,1.0,0.0,0.0,3.0,3.0,2.0,2.0,1.0,5.0,3.0,5.0,2.0,6.0,5.0,5.0,2.0,5.0,3.0,2.0,0.0,0.0,4.0,12.0,2.0,2.0,3.0,0.0,3.0,1.0,2.0,1.0,3.0,13.0,11.0,3.0,1.0,0.0,5.0,3.0,5.0,4.0,7.0,3.0,7.0,2.0,9.0,5.0,9.0,7.0,7.0,6.0,8.0,3.0,0.0,7.0,4.0,2.0,9.0,6.0,6.0,1.0,5.0,14.0,7.0,11.0,10.0,6.0,10.0,11.0,8.0,9.0,9.0,6.0,7.0,5.0,11.0,1.0,9.0,5.0,11.0,16.0,13.0,15.0,8.0,7.0,17.0,14.0,5.0,4.0,15.0,8.0,5.0,10.0,10.0,32.0,7.0,4.0,6.0,14.0,9.0,9.0,27.0,65.0,30.0,12.0,7.0,17.0,10.0,5.0,9.0,27.0,58.0,22.0,6.0,14.0
478,119.5,0.0,0.0,0.0,0.0,1.0,0.0,0.0,0.0,0.0,2.0,0.0,0.0,0.0,0.0,2.0,2.0,0.0,0.0,0.0,5.0,3.0,2.0,0.0,0.0,0.0,0.0,0.0,0.0,0.0,1.0,3.0,1.0,0.0,1.0,0.0,0.0,0.0,0.0,0.0,0.0,2.0,1.0,0.0,0.0,2.0,1.0,0.0,0.0,0.0,0.0,0.0,1.0,0.0,3.0,0.0,0.0,0.0,1.0,1.0,1.0,0.0,0.0,0.0,0.0,0.0,0.0,4.0,5.0,2.0,0.0,3.0,2.0,2.0,2.0,3.0,1.0,1.0,1.0,0.0,3.0,5.0,5.0,5.0,2.0,5.0,1.0,2.0,4.0,3.0,3.0,2.0,4.0,8.0,5.0,5.0,2.0,0.0,0.0,3.0,3.0,1.0,2.0,2.0,6.0,3.0,5.0,3.0,5.0,4.0,5.0,2.0,3.0,2.0,2.0,0.0,0.0,2.0,9.0,2.0,1.0,3.0,2.0,3.0,1.0,2.0,2.0,3.0,8.0,7.0,3.0,0.0,0.0,3.0,4.0,7.0,4.0,7.0,1.0,7.0,2.0,7.0,5.0,6.0,5.0,5.0,6.0,4.0,3.0,0.0,3.0,4.0,2.0,7.0,6.0,4.0,1.0,4.0,10.0,7.0,11.0,5.0,6.0,9.0,11.0,3.0,18.0,7.0,6.0,5.0,4.0,11.0,1.0,9.0,5.0,10.0,13.0,13.0,14.0,8.0,7.0,17.0,9.0,2.0,2.0,15.0,4.0,6.0,12.0,7.0,15.0,6.0,4.0,6.0,10.0,7.0,8.0,28.0,63.0,20.0,14.0,9.0,12.0,8.0,5.0,9.0,20.0,54.0,14.0,6.0,14.0
479,119.75,0.0,0.0,0.0,0.0,1.0,0.0,0.0,0.0,0.0,1.0,0.0,0.0,0.0,0.0,0.0,2.0,0.0,0.0,0.0,5.0,2.0,2.0,0.0,0.0,0.0,0.0,0.0,0.0,0.0,0.0,3.0,1.0,0.0,1.0,0.0,0.0,0.0,0.0,0.0,0.0,2.0,0.0,0.0,0.0,2.0,1.0,0.0,0.0,0.0,0.0,0.0,0.0,0.0,2.0,0.0,0.0,0.0,1.0,1.0,1.0,0.0,0.0,0.0,0.0,0.0,0.0,4.0,3.0,0.0,0.0,0.0,1.0,1.0,2.0,3.0,1.0,1.0,1.0,0.0,0.0,0.0,5.0,5.0,1.0,3.0,1.0,0.0,2.0,1.0,0.0,2.0,4.0,8.0,4.0,2.0,0.0,0.0,0.0,1.0,2.0,0.0,1.0,2.0,3.0,2.0,3.0,3.0,2.0,3.0,5.0,2.0,2.0,1.0,0.0,0.0,0.0,1.0,5.0,1.0,0.0,3.0,2.0,1.0,1.0,1.0,1.0,2.0,5.0,5.0,0.0,0.0,0.0,0.0,4.0,5.0,2.0,5.0,1.0,4.0,2.0,4.0,1.0,4.0,2.0,3.0,1.0,2.0,3.0,0.0,1.0,4.0,0.0,6.0,3.0,2.0,1.0,2.0,6.0,1.0,11.0,5.0,2.0,4.0,4.0,2.0,5.0,5.0,2.0,1.0,4.0,3.0,1.0,6.0,5.0,5.0,9.0,6.0,9.0,8.0,3.0,7.0,5.0,0.0,2.0,8.0,4.0,4.0,7.0,5.0,13.0,6.0,4.0,6.0,8.0,6.0,3.0,27.0,57.0,20.0,14.0,7.0,12.0,8.0,2.0,6.0,14.0,49.0,13.0,4.0,14.0
