time_index,time,node_00,node_01,node_02,node_03,node_04,node_05,node_06,node_07,node_08,node_09,node_10,node_11,node_12,node_13,node_14,node_15,node_16,node_17,node_18,node_19
0,0.0,29.742128372192383,36.59638977050781,71.40721130371094,39.32890319824219,46.879852294921875,32.551856994628906,53.330684661865234,36.790252685546875,33.097774505615234,48.61015319824219,23.001710891723633,23.10985565185547,33.70288848876953,24.565855026245117,28.138761520385742,39.70539474487305,62.941646575927734,51.38993835449219,48.41448974609375,37.43191146850586
1,1.0,43.93794250488281,34.785194396972656,52.156883239746094,27.111194610595703,47.64608383178711,37.33876037597656,54.368778228759766,38.558067321777344,45.079261779785156,38.7262077331543,18.24078369140625,20.055383682250977,35.56235122680664,27.338253021240234,37.33951950073242,37.58683776855469,56.31756591796875,46.48275375366211,33.06056213378906,42.778167724609375
2,2.0,47.81949234008789,32.66289520263672,46.314613342285156,23.11438751220703,45.90357208251953,39.2567138671875,57.24351119995117,42.24956512451172,44.328147888183594,35.39155197143555,16.754789352416992,21.6494140625,34.59563064575195,28.112977981567383,37.827816009521484,32.86420440673828,53.59062957763672,46.090415954589844,28.866065979003906,50.15870666503906
3,3.0,49.58354187011719,33.43407440185547,40.038726806640625,21.770814895629883,46.26572799682617,39.5238151550293,59.11294937133789,42.42620849609375,43.54039001464844,37.89190673828125,16.428783416748047,21.34541893005371,37.11955261230469,29.977622985839844,37.607933044433594,32.23369216918945,52.75755310058594,45.22502517700195,24.985992431640625,50.69158935546875
4,4.0,54.4233512878418,33.06393051147461,35.498260498046875,24.007972717285156,49.88417053222656,43.87164306640625,57.31550598144531,46.169281005859375,41.201534271240234,37.81483840942383,17.82500457763672,17.998062133789062,33.57624053955078,29.064218521118164,38.50428771972656,34.901668548583984,52.428131103515625,49.195655822753906,21.64081382751465,50.35905075073242
5,5.0,58.37334442138672,33.77976989746094,36.49525451660156,22.656475067138672,51.603450775146484,43.110557556152344,60.230247497558594,47.05497741699219,41.92529296875,36.858970642089844,17.714731216430664,20.08993911743164,36.89210891723633,29.85346031188965,44.871578216552734,35.278106689453125,49.78990936279297,53.5825309753418,24.93099594116211,50.984371185302734
6,6.0,63.06077575683594,33.905033111572266,36.31455993652344,23.897153854370117,50.87158966064453,44.97862243652344,62.19351577758789,49.777748107910156,39.53316879272461,36.91305923461914,18.210548400878906,23.438461303710938,37.80936813354492,32.52942657470703,44.822200775146484,36.54119873046875,47.9749755859375,58.49465560913086,27.100662231445312,48.875221252441406
7,7.0,66.55712890625,36.191162109375,37.45048904418945,24.967161178588867,49.7561149597168,46.5301513671875,66.01142120361328,53.328208923339844,42.02589797973633,40.21113204956055,16.757917404174805,22.848644256591797,35.717735290527344,34.783424377441406,47.300819396972656,36.06211471557617,51.153350830078125,62.90803909301758,23.934349060058594,51.14664077758789
8,8.0,68.97337341308594,36.93034362792969,40.459739685058594,27.93625259399414,52.64495849609375,46.533302307128906,66.13494110107422,58.42298126220703,43.81892395019531,40.965389251708984,18.162717819213867,27.689258575439453,36.98921203613281,36.85575866699219,44.46805191040039,39.30963134765625,51.33718490600586,66.9167709350586,27.699275970458984,53.22383117675781
9,9.0,68.41539764404297,41.7352180480957,42.68454360961914,27.492595672607422,52.85318374633789,49.600284576416016,68.83138275146484,57.04751205444336,47.730560302734375,45.95012664794922,22.19275665283203,29.532943725585938,40.97124099731445,36.02840805053711,50.19344711303711,40.2227783203125,54.020511627197266,68.73099517822266,28.258712768554688,58.579856872558594
10,10.0,73.37433624267578,42.591651916503906,45.63928985595703,27.776634216308594,56.86661148071289,53.60934829711914,72.32862091064453,62.27536392211914,46.61758041381836,48.132049560546875,22.04554557800293,29.425941467285156,45.19886779785156,39.04205322265625,54.581398010253906,42.6921501159668,58.771427154541016,68.2982177734375,28.7108211517334,63.90690231323242
11,11.0,79.90562438964844,41.42497634887695,46.67625427246094,28.126998901367188,63.35906982421875,57.99797821044922,79.905029296875,66.08955383300781,48.502742767333984,50.652183532714844,27.148757934570312,31.13361358642578,44.83887481689453,42.56715774536133,56.68640899658203,46.62653350830078,60.11836624145508,75.50926971435547,30.451679229736328,68.34371185302734
12,12.0,82.61447143554688,44.605743408203125,47.86058807373047,31.208240509033203,65.86386108398438,60.930824279785156,83.89016723632812,72.52810668945312,53.086280822753906,52.63375473022461,31.175981521606445,31.73051643371582,47.74351501464844,47.85396957397461,61.94721603393555,51.35614013671875,61.60685348510742,78.76029205322266,34.7241096496582,71.35931396484375
13,13.0,86.12138366699219,48.18452453613281,50.08756637573242,34.15005874633789,67.9050521850586,64.16695404052734,92.21751403808594,81.2300033569336,54.4742431640625,55.054542541503906,36.040245056152344,34.46721649169922,48.60969161987305,46.47209167480469,66.44782257080078,53.21346664428711,67.44198608398438,85.53495025634766,36.9803352355957,76.17047882080078
14,14.0,91.82867431640625,49.463069915771484,50.86204528808594,37.274391174316406,70.40516662597656,66.8694076538086,98.04698944091797,86.27075958251953,59.740360260009766,57.23551559448242,37.31423568725586,38.54150390625,53.7822265625,50.97114181518555,67.54667663574219,56.615203857421875,69.68331146240234,94.1638412475586,39.33460235595703,76.74053955078125
15,15.0,97.87240600585938,53.245384216308594,54.642208099365234,42.95771026611328,77.22611999511719,72.41915130615234,101.52790069580078,91.07716369628906,65.09664154052734,62.007164001464844,40.705604553222656,39.984336853027344,59.86271286010742,51.25318145751953,72.65316009521484,55.95592498779297,72.26730346679688,98.3861083984375,42.57364273071289,84.14527130126953
16,16.0,103.71012878417969,59.570919036865234,56.19190216064453,45.28447723388672,80.03968811035156,74.21295928955078,108.9833984375,96.62738037109375,66.6219253540039,64.02777862548828,44.411293029785156,41.43021774291992,64.82530212402344,56.967559814453125,80.14759063720703,61.70072555541992,78.86929321289062,102.74420166015625,47.06443405151367,89.5128402709961
17,17.0,109.26581573486328,57.422359466552734,60.77308654785156,51.02102279663086,82.42461395263672,79.60892486572266,116.27703857421875,103.82878112792969,72.68057250976562,67.96501159667969,47.3542594909668,42.03483963012695,70.21797943115234,63.135414123535156,85.98715209960938,68.41140747070312,81.62266540527344,112.10449981689453,50.226593017578125,95.20037841796875
18,18.0,114.97776794433594,60.186885833740234,67.8671646118164,54.87645721435547,86.65892791748047,85.51839447021484,120.81853485107422,110.6104965209961,76.7088623046875,68.71833801269531,51.11195755004883,44.46623229980469,72.19978332519531,66.28305053710938,94.44940948486328,73.11835479736328,87.424560546875,120.69141387939453,51.93287658691406,103.48579406738281
19,19.0,121.60717010498047,64.72289276123047,69.94296264648438,58.754730224609375,94.80712127685547,92.63602447509766,127.56538391113281,115.85943603515625,79.8746109008789,70.96344757080078,57.04802322387695,49.76179885864258,74.71800231933594,68.50304412841797,100.51446533203125,78.54605865478516,92.70404815673828,125.52306365966797,56.85919952392578,106.18769073486328
20,20.0,123.66168975830078,67.7164306640625,76.47079467773438,61.08405685424805,98.6020736694336,97.42298889160156,134.65684509277344,124.97716522216797,82.561767578125,77.73604583740234,61.37754440307617,53.982276916503906,80.35984802246094,71.90154266357422,105.2721176147461,83.28006744384766,96.9561538696289,131.09481811523438,61.06206512451172,114.0980224609375
21,21.0,131.9761962890625,70.0307388305664,77.5693359375,63.20240783691406,104.70591735839844,106.8297348022461,141.20130920410156,132.2741241455078,88.42125701904297,80.20377349853516,61.19329833984375,51.74622344970703,85.38935852050781,81.04669952392578,113.20964050292969,89.27206420898438,101.16732788085938,138.8553924560547,66.94595336914062,119.5613021850586
22,22.0,136.9898681640625,74.01398468017578,84.30130767822266,66.40482330322266,111.63516998291016,110.6375961303711,151.47547912597656,137.68988037109375,90.78070068359375,86.9784927368164,65.1318130493164,55.032894134521484,87.94619750976562,85.71788024902344,120.930419921875,93.7714614868164,106.65205383300781,148.27549743652344,70.78973388671875,128.36627197265625
23,23.0,145.28866577148438,80.17395782470703,89.9249038696289,72.0230484008789,116.06269836425781,118.24677276611328,157.28213500976562,145.39764404296875,95.29753875732422,90.60211181640625,69.11682891845703,57.04221725463867,94.1592788696289,90.59085845947266,129.646484375,99.29206848144531,111.17735290527344,158.11819458007812,77.11072540283203,136.4116668701172
24,24.0,152.12744140625,83.43292999267578,93.53665161132812,77.62980651855469,118.87300109863281,124.18557739257812,166.22744750976562,156.28228759765625,100.22797393798828,94.73693084716797,73.18317413330078,62.14251708984375,100.67025756835938,92.93743133544922,133.50985717773438,106.6589126586914,113.26454162597656,164.28111267089844,78.12433624267578,145.05926513671875
25,25.0,158.61782836914062,88.55491638183594,99.24706268310547,80.45417785644531,125.66766357421875,127.8405990600586,177.4674072265625,164.28761291503906,104.35753631591797,98.3546371459961,76.58715057373047,66.7232437133789,102.51541137695312,98.44686889648438,143.37881469726562,109.91719055175781,118.36101531982422,171.1643524169922,81.80442810058594,150.330322265625
26,26.0,166.72178649902344,88.92768859863281,104.186767578125,84.79961395263672,136.03402709960938,135.08688354492188,184.57916259765625,172.215576171875,109.06440734863281,101.90521240234375,83.89871215820312,75.84136962890625,111.087646484375,100.599853515625,149.16297912597656,113.16714477539062,120.01353454589844,182.1138458251953,85.80552673339844,159.23342895507812
27,27.0,175.06167602539062,90.72561645507812,107.6959457397461,89.1459732055664,140.26625061035156,144.1263427734375,195.93580627441406,183.30873107910156,112.58662414550781,101.62350463867188,84.64026641845703,73.09388732910156,116.84638214111328,106.37285614013672,154.74578857421875,121.31753540039062,126.97489166259766,189.56594848632812,89.21653747558594,166.4342803955078
28,28.0,179.52859497070312,93.99102020263672,114.72181701660156,92.62347412109375,146.65365600585938,149.5429229736328,205.47938537597656,190.91452026367188,120.1114273071289,109.13545227050781,87.93067932128906,77.36089324951172,123.49349212646484,110.97380065917969,163.523681640625,125.23479461669922,129.78768920898438,195.62818908691406,93.210693359375,175.2833709716797
29,29.0,187.040771484375,103.24894714355469,118.02352142333984,97.7853775024414,152.64425659179688,152.17193603515625,213.65438842773438,202.3356475830078,126.27407836914062,114.01368713378906,91.42147064208984,79.80642700195312,128.88677978515625,112.83425903320312,170.03298950195312,131.3754425048828,136.90516662597656,202.83560180664062,101.4273452758789,181.28024291992188
30,30.0,196.59024047851562,106.50529479980469,121.57792663574219,102.7016372680664,158.52841186523438,161.54678344726562,222.90794372558594,209.9431610107422,126.77691650390625,116.63192749023438,91.06797790527344,82.84010314941406,135.95657348632812,117.67479705810547,178.2299041748047,132.1074981689453,141.63731384277344,211.10533142089844,105.85107421875,185.2120361328125
31,31.0,202.8299560546875,111.2064437866211,123.75548553466797,102.3475341796875,164.7439422607422,165.907470703125,232.19125366210938,216.583251953125,130.7368927001953,120.83316802978516,96.89527893066406,83.83060455322266,135.44044494628906,122.04164123535156,186.8174285888672,139.08444213867188,145.19337463378906,223.73875427246094,107.73968505859375,191.61746215820312
32,32.0,207.53172302246094,112.25096130371094,128.10438537597656,106.3489761352539,167.85964965820312,172.72869873046875,237.25038146972656,223.40093994140625,133.2650909423828,124.51556396484375,99.19322967529297,87.09893798828125,141.14959716796875,128.12567138671875,191.13470458984375,144.10997009277344,148.15113830566406,230.25186157226562,110.72779083251953,200.85870361328125
33,33.0,213.25833129882812,115.86500549316406,133.99639892578125,108.0187759399414,174.70050048828125,179.24197387695312,246.1045379638672,232.22613525390625,140.53880310058594,127.20075225830078,104.2017593383789,88.22686767578125,141.2113800048828,131.30189514160156,196.94810485839844,148.53167724609375,150.317138671875,237.85928344726562,115.38870239257812,205.2238311767578
34,34.0,219.001953125,118.11038208007812,138.73574829101562,111.09001159667969,178.379638671875,185.32518005371094,251.8835906982422,236.6384735107422,141.67608642578125,130.38002014160156,106.8042984008789,95.87093353271484,147.2350616455078,133.31956481933594,200.8555450439453,152.11915588378906,154.83567810058594,244.22445678710938,118.48423767089844,214.5919189453125
35,35.0,221.61941528320312,122.27616119384766,139.75157165527344,120.25895690917969,186.4924774169922,188.27163696289062,260.4314880371094,246.01034545898438,145.7899932861328,135.23867797851562,106.38956451416016,97.19768524169922,155.6772918701172,134.75173950195312,208.268310546875,155.9144287109375,160.04051208496094,249.5952911376953,120.26434326171875,223.41607666015625
36,36.0,228.56007385253906,126.2371597290039,144.77981567382812,121.86856842041016,188.16310119628906,196.59475708007812,270.9765625,250.9293975830078,147.1645965576172,136.45770263671875,107.7169189453125,99.23995208740234,157.17080688476562,137.3491668701172,214.2561492919922,160.6916046142578,161.69898986816406,255.32455444335938,118.52640533447266,225.40328979492188
37,37.0,231.24229431152344,126.93873596191406,147.34671020507812,121.02428436279297,196.6396484375,197.42413330078125,276.21832275390625,256.53961181640625,149.4419708251953,138.87403869628906,108.9552993774414,99.85401916503906,160.0496368408203,143.11354064941406,217.5760955810547,166.25772094726562,167.12216186523438,260.0618591308594,119.89168548583984,228.1107940673828
38,38.0,233.65138244628906,127.97932434082031,150.64794921875,122.1201171875,198.49806213378906,201.5998077392578,279.1119384765625,258.6734313964844,154.87371826171875,139.01895141601562,110.38054656982422,100.27481842041016,164.95733642578125,145.83795166015625,220.81419372558594,169.79864501953125,166.76107788085938,265.4028015136719,124.98420715332031,235.89840698242188
39,39.0,237.2126007080078,127.64347839355469,153.68820190429688,124.61170959472656,202.96868896484375,203.24969482421875,283.8369140625,261.677734375,158.3120880126953,138.22071838378906,113.63967895507812,104.2562255859375,168.98301696777344,147.03170776367188,226.42005920410156,168.77734375,167.01731872558594,269.8475036621094,127.3256607055664,241.20797729492188
40,40.0,241.40335083007812,128.86294555664062,154.12062072753906,124.92642211914062,205.20114135742188,210.6008758544922,290.9401550292969,264.22784423828125,159.61151123046875,140.64682006835938,113.86273193359375,105.8512954711914,170.1532440185547,150.96844482421875,228.7873077392578,170.01535034179688,174.0670166015625,273.7159423828125,126.42252349853516,240.98631286621094
41,41.0,242.46910095214844,130.3231201171875,157.09307861328125,128.68734741210938,210.0733184814453,209.9571990966797,294.53607177734375,269.7398681640625,160.6350860595703,144.52813720703125,113.05380249023438,105.76049041748047,171.87937927246094,150.35879516601562,234.05258178710938,172.36253356933594,172.9296417236328,278.8412170410156,129.91159057617188,244.5606689453125
42,42.0,243.1314239501953,131.22276306152344,158.03143310546875,130.82809448242188,211.49110412597656,213.61868286132812,297.36456298828125,273.2723388671875,159.9670867919922,145.54086303710938,112.67361450195312,105.51978302001953,171.97763061523438,152.05569458007812,237.09869384765625,175.9943389892578,175.7958221435547,280.9985046386719,130.339111328125,249.97348022460938
43,43.0,244.99673461914062,134.8630828857422,160.72540283203125,130.41644287109375,215.82723999023438,215.35047912597656,298.5230712890625,274.0531921386719,161.10311889648438,147.1172332763672,113.75060272216797,109.9056625366211,173.98648071289062,155.58726501464844,240.3372344970703,175.20985412597656,171.64166259765625,282.6588134765625,134.1137237548828,251.30690002441406
44,44.0,247.47604370117188,135.86181640625,164.06776428222656,130.57899475097656,217.95684814453125,218.23483276367188,300.1529235839844,276.84271240234375,159.46896362304688,145.412353515625,114.97835540771484,111.7560806274414,178.43020629882812,157.7159881591797,238.503173828125,179.585205078125,172.8934326171875,287.4542236328125,133.8007049560547,251.2206268310547
45,45.0,250.88475036621094,139.3684539794922,164.52810668945312,132.2357635498047,218.24200439453125,216.52383422851562,305.8786926269531,281.8957214355469,159.2659912109375,145.28494262695312,113.45625305175781,114.0058364868164,176.90646362304688,158.94415283203125,240.35577392578125,181.0748748779297,175.95855712890625,289.5589294433594,134.0767059326172,254.05465698242188
46,46.0,255.78662109375,138.4598846435547,163.9498291015625,130.84962463378906,220.15243530273438,218.91221618652344,311.0928039550781,285.8203430175781,162.185791015625,144.43154907226562,115.21324920654297,113.8038101196289,175.4500274658203,157.08338928222656,241.69618225097656,181.43031311035156,179.4100799560547,287.9316101074219,133.673828125,256.73388671875
47,47.0,253.014404296875,139.2209014892578,165.062255859375,131.31536865234375,222.15484619140625,221.97349548339844,309.0982971191406,283.7903747558594,165.832275390625,143.4590301513672,112.253173828125,112.25872802734375,175.51841735839844,158.4140167236328,245.13034057617188,179.0221405029297,177.2861328125,289.8439636230469,132.55465698242188,256.39984130859375
48,48.0,252.6820068359375,138.4702911376953,165.12249755859375,128.5374298095703,222.72528076171875,218.6303253173828,311.3265380859375,282.1935119628906,163.4295654296875,145.25140380859375,112.55429077148438,115.6185302734375,179.01515197753906,158.05226135253906,240.62405395507812,178.42140197753906,176.45582580566406,292.275634765625,131.795654296875,253.16107177734375
49,49.0,253.03811645507812,136.2581787109375,166.9849090576172,129.8020782470703,220.3446807861328,220.02523803710938,308.1350402832031,280.4508972167969,165.199951171875,144.5260772705078,109.670166015625,114.42713165283203,181.4918670654297,160.3104248046875,243.91763305664062,178.77105712890625,176.70831298828125,289.60260009765625,129.10179138183594,254.575439453125
50,50.0,251.7083282470703,133.24533081054688,166.0872802734375,130.8556365966797,217.2366943359375,219.0091552734375,309.6056213378906,282.7140197753906,164.32838439941406,139.52716064453125,108.11061096191406,114.32421112060547,179.23707580566406,158.10247802734375,243.86968994140625,176.36680603027344,173.5647735595703,288.95465087890625,130.92031860351562,254.81002807617188
51,51.0,250.6114959716797,134.16143798828125,165.75103759765625,127.57193756103516,217.19126892089844,220.41021728515625,311.2118225097656,279.1702880859375,161.36045837402344,142.55130004882812,106.51204681396484,111.39906311035156,177.33322143554688,158.02366638183594,242.65969848632812,179.8636474609375,170.89463806152344,288.6247253417969,131.79530334472656,254.64480590820312
52,52.0,247.9972686767578,130.81167602539062,163.96054077148438,126.67489624023438,217.86990356445312,220.0445556640625,303.39306640625,279.7421875,158.15829467773438,143.50584411621094,103.93125915527344,112.04531860351562,178.43739318847656,155.16357421875,242.5904998779297,176.80126953125,169.941650390625,281.89691162109375,129.11758422851562,253.77963256835938
53,53.0,243.42294311523438,131.7252960205078,159.31610107421875,126.8139419555664,216.36720275878906,218.76504516601562,303.2375183105469,272.533935546875,154.78506469726562,139.03330993652344,102.02133178710938,113.84860229492188,180.77679443359375,152.3753204345703,237.85397338867188,176.14028930664062,166.88795471191406,279.5977783203125,125.77041625976562,254.8902130126953
54,54.0,241.07275390625,130.99588012695312,158.8822021484375,120.97721099853516,214.16891479492188,214.45619201660156,301.6985168457031,270.95660400390625,155.8260955810547,135.88674926757812,102.26983642578125,111.7721176147461,176.95042419433594,149.9777374267578,237.10401916503906,175.57237243652344,165.51730346679688,273.5605773925781,121.9533920288086,249.34906005859375
55,55.0,236.95736694335938,131.1731719970703,156.63507080078125,119.34706115722656,213.66162109375,212.94241333007812,295.5834655761719,266.22943115234375,156.9310302734375,136.5178680419922,99.22232818603516,106.25576782226562,171.1343231201172,147.8961639404297,231.9928436279297,171.07101440429688,160.90248107910156,273.3516845703125,122.29617309570312,248.0726318359375
56,56.0,232.0157470703125,129.1432647705078,155.68975830078125,119.18626403808594,208.3037872314453,210.99197387695312,292.7149658203125,264.94268798828125,152.9163360595703,132.23443603515625,93.9970474243164,106.66205596923828,168.79225158691406,146.75241088867188,229.86593627929688,167.43331909179688,158.0959014892578,270.0077209472656,120.04119110107422,244.03225708007812
57,57.0,229.6049041748047,129.4397735595703,152.1936798095703,115.66419219970703,208.11026000976562,203.80845642089844,287.1148986816406,260.0572509765625,151.43032836914062,129.81353759765625,94.06167602539062,103.93838500976562,166.06768798828125,141.327880859375,223.6987762451172,165.41424560546875,151.07606506347656,265.6524963378906,115.3219985961914,239.20452880859375
58,58.0,225.6727752685547,123.66539001464844,149.63427734375,115.89935302734375,203.09634399414062,200.4220428466797,284.10467529296875,255.03346252441406,146.19992065429688,126.58041381835938,94.30756378173828,99.46588134765625,165.0605010986328,140.60086059570312,219.9835968017578,163.5369873046875,153.04917907714844,261.01690673828125,111.3628921508789,234.2698516845703
59,59.0,220.76205444335938,120.81226348876953,148.65452575683594,113.60526275634766,201.10560607910156,194.7864227294922,275.9004211425781,250.33367919921875,142.47767639160156,122.98828887939453,90.22227478027344,99.98560333251953,161.01736450195312,138.31500244140625,215.3492889404297,157.19622802734375,150.63729858398438,251.32672119140625,110.70005798339844,231.2533416748047
60,60.0,215.9466094970703,116.41214752197266,141.733642578125,108.65231323242188,193.38160705566406,191.2835235595703,271.6861877441406,246.2753448486328,140.26092529296875,121.3980484008789,86.12913513183594,99.43423461914062,158.35032653808594,133.15322875976562,209.57540893554688,153.15139770507812,147.74534606933594,249.53817749023438,106.52998352050781,228.73849487304688
61,61.0,210.57725524902344,112.3238296508789,140.3647003173828,110.59673309326172,192.74012756347656,187.0076141357422,265.50665283203125,237.98423767089844,137.68148803710938,118.77518463134766,83.01348114013672,96.42318725585938,155.1155548095703,130.58746337890625,203.1260223388672,150.65142822265625,142.04116821289062,240.9965362548828,100.24786376953125,219.89938354492188
62,62.0,204.38467407226562,111.2950439453125,133.3999786376953,103.42552947998047,187.31800842285156,181.75802612304688,260.6872253417969,230.91769409179688,132.62326049804688,113.86316680908203,81.29349517822266,92.89535522460938,149.10836791992188,125.46720886230469,199.55511474609375,144.08677673339844,140.2559356689453,235.7718048095703,99.73369598388672,215.12228393554688
63,63.0,196.80323791503906,108.59520721435547,132.63217163085938,100.77976989746094,183.4843292236328,178.48602294921875,251.3834991455078,224.45367431640625,127.49259948730469,109.16399383544922,79.18179321289062,91.9300537109375,141.85040283203125,121.44677734375,192.4712677001953,139.16831970214844,131.81707763671875,227.49566650390625,95.89219665527344,209.63453674316406
64,64.0,192.93357849121094,104.68877410888672,128.5933074951172,96.1395263671875,177.57046508789062,173.56057739257812,242.93565368652344,214.72390747070312,120.7613754272461,109.28440856933594,73.70407104492188,84.13990783691406,138.97825622558594,119.76139068603516,185.75352478027344,137.18838500976562,128.08216857910156,219.68191528320312,95.08143615722656,202.22647094726562
65,65.0,184.76254272460938,102.0231704711914,126.2469711303711,93.30706787109375,173.19224548339844,166.86480712890625,233.66244506835938,204.6817626953125,118.69344329833984,104.99742889404297,71.79161834716797,82.74946594238281,136.7594451904297,114.08027648925781,182.56781005859375,129.7899932861328,124.97525787353516,212.32211303710938,89.72357177734375,193.3759002685547
66,66.0,179.55245971679688,98.88874053955078,121.17463684082031,86.37620544433594,164.8191375732422,161.5699005126953,231.33872985839844,197.91452026367188,115.91081237792969,103.1827392578125,66.56681060791016,78.16815185546875,130.82168579101562,110.05650329589844,171.72560119628906,123.88289642333984,121.26426696777344,204.05262756347656,83.54515838623047,188.50384521484375
67,67.0,171.52052307128906,94.97547149658203,117.01978302001953,81.89533996582031,159.50723266601562,156.78404235839844,220.71897888183594,191.43936157226562,108.97628784179688,98.30961608886719,60.61664962768555,77.5333480834961,129.43568420410156,107.51021575927734,164.9567108154297,120.22223663330078,113.18083190917969,193.90577697753906,78.03414916992188,180.82830810546875
68,68.0,164.6012420654297,94.2269287109375,111.59659576416016,78.4621810913086,152.55091857910156,149.46914672851562,213.06248474121094,184.3141326904297,106.0468521118164,93.45956420898438,55.8394775390625,76.06307983398438,123.28960418701172,103.32295989990234,155.52993774414062,113.79463195800781,109.669921875,186.7854461669922,76.03330993652344,174.32794189453125
69,69.0,158.2605438232422,90.19900512695312,106.5733413696289,71.0880126953125,147.0552520751953,145.54214477539062,201.19041442871094,173.41383361816406,98.18543243408203,88.21597290039062,54.709716796875,74.61795043945312,116.66748046875,99.43972778320312,151.81222534179688,109.65151977539062,106.41679382324219,179.99551391601562,74.36387634277344,167.0630645751953
70,70.0,150.77577209472656,87.61380004882812,105.12852478027344,69.5884780883789,140.13302612304688,137.6499786376953,191.0208282470703,166.59661865234375,96.20296478271484,85.81290435791016,49.4580078125,70.05525207519531,112.86040496826172,92.27992248535156,145.73501586914062,103.74088287353516,100.56261444091797,173.48751831054688,69.90210723876953,162.19566345214844
71,71.0,142.9211883544922,83.2119369506836,97.61923217773438,68.51818084716797,135.64590454101562,131.6455841064453,185.72213745117188,155.735107421875,91.64111328125,81.0453872680664,44.64772033691406,65.02229309082031,106.30508422851562,88.13148498535156,139.8000946044922,102.42809295654297,96.60578155517578,165.11618041992188,64.94813537597656,151.08126831054688
72,72.0,139.32196044921875,81.12557983398438,96.72360229492188,63.70572280883789,128.09092712402344,123.98035430908203,173.46446228027344,148.4337615966797,86.51187896728516,77.50782775878906,43.84696578979492,62.258358001708984,100.75536346435547,84.41632080078125,133.6053924560547,96.84058380126953,90.34852600097656,159.62889099121094,62.044227600097656,142.1722412109375
73,73.0,132.91168212890625,75.43131256103516,88.32491302490234,61.53953552246094,121.4659423828125,119.36951446533203,166.8970947265625,142.27699279785156,80.35787200927734,74.66802978515625,37.32722473144531,61.06311798095703,93.73008728027344,76.61116790771484,122.67984008789062,91.23576354980469,86.96458435058594,150.9423828125,58.83039474487305,138.4803009033203
74,74.0,125.43679809570312,72.93608093261719,84.32312774658203,57.116172790527344,116.3506088256836,112.86286926269531,160.5027618408203,136.32986450195312,77.35413360595703,70.65167236328125,36.855106353759766,59.09964370727539,89.13323211669922,74.6364517211914,117.08302307128906,86.66255950927734,81.17388153076172,141.472900390625,55.047428131103516,132.16165161132812
75,75.0,120.9900131225586,68.46502685546875,76.50648498535156,53.9826545715332,107.35438537597656,103.9527587890625,154.4683837890625,125.02379608154297,73.72322845458984,65.13941955566406,34.774600982666016,50.71310043334961,83.69602966308594,73.54281616210938,110.2796630859375,86.11288452148438,79.8304214477539,135.2633819580078,49.879310607910156,127.34974670410156
76,76.0,113.87354278564453,63.83360290527344,76.08102416992188,48.801795959472656,100.45639038085938,97.47549438476562,142.3440399169922,118.28079986572266,66.5638427734375,62.066349029541016,30.09046173095703,49.52342224121094,80.13285827636719,64.88201141357422,105.44561004638672,78.8150634765625,77.10343170166016,125.70939636230469,48.31672286987305,121.19305419921875
77,77.0,108.53868103027344,61.833213806152344,71.3578872680664,46.39598846435547,98.1365966796875,91.31919860839844,134.44020080566406,112.21337890625,65.78791809082031,57.496482849121094,25.106246948242188,44.655513763427734,75.2281265258789,59.01039123535156,97.4843978881836,72.99647521972656,72.98755645751953,115.19564056396484,45.84099197387695,109.60359954833984
78,78.0,101.31353759765625,56.643348693847656,67.1819076538086,41.431583404541016,91.23514556884766,83.91482543945312,127.00908660888672,102.47623443603516,61.804561614990234,51.827518463134766,23.467613220214844,45.41413879394531,69.36138916015625,54.618255615234375,92.33951568603516,64.76071166992188,64.6346664428711,110.0534896850586,39.7628288269043,101.73187255859375
79,79.0,93.66378784179688,52.73359298706055,61.0509033203125,36.27880859375,86.98281860351562,80.20417022705078,117.07991027832031,94.1567153930664,57.85993957519531,50.89899444580078,21.975675582885742,38.6982307434082,64.64385986328125,52.11924743652344,84.96064758300781,61.33768844604492,61.49211883544922,101.39177703857422,36.59722900390625,96.04605865478516
80,80.0,89.60066223144531,51.090877532958984,59.99030685424805,32.71702194213867,84.34358215332031,71.44730377197266,109.02262878417969,88.72281646728516,55.66422653198242,47.65153884887695,19.45748519897461,36.19075012207031,56.9210205078125,48.76220703125,80.36630249023438,58.01772689819336,58.51504898071289,96.85017395019531,32.19734191894531,90.89725494384766
81,81.0,82.81623840332031,47.8514404296875,57.433982849121094,30.444028854370117,79.222900390625,69.24118041992188,104.237548828125,82.38774108886719,50.119773864746094,47.56780242919922,18.754318237304688,35.505958557128906,55.917930603027344,44.405696868896484,77.16677856445312,55.93455505371094,56.75272750854492,89.7210464477539,29.76498794555664,83.73235321044922
82,82.0,78.59725189208984,46.780113220214844,53.34275436401367,27.956859588623047,74.81527709960938,64.10707092285156,98.21749877929688,76.79010009765625,49.7069091796875,44.4568977355957,15.953937530517578,32.76605987548828,50.81588363647461,40.736759185791016,67.487060546875,51.983821868896484,52.87668228149414,83.09840393066406,26.291048049926758,77.60480499267578
83,83.0,74.67833709716797,45.60095977783203,49.634395599365234,27.64642333984375,70.63792419433594,62.83613967895508,90.92513275146484,70.06026458740234,43.221439361572266,40.26472854614258,14.359478950500488,32.30110168457031,49.89106369018555,40.17942428588867,61.72982406616211,47.86577224731445,52.38329315185547,74.5977554321289,24.980810165405273,74.36262512207031
84,84.0,69.52434539794922,42.81865310668945,46.216217041015625,22.793216705322266,66.30889892578125,56.825042724609375,88.3507080078125,65.47856903076172,39.678504943847656,37.355533599853516,10.968391418457031,29.081375122070312,48.43846893310547,38.89738082885742,57.47284698486328,45.453067779541016,49.980560302734375,73.65240478515625,25.983577728271484,70.0708236694336
85,85.0,68.00164794921875,40.29179763793945,43.53770446777344,21.7657470703125,63.2253532409668,52.66768264770508,80.76995086669922,65.68956756591797,38.10691833496094,39.113704681396484,13.112071990966797,26.87552261352539,46.76568603515625,37.023155212402344,53.39268112182617,42.35108947753906,49.5594482421875,67.4276123046875,24.520139694213867,66.5677490234375
86,86.0,66.05921173095703,35.9326171875,43.930397033691406,23.480731964111328,60.75293731689453,52.4209098815918,77.15211486816406,60.774688720703125,38.841400146484375,37.72107696533203,10.156797409057617,27.739965438842773,43.94773864746094,34.9339485168457,55.69172286987305,42.963809967041016,44.44490051269531,66.84336853027344,24.099010467529297,64.35205078125
87,87.0,64.3268814086914,37.20499038696289,39.649986267089844,22.437950134277344,54.60832214355469,47.586769104003906,72.91771697998047,57.98807144165039,36.47883605957031,35.871734619140625,9.380276679992676,26.961185455322266,39.640480041503906,32.96074295043945,54.215694427490234,39.52272033691406,46.134849548339844,63.105316162109375,22.413795471191406,60.52590560913086
88,88.0,63.508934020996094,34.280765533447266,41.983177185058594,19.08030128479004,50.8481559753418,46.12661361694336,69.16448211669922,54.84379959106445,39.39353561401367,35.67034149169922,9.1060152053833,23.111169815063477,37.17121887207031,31.739944458007812,49.194923400878906,35.64162063598633,43.47773742675781,58.87907409667969,18.59541893005371,59.65317153930664
89,89.0,59.04095458984375,33.37092971801758,36.733154296875,20.020702362060547,49.32895278930664,45.485111236572266,69.42366027832031,50.373043060302734,38.28628921508789,34.92922592163086,9.543374061584473,21.51708221435547,35.48025131225586,29.007322311401367,44.41171646118164,35.30964279174805,43.687557220458984,58.50894546508789,18.28020668029785,52.97542953491211
90,90.0,58.77407455444336,34.77345657348633,37.49332809448242,19.667402267456055,49.239532470703125,42.48325729370117,62.0815544128418,48.53390121459961,37.34856033325195,36.063934326171875,9.978333473205566,20.17875862121582,31.92600440979004,27.76584243774414,40.088008880615234,35.25672912597656,44.12425231933594,57.01659393310547,18.71839141845703,53.5050048828125
91,91.0,60.77094650268555,32.837120056152344,35.96330261230469,20.71420669555664,48.24538803100586,40.40038299560547,63.41289520263672,47.1878776550293,34.036014556884766,36.61948776245117,10.870322227478027,22.385726928710938,33.78348159790039,28.878162384033203,42.08366394042969,35.690521240234375,44.222877502441406,56.84050369262695,23.801162719726562,56.795654296875
92,92.0,60.0052604675293,32.81769561767578,35.629791259765625,19.174997329711914,49.03614807128906,41.812294006347656,61.50969696044922,47.87264633178711,34.907554626464844,36.788822174072266,12.183802604675293,22.55931282043457,35.62228012084961,30.49765396118164,40.988006591796875,34.90817642211914,47.222259521484375,54.89569854736328,20.915536880493164,52.13431167602539
93,93.0,60.66143035888672,33.49872970581055,34.70487594604492,20.369895935058594,46.99703598022461,40.66951370239258,63.011722564697266,48.963348388671875,39.204837799072266,38.12665557861328,15.176021575927734,21.82200050354004,34.85767364501953,30.290374755859375,39.96286392211914,33.46147918701172,44.400936126708984,54.611873626708984,21.993270874023438,54.940948486328125
94,94.0,61.64937210083008,32.0379524230957,32.09296798706055,19.781923294067383,44.19165802001953,41.94784164428711,63.56867218017578,49.48209762573242,39.904701232910156,38.71150207519531,15.278553009033203,21.90048599243164,34.44407653808594,31.573131561279297,40.417903900146484,35.284149169921875,48.78443145751953,53.679134368896484,22.045690536499023,52.66608810424805
95,95.0,60.094905853271484,35.8984375,37.925167083740234,21.935165405273438,45.98615264892578,42.75894546508789,63.36355972290039,48.90242004394531,39.860069274902344,38.55231475830078,15.213808059692383,21.36260414123535,34.71256637573242,32.680721282958984,44.07942199707031,37.76321029663086,47.85041046142578,55.90516662597656,22.699031829833984,54.96596145629883
96,96.0,65.55321502685547,38.40215301513672,38.812774658203125,24.890247344970703,50.14817428588867,44.26168441772461,64.2555160522461,55.67957305908203,39.96535873413086,42.164825439453125,20.21430206298828,21.505605697631836,34.544090270996094,32.54459762573242,48.424198150634766,40.93666076660156,47.97419357299805,57.687950134277344,24.646236419677734,53.22411346435547
97,97.0,69.08377838134766,37.34965133666992,40.23855209350586,24.554588317871094,52.292579650878906,49.87331008911133,71.93669891357422,55.294918060302734,41.570350646972656,39.898006439208984,21.326250076293945,23.016252517700195,38.6023063659668,36.42176055908203,49.54456329345703,40.511898040771484,51.48934555053711,61.045738220214844,26.833906173706055,54.41561508178711
98,98.0,70.00971221923828,38.655174255371094,44.05682373046875,28.062164306640625,53.86638259887695,50.68201446533203,69.78348541259766,60.01079559326172,46.6501350402832,43.035400390625,21.669830322265625,25.230022430419922,40.44391632080078,39.19236373901367,53.288089752197266,41.73689270019531,55.82802200317383,61.714534759521484,24.65594482421875,59.35592269897461
99,99.0,70.81758117675781,37.22550582885742,44.59693908691406,31.21795082092285,57.19281768798828,52.1376953125,73.99699401855469,64.13378143310547,46.92842102050781,46.03456497192383,25.707805633544922,26.442136764526367,40.60177993774414,39.62681579589844,56.983951568603516,42.83238220214844,57.58048629760742,67.76321411132812,29.768789291381836,62.47639465332031
100,100.0,76.18962097167969,40.98069381713867,44.768104553222656,31.826570510864258,59.16448211669922,56.96089172363281,77.4975357055664,65.19395446777344,47.9095573425293,51.25536346435547,29.64809226989746,27.773189544677734,47.03241729736328,41.64183044433594,60.777793884277344,45.43803024291992,58.48676681518555,71.3884506225586,31.019773483276367,61.924354553222656
101,101.0,80.68588256835938,42.716766357421875,45.69477462768555,34.9010009765625,61.52777862548828,59.79566955566406,82.43926239013672,68.2666015625,50.683937072753906,51.23496627807617,31.057476043701172,31.15720558166504,48.69184112548828,44.325016021728516,58.91539001464844,47.20379638671875,61.849246978759766,78.11942291259766,33.4625358581543,67.33134460449219
102,102.0,85.92074584960938,46.19694137573242,51.37099075317383,39.932193756103516,64.56288146972656,59.14082717895508,85.19046783447266,71.44339752197266,57.96006774902344,54.367698669433594,31.897619247436523,32.18700408935547,48.44221115112305,43.62543487548828,63.15431213378906,51.07252883911133,62.32405090332031,82.63619995117188,35.56961441040039,69.17701721191406
103,103.0,87.88057708740234,48.86209487915039,53.153831481933594,40.956764221191406,66.47735595703125,65.45858764648438,94.87709045410156,80.7589340209961,60.477413177490234,58.292999267578125,37.20166015625,36.39098358154297,50.48906326293945,46.561466217041016,68.79804992675781,50.903282165527344,67.4026870727539,87.47801208496094,38.990333557128906,79.69343566894531
104,104.0,92.39102935791016,50.49103927612305,58.20366287231445,44.59751892089844,70.95455169677734,69.54149627685547,100.1848373413086,88.39956665039062,62.16138458251953,60.23199462890625,41.3643798828125,36.20525360107422,54.57413101196289,52.981224060058594,72.15198516845703,52.28953170776367,73.79217529296875,95.1539306640625,42.970760345458984,84.89737701416016
105,105.0,97.00057220458984,53.47250747680664,58.87700271606445,48.280067443847656,75.66214752197266,77.73055267333984,104.99932098388672,93.61009216308594,64.75379943847656,62.98270797729492,40.7855110168457,40.216407775878906,58.90718078613281,57.66963195800781,82.52941131591797,58.96376037597656,78.49935913085938,100.56541442871094,43.741580963134766,90.14459991455078
106,106.0,104.44508361816406,58.45789337158203,63.951995849609375,50.43601989746094,81.1434097290039,81.88853454589844,112.61552429199219,99.6181869506836,71.36274719238281,66.76644897460938,45.20271301269531,46.02383804321289,67.64095306396484,59.438026428222656,87.23219299316406,62.99489212036133,83.24481201171875,107.08153533935547,48.7956657409668,93.99268341064453
107,107.0,110.77472686767578,61.30712890625,67.73265075683594,52.0892219543457,84.67003631591797,84.90591430664062,117.17664337158203,108.54366302490234,74.14476013183594,72.84648132324219,47.56189727783203,46.31437301635742,70.67972564697266,63.90700149536133,92.89389038085938,72.99795532226562,86.2360610961914,112.2099838256836,53.74859619140625,99.77436828613281
108,108.0,117.35591125488281,63.62208938598633,69.21981048583984,56.19684982299805,89.20490264892578,90.93488311767578,122.93762969970703,116.73526763916016,76.23396301269531,76.42406463623047,52.49628829956055,43.731170654296875,76.33916473388672,70.27217102050781,100.85848236083984,73.32359313964844,92.66331481933594,118.05460357666016,56.72642135620117,108.25419616699219
109,109.0,124.45330047607422,67.72206115722656,75.45277404785156,60.232948303222656,94.0025405883789,95.19003295898438,131.22032165527344,121.06053161621094,81.9549331665039,78.2211685180664,57.1600227355957,49.48789978027344,84.35099029541016,77.28838348388672,104.7077865600586,82.22630310058594,93.11498260498047,130.44290161132812,59.90237045288086,118.3336181640625
110,110.0,132.744384765625,71.63683319091797,81.2799072265625,63.97382354736328,100.81916046142578,103.03357696533203,142.18475341796875,131.9046173095703,84.45154571533203,83.03482818603516,60.7811279296875,52.88117218017578,85.95198822021484,76.52999877929688,109.30357360839844,86.419189453125,98.7975082397461,136.94801330566406,64.3128433227539,120.6655044555664
111,111.0,138.0894012451172,72.83780670166016,83.0604248046875,69.32678985595703,105.57563781738281,110.76712799072266,150.17398071289062,137.3114776611328,91.91780090332031,83.9915771484375,69.12809753417969,56.56675338745117,93.1104736328125,83.9932861328125,116.59236907958984,92.93660736083984,102.66104888916016,145.0391845703125,68.01205444335938,126.97807312011719
112,112.0,146.8181610107422,75.87738037109375,89.80767059326172,71.73020935058594,115.42426300048828,118.86357116699219,159.80032348632812,144.40919494628906,99.4793472290039,90.11564636230469,70.0650863647461,58.96294403076172,92.44200134277344,86.0656967163086,122.53614044189453,96.40911865234375,107.53594970703125,152.20465087890625,76.25640869140625,136.33567810058594
113,113.0,154.20286560058594,80.86054229736328,93.86027526855469,76.7195053100586,121.3646240234375,126.25596618652344,167.52499389648438,154.6683349609375,97.90956115722656,93.16814422607422,71.79936218261719,62.90452194213867,95.43297576904297,91.2728271484375,129.6021728515625,105.70259094238281,112.42390441894531,163.57577514648438,79.77851104736328,139.69081115722656
114,114.0,161.02630615234375,86.15457916259766,99.08069610595703,79.11138153076172,125.141357421875,128.4608612060547,177.46658325195312,163.10305786132812,105.91529083251953,99.96903991699219,72.14854431152344,65.19254302978516,101.29886627197266,96.12576293945312,138.05258178710938,112.78828430175781,119.29290771484375,169.35269165039062,83.44410705566406,147.57830810546875
115,115.0,164.1947784423828,89.79362487792969,102.45083618164062,82.69823455810547,130.8153533935547,136.33543395996094,186.1398162841797,171.74176025390625,110.94637298583984,103.69969177246094,77.9585189819336,69.7367172241211,110.42340087890625,99.25558471679688,145.7926788330078,117.01094818115234,124.4296646118164,180.79531860351562,83.7568588256836,156.10562133789062
116,116.0,173.4560089111328,93.37322998046875,109.21027374267578,87.7388687133789,137.95570373535156,140.98464965820312,194.02529907226562,179.61019897460938,112.98079681396484,107.32420349121094,80.52716827392578,72.70514678955078,115.63275146484375,105.70635986328125,152.9423828125,119.49095153808594,131.48971557617188,187.11471557617188,90.99435424804688,165.71766662597656
117,117.0,178.64373779296875,98.34231567382812,109.5379867553711,91.40823364257812,143.23414611816406,146.11180114746094,201.60870361328125,186.33277893066406,116.63491821289062,108.49748229980469,84.84601593017578,80.560546875,121.4700927734375,109.96936798095703,160.9114990234375,123.2676010131836,132.2611083984375,195.13525390625,94.1142807006836,172.6594696044922
118,118.0,185.58062744140625,102.29351806640625,112.00829315185547,94.5107192993164,149.72874450683594,149.43003845214844,211.53533935546875,194.78485107421875,120.31118774414062,111.32553100585938,88.0655288696289,81.40449523925781,126.14420318603516,117.39189147949219,169.0386962890625,130.06875610351562,135.27391052246094,204.0458526611328,95.63702392578125,178.49627685546875
119,119.0,192.1986541748047,104.05374145507812,118.50740814208984,96.90715789794922,152.68905639648438,157.99395751953125,223.22976684570312,204.2195587158203,124.27488708496094,114.94068145751953,96.08655548095703,83.03753662109375,128.24288940429688,121.04782104492188,174.74256896972656,134.7643585205078,140.5119171142578,212.20899963378906,98.86116027832031,181.54147338867188
120,120.0,198.63238525390625,104.11139678955078,125.51104736328125,99.98046875,160.46348571777344,166.90277099609375,231.70823669433594,211.41885375976562,130.38442993164062,120.29754638671875,97.57029724121094,85.54824829101562,135.0072479248047,123.40156555175781,180.92356872558594,136.6763458251953,141.44920349121094,222.54873657226562,100.64543914794922,192.85618591308594
121,121.0,206.72683715820312,110.19083404541016,126.11480712890625,104.73237609863281,171.2869415283203,172.51197814941406,234.43890380859375,220.0714569091797,132.4075927734375,119.80460357666016,98.395751953125,86.1070327758789,138.4961700439453,126.82260131835938,185.26881408691406,140.68038940429688,148.12637329101562,227.8539276123047,106.18634033203125,196.64794921875
122,122.0,210.3309783935547,113.35951232910156,131.89878845214844,107.90817260742188,173.81378173828125,176.4996795654297,239.3152618408203,224.43894958496094,136.4343719482422,126.20734405517578,97.86314392089844,90.7113037109375,145.22215270996094,128.75836181640625,188.8611297607422,145.945556640625,148.87115478515625,240.0605010986328,111.80033874511719,202.96304321289062
123,123.0,217.88478088378906,115.60037994384766,133.91709899902344,112.4305648803711,178.41294860839844,178.88485717773438,251.1983642578125,232.40293884277344,139.48670959472656,131.85903930664062,102.3204574584961,92.93939208984375,149.37564086914062,133.42779541015625,195.5707244873047,155.57260131835938,153.0134735107422,243.3112335205078,113.98172760009766,207.1559600830078
124,124.0,221.68394470214844,119.63910675048828,139.501220703125,114.12590789794922,183.44308471679688,187.29055786132812,254.90737915039062,238.33425903320312,140.7355499267578,134.39895629882812,105.09171295166016,95.39170837402344,154.72613525390625,135.41470336914062,204.87918090820312,158.5293731689453,158.26808166503906,249.8138885498047,114.9538345336914,212.42636108398438
125,125.0,225.37289428710938,119.85751342773438,142.8705596923828,117.87159729003906,191.0530548095703,192.3170166015625,264.22821044921875,246.4346923828125,143.45606994628906,137.0013885498047,104.82579040527344,93.61791229248047,155.45278930664062,139.8973846435547,210.9218292236328,160.17726135253906,163.40158081054688,256.6281433105469,119.01087951660156,222.8395538330078
126,126.0,229.489501953125,120.31913757324219,148.2796630859375,120.8770980834961,193.64002990722656,193.37156677246094,272.41015625,250.62635803222656,148.49197387695312,138.4075164794922,108.51322174072266,99.12322235107422,160.04153442382812,143.7349395751953,217.0095977783203,162.56228637695312,163.9284210205078,261.1050720214844,120.42890167236328,229.05589294433594
127,127.0,236.8512420654297,126.23681640625,150.32435607910156,122.31874084472656,199.9501953125,197.49520874023438,278.5710754394531,259.2562561035156,152.47821044921875,137.032958984375,111.46804809570312,104.01148223876953,161.1014862060547,147.77352905273438,221.0233917236328,166.91798400878906,166.51539611816406,262.46868896484375,125.18335723876953,233.62330627441406
128,128.0,238.6104736328125,129.99929809570312,153.8819122314453,125.89839935302734,202.23895263671875,202.9619140625,287.3453369140625,262.55352783203125,155.0908966064453,140.03994750976562,110.99298095703125,107.25492858886719,166.12571716308594,150.4823455810547,225.74082946777344,171.9563751220703,166.96615600585938,271.2707824707031,125.21729278564453,234.1032257080078
129,129.0,239.96192932128906,131.76504516601562,154.474609375,129.1894989013672,207.17835998535156,208.4477996826172,292.0343322753906,264.23968505859375,157.76490783691406,139.65603637695312,114.39947509765625,111.1762466430664,170.1431884765625,152.5855712890625,229.4709014892578,171.17616271972656,168.63031005859375,276.5727844238281,127.75885009765625,235.93191528320312
130,130.0,245.1317138671875,136.26478576660156,155.69924926757812,127.83822631835938,212.4997100830078,212.6147918701172,293.2138671875,270.1121520996094,158.23672485351562,140.63851928710938,114.82341003417969,113.1141357421875,171.88314819335938,155.55703735351562,234.1409149169922,172.70053100585938,170.83441162109375,283.1127014160156,130.20761108398438,242.9449920654297
131,131.0,250.20008850097656,137.62184143066406,159.3541717529297,127.05170440673828,214.91717529296875,215.62355041503906,296.3297424316406,274.3409118652344,159.9898681640625,145.5408935546875,116.64177703857422,113.0621337890625,173.88430786132812,153.79397583007812,235.44964599609375,177.26055908203125,172.88766479492188,285.7607116699219,134.63133239746094,246.1405487060547
132,132.0,250.5074920654297,135.70689392089844,163.2019805908203,132.79176330566406,217.91981506347656,217.575927734375,302.5127868652344,275.4815673828125,164.25831604003906,144.51084899902344,118.5741958618164,114.24637603759766,175.5199432373047,156.9849090576172,240.74974060058594,178.0682830810547,174.89279174804688,286.7582092285156,131.58311462402344,251.18051147460938
133,133.0,253.83258056640625,139.79750061035156,162.88233947753906,132.7271728515625,219.04139709472656,217.65231323242188,307.1142578125,280.50146484375,161.3607177734375,147.57369995117188,118.13517761230469,113.57334899902344,178.932373046875,156.63259887695312,239.92910766601562,180.74278259277344,175.5659637451172,288.7574462890625,131.43096923828125,250.52093505859375
134,134.0,254.0560760498047,137.4647979736328,164.4661865234375,131.84088134765625,221.83689880371094,220.511962890625,308.2147216796875,281.3465576171875,162.3041534423828,149.80984497070312,114.7359848022461,116.917724609375,176.88548278808594,156.5392608642578,241.41421508789062,179.70431518554688,176.0889892578125,292.3434753417969,134.35565185546875,253.88531494140625
135,135.0,255.0979766845703,137.49932861328125,162.6422882080078,131.52764892578125,221.69822692871094,220.2938995361328,307.814453125,285.1575622558594,163.80641174316406,149.59625244140625,114.98063659667969,114.45988464355469,177.25631713867188,158.24179077148438,245.19776916503906,178.07017517089844,176.6083984375,293.2229309082031,132.54933166503906,255.88177490234375
136,136.0,257.3183288574219,136.02569580078125,165.4421844482422,132.91184997558594,221.9301300048828,223.6646728515625,311.52178955078125,286.32000732421875,163.27806091308594,149.122802734375,112.397216796875,115.26029205322266,180.90074157714844,160.37733459472656,244.67056274414062,177.0813446044922,177.4214324951172,290.4609375,132.34857177734375,254.65069580078125
137,137.0,256.16510009765625,139.0026397705078,166.85488891601562,133.27468872070312,223.0637664794922,220.03860473632812,309.5445556640625,285.5893859863281,166.03646850585938,151.2724151611328,110.14117431640625,115.02408599853516,182.78221130371094,160.58132934570312,245.77151489257812,181.08937072753906,175.60986328125,289.15631103515625,130.91912841796875,255.95489501953125
138,138.0,253.40771484375,136.2323760986328,165.5983428955078,130.2796630859375,220.60287475585938,222.0916290283203,311.69110107421875,283.66009521484375,164.25711059570312,147.43923950195312,112.41541290283203,116.43062591552734,180.34506225585938,158.80548095703125,244.1579132080078,182.1727752685547,177.10867309570312,290.4453430175781,130.7526092529297,255.9697723388672
139,139.0,248.26268005371094,136.68551635742188,166.43592834472656,127.00985717773438,222.186767578125,222.8966827392578,310.77801513671875,287.03314208984375,163.17677307128906,145.8261260986328,113.55196380615234,116.50135803222656,180.68763732910156,157.3226776123047,242.8008575439453,179.44561767578125,175.90823364257812,286.90234375,131.47216796875,257.4890441894531
140,140.0,246.67596435546875,135.22776794433594,163.31222534179688,127.31365966796875,219.74609375,222.61654663085938,307.8430480957031,283.9827575683594,161.22637939453125,145.68394470214844,109.56976318359375,115.70854949951172,179.2360382080078,160.21092224121094,242.78684997558594,182.8353271484375,174.70188903808594,284.3243713378906,131.19630432128906,256.38494873046875
141,141.0,245.80897521972656,134.50033569335938,165.26287841796875,128.58299255371094,222.2921600341797,221.94334411621094,308.9066162109375,280.0853271484375,156.39785766601562,144.21652221679688,107.40618133544922,115.20875549316406,176.7427520751953,154.60641479492188,240.1142120361328,177.2337646484375,170.43490600585938,284.88104248046875,127.75970458984375,253.9634552001953
142,142.0,244.54052734375,133.68882751464844,161.8654327392578,127.17509460449219,218.6714630126953,218.0628662109375,306.34912109375,277.37872314453125,159.16368103027344,143.09921264648438,104.8152084350586,115.63401794433594,176.27476501464844,151.900390625,239.57432556152344,173.0995330810547,169.73928833007812,281.4887390136719,123.80342102050781,252.49609375
143,143.0,242.84356689453125,133.77969360351562,158.35498046875,125.31778717041016,216.1650390625,214.54197692871094,303.50286865234375,270.49005126953125,157.91082763671875,138.40431213378906,102.16094207763672,109.63754272460938,177.79315185546875,152.720947265625,237.47654724121094,173.74267578125,168.74221801757812,280.76959228515625,124.24583435058594,252.65541076660156
144,144.0,237.28720092773438,128.45126342773438,153.99412536621094,122.70777893066406,216.50436401367188,210.3059844970703,299.4228820800781,267.9742736816406,157.017822265625,136.13931274414062,101.35787200927734,109.09996032714844,174.47415161132812,150.99728393554688,234.746337890625,170.77679443359375,166.14920043945312,278.107177734375,121.81027221679688,248.2719268798828
145,145.0,233.2859344482422,125.4825210571289,153.02047729492188,121.81224060058594,213.0413818359375,206.10043334960938,298.0482482910156,263.8865051269531,151.3522186279297,134.29702758789062,101.15349578857422,108.04891967773438,172.65292358398438,149.48069763183594,232.9046630859375,170.43946838378906,161.08575439453125,270.7638854980469,119.42037963867188,244.739501953125
146,146.0,228.45640563964844,122.12683868408203,153.2583465576172,120.52952575683594,209.7882843017578,203.17706298828125,289.47930908203125,261.2884521484375,147.126953125,136.0087127685547,96.50970458984375,104.01512145996094,166.04486083984375,146.45867919921875,225.63613891601562,166.7972869873047,161.8065948486328,264.11346435546875,119.15929412841797,240.2991180419922
147,147.0,223.7172088623047,120.67516326904297,149.83416748046875,117.20835876464844,207.11276245117188,199.17361450195312,284.01739501953125,255.18939208984375,147.980712890625,130.46807861328125,90.53498840332031,99.79988861083984,161.62054443359375,143.73977661132812,221.10012817382812,165.50439453125,156.34014892578125,259.145263671875,119.77499389648438,238.12022399902344
148,148.0,220.03530883789062,118.95114135742188,147.0714874267578,113.50861358642578,199.08221435546875,198.78414916992188,278.10357666015625,248.4004669189453,145.02304077148438,126.71338653564453,89.53704071044922,100.1552734375,158.92605590820312,141.24285888671875,217.92543029785156,159.75477600097656,154.89915466308594,252.74844360351562,113.48435974121094,231.24998474121094
149,149.0,214.94712829589844,116.59947204589844,145.5885772705078,109.70862579345703,195.11553955078125,193.63470458984375,273.1323547363281,244.8264923095703,139.46815490722656,123.7058334350586,85.3426284790039,97.68441772460938,157.3945770263672,132.32911682128906,210.54257202148438,156.29010009765625,147.28607177734375,249.01828002929688,112.35672760009766,226.3203582763672
150,150.0,206.99740600585938,113.76313018798828,142.74200439453125,107.23332214355469,193.00057983398438,188.53302001953125,268.3382873535156,236.60824584960938,134.77664184570312,120.9820556640625,83.30973052978516,97.55543518066406,154.85772705078125,130.20315551757812,205.4685516357422,151.7708282470703,140.890869140625,241.7312469482422,107.55050659179688,221.03688049316406
151,151.0,204.7234344482422,113.55767822265625,140.77947998046875,103.60702514648438,189.32345581054688,185.76124572753906,258.8585205078125,230.8083038330078,129.89356994628906,113.09048461914062,78.07013702392578,94.1526870727539,151.22732543945312,125.99857330322266,200.41275024414062,147.15342712402344,139.85452270507812,234.97308349609375,100.20677947998047,217.7030029296875
152,152.0,197.23585510253906,110.00386047363281,136.59115600585938,98.83226776123047,180.79254150390625,176.26266479492188,251.70526123046875,225.44940185546875,129.71005249023438,111.46741485595703,76.42552947998047,89.91519927978516,146.3687744140625,120.5125503540039,194.122314453125,144.49461364746094,134.75743103027344,229.45785522460938,96.38684844970703,209.04019165039062
153,153.0,191.7557830810547,107.1715316772461,131.50482177734375,94.6136703491211,173.21609497070312,171.2357635498047,241.34559631347656,216.52882385253906,123.77870178222656,107.92115783691406,72.73355102539062,87.92599487304688,143.23745727539062,116.79730224609375,187.18434143066406,140.54489135742188,130.88031005859375,221.3284454345703,96.0920639038086,203.44366455078125
154,154.0,186.71966552734375,101.70288848876953,126.15265655517578,89.8239517211914,167.96331787109375,166.02308654785156,235.63397216796875,208.0417938232422,118.23541259765625,104.30352020263672,68.13910675048828,85.93756103515625,136.94154357910156,114.8088607788086,180.7172088623047,132.1202392578125,124.59024810791016,211.08035278320312,93.09695434570312,196.0641326904297
155,155.0,176.5746612548828,98.94642639160156,120.64143371582031,89.47479248046875,162.8892364501953,157.7295379638672,228.45126342773438,198.57818603515625,113.23090362548828,100.15259552001953,63.97437286376953,80.31172180175781,132.34437561035156,107.79376983642578,173.0367431640625,124.43183898925781,119.79814147949219,204.51730346679688,88.34066009521484,188.91403198242188
156,156.0,170.3643341064453,92.14547729492188,113.18891906738281,87.34237670898438,157.6761016845703,153.3311767578125,217.60386657714844,194.44076538085938,109.2458724975586,97.85293579101562,65.23712921142578,80.192138671875,124.26736450195312,104.90341186523438,167.30201721191406,121.67595672607422,116.81343841552734,194.7979278564453,83.60906982421875,180.02308654785156
157,157.0,165.318359375,90.92750549316406,109.41100311279297,81.55099487304688,154.91690063476562,145.44471740722656,209.58807373046875,184.714599609375,104.0679702758789,92.44351196289062,60.365474700927734,76.93418884277344,119.28727722167969,100.88113403320312,159.74868774414062,118.54341888427734,114.24272918701172,187.9757080078125,79.54354095458984,174.61753845214844
158,158.0,160.51925659179688,89.40644073486328,106.33979034423828,77.4786605834961,148.08261108398438,139.5725555419922,204.98435974121094,178.24627685546875,103.74981689453125,85.87568664550781,55.30632400512695,74.35999298095703,112.1182632446289,95.09264373779297,153.79713439941406,113.73351287841797,109.58301544189453,179.9198455810547,76.74159240722656,166.74276733398438
159,159.0,150.7206573486328,87.87464141845703,106.7157974243164,73.4909896850586,141.3597412109375,133.1897735595703,194.30007934570312,170.26609802246094,98.91690063476562,82.12353515625,50.30635452270508,69.88539123535156,109.55921936035156,91.35247802734375,149.9602508544922,107.34649658203125,104.86015319824219,171.74066162109375,69.61837768554688,165.069091796875
160,160.0,144.34642028808594,79.41626739501953,101.46712493896484,69.76044464111328,136.72779846191406,131.24661254882812,185.99781799316406,163.52496337890625,92.5612564086914,81.66719818115234,47.75429916381836,67.12086486816406,107.95055389404297,85.39092254638672,140.04879760742188,105.62129211425781,98.31098937988281,165.21360778808594,68.2784194946289,156.95301818847656
161,161.0,136.93898010253906,78.43290710449219,96.5400161743164,64.33662414550781,130.39080810546875,123.82485961914062,178.50010681152344,151.7001953125,87.56180572509766,78.73163604736328,44.260990142822266,62.26728820800781,103.6380386352539,81.9606704711914,137.66162109375,101.9197769165039,92.79436492919922,157.65838623046875,67.36129760742188,149.74649047851562
162,162.0,135.22914123535156,74.00009155273438,92.36544799804688,62.89931106567383,124.7640151977539,120.02452850341797,167.41415405273438,142.49972534179688,82.05797576904297,78.21419525146484,42.82609176635742,59.248809814453125,97.29289245605469,77.4971923828125,131.38705444335938,93.97427368164062,89.93482208251953,150.46597290039062,58.732913970947266,141.93951416015625
163,163.0,127.13028717041016,71.56043243408203,87.62803649902344,59.70824432373047,120.84564971923828,117.26522064208984,162.75379943847656,138.49789428710938,78.19013977050781,72.9525146484375,40.180870056152344,56.9289436340332,93.51146697998047,77.20211791992188,121.07608032226562,90.07550048828125,81.30546569824219,143.21279907226562,55.841609954833984,134.01499938964844
164,164.0,118.57552337646484,68.94989776611328,81.27542114257812,55.68837356567383,114.12733459472656,106.55087280273438,150.0568084716797,129.55030822753906,73.92874145507812,71.18941497802734,37.26528549194336,54.09962463378906,86.68025970458984,74.31071472167969,114.0029296875,88.54623413085938,81.18013000488281,134.50587463378906,53.395381927490234,126.6987533569336
165,165.0,113.4935302734375,66.56806945800781,78.55122375488281,50.985477447509766,106.07122039794922,100.53689575195312,143.91050720214844,121.51992797851562,71.71507263183594,64.68154907226562,34.5966682434082,49.852210998535156,80.6601333618164,68.8041763305664,105.79026794433594,79.63154602050781,75.65046691894531,126.80460357666016,48.61438751220703,119.0947036743164
166,166.0,107.08782196044922,62.40326690673828,71.41098022460938,44.64308166503906,104.08457946777344,95.00469207763672,135.7890625,112.5519790649414,70.46926879882812,61.06652069091797,31.215721130371094,45.590572357177734,79.24491882324219,66.04358673095703,97.44502258300781,73.41670227050781,69.69215393066406,117.28602600097656,44.93452072143555,113.88970184326172
167,167.0,102.2424087524414,60.961814880371094,69.71898651123047,43.56756591796875,97.69190979003906,88.97897338867188,128.63870239257812,108.46109771728516,65.51303100585938,59.78983688354492,25.79804229736328,48.05000305175781,73.59877014160156,62.82075119018555,94.44222259521484,68.82379913330078,68.49571990966797,110.31178283691406,41.05851745605469,107.37081909179688
168,168.0,99.39480590820312,56.30007553100586,69.66985321044922,43.2668571472168,92.65618133544922,84.65995025634766,121.61934661865234,99.82435607910156,60.54825210571289,57.648319244384766,23.202913284301758,44.60166931152344,67.24417114257812,58.28437423706055,88.63111114501953,65.2763671875,66.69963073730469,104.92073059082031,38.49040222167969,99.71976470947266
169,169.0,97.58978271484375,51.803749084472656,61.37940979003906,43.035221099853516,86.34796905517578,82.44363403320312,113.73601531982422,92.35984802246094,57.30955505371094,57.332550048828125,19.787076950073242,37.29594039916992,61.61851501464844,54.87398910522461,76.82473754882812,61.544551849365234,64.74382781982422,97.48057556152344,34.23018264770508,91.35542297363281
170,170.0,88.83649444580078,50.948246002197266,55.941654205322266,38.75899124145508,84.6351318359375,73.82005310058594,105.23905181884766,88.86763000488281,54.19194412231445,50.479591369628906,19.143821716308594,37.28760528564453,56.84886169433594,48.04634094238281,73.3228988647461,55.832542419433594,61.64640426635742,91.95665740966797,32.5921516418457,88.22467041015625
171,171.0,82.23451232910156,49.63224792480469,53.73786544799805,31.86321449279785,75.84906768798828,70.15969848632812,102.08828735351562,82.68736267089844,49.80735397338867,46.597408294677734,16.81061363220215,35.34868240356445,54.07375717163086,43.288883209228516,70.75332641601562,52.381874084472656,59.549076080322266,85.0176773071289,27.026443481445312,81.7297134399414
172,172.0,78.8898696899414,45.66791534423828,51.81831741333008,26.373531341552734,69.40050506591797,65.53491973876953,93.68504333496094,72.43502044677734,47.690826416015625,44.0962028503418,16.738489151000977,32.3836555480957,53.885398864746094,42.48554611206055,63.78649139404297,48.387794494628906,53.90856170654297,81.40946960449219,28.589523315429688,76.27619171142578
173,173.0,74.18257141113281,39.160213470458984,48.45042419433594,25.549203872680664,64.2786865234375,58.72957992553711,89.00984191894531,71.66267395019531,46.91240692138672,44.39838409423828,15.204160690307617,32.843929290771484,49.21430969238281,40.89877700805664,58.4782829284668,45.85966873168945,55.01522445678711,71.3758544921875,28.995563507080078,72.08293914794922
174,174.0,73.65974426269531,35.238494873046875,45.42053985595703,26.023635864257812,62.78681945800781,55.11368179321289,84.98265838623047,67.74034881591797,47.50883483886719,42.99242401123047,13.638406753540039,29.575153350830078,46.20994567871094,37.20164489746094,57.886234283447266,44.31626510620117,49.488643646240234,69.08476257324219,24.506912231445312,69.02406311035156
175,175.0,72.28060913085938,38.69061279296875,43.02488327026367,23.227930068969727,59.06575393676758,51.32062530517578,80.23001861572266,61.41951370239258,42.77445983886719,39.69429016113281,14.607709884643555,27.964641571044922,42.87126159667969,37.52699661254883,54.523311614990234,42.45975875854492,50.03404235839844,69.26680755615234,23.290502548217773,65.26678466796875
176,176.0,68.33238220214844,35.75782012939453,41.485816955566406,21.202983856201172,58.55170440673828,51.91254806518555,74.8498306274414,60.29806137084961,46.57638168334961,38.59772491455078,14.920954704284668,27.803701400756836,40.396602630615234,32.6840705871582,52.19766616821289,41.02243423461914,48.23274612426758,64.61418914794922,22.624773025512695,64.1663818359375
177,177.0,63.87176513671875,32.39820861816406,43.79876708984375,22.19452476501465,54.79978942871094,47.733333587646484,68.06678009033203,54.865352630615234,44.23192596435547,37.69922637939453,13.160049438476562,29.54985237121582,39.70431900024414,33.56790542602539,49.41810607910156,37.962890625,50.031524658203125,61.19573211669922,20.156436920166016,62.24753189086914
178,178.0,64.70873260498047,35.220481872558594,42.47808837890625,21.477901458740234,53.00519943237305,46.69906234741211,69.62066650390625,50.6802978515625,40.21976852416992,35.85025405883789,16.21474266052246,26.616926193237305,40.66161346435547,31.83258056640625,45.55010986328125,36.83048629760742,48.2451286315918,58.168575286865234,21.57523536682129,57.3260498046875
179,179.0,60.638221740722656,33.100460052490234,39.85892868041992,22.16862678527832,54.77982711791992,45.429344177246094,66.3927993774414,51.87543869018555,40.241302490234375,36.46711349487305,14.056864738464355,24.589828491210938,39.580440521240234,31.33981704711914,46.692298889160156,36.185081481933594,46.791446685791016,58.450496673583984,25.00465202331543,55.836463928222656
180,180.0,60.30499267578125,34.69822692871094,39.504520416259766,19.972476959228516,50.43186950683594,47.70595932006836,66.85134887695312,52.15181350708008,39.92022705078125,36.453636169433594,13.027931213378906,25.436534881591797,37.3281364440918,29.72616195678711,45.67164993286133,35.21066665649414,46.2060432434082,55.919193267822266,23.954984664916992,57.71855545043945
181,181.0,62.447853088378906,35.578773498535156,40.26298522949219,18.302200317382812,51.13191223144531,46.1309814453125,63.71761703491211,49.08173751831055,40.8687744140625,38.46169662475586,12.006513595581055,22.359533309936523,38.6142692565918,29.64906120300293,42.897865295410156,39.62784957885742,46.95790100097656,53.39982986450195,21.48031234741211,55.60201644897461
182,182.0,58.41416931152344,32.262939453125,38.32449722290039,19.358152389526367,50.91171646118164,43.7330436706543,66.05695343017578,47.762271881103516,36.75209426879883,37.587074279785156,8.95136833190918,27.250652313232422,33.90497970581055,30.10249900817871,42.237606048583984,39.86689376831055,47.81179428100586,56.190792083740234,19.81825828552246,55.70484161376953
183,183.0,60.06026077270508,31.63899803161621,39.24119567871094,21.838781356811523,49.17494201660156,42.84263229370117,65.51937866210938,49.59714889526367,35.946929931640625,37.25758743286133,14.162908554077148,26.65380096435547,36.609962463378906,33.16456985473633,42.346534729003906,39.76160430908203,47.19301986694336,57.819358825683594,21.521669387817383,58.77146911621094
184,184.0,61.039337158203125,32.27351379394531,38.32658004760742,23.055583953857422,50.219505310058594,43.65207290649414,63.745914459228516,54.32350540161133,39.841346740722656,39.10456848144531,16.99589729309082,22.91507911682129,39.13359451293945,31.557523727416992,48.203514099121094,42.34476089477539,46.403507232666016,59.52124786376953,24.087509155273438,56.332244873046875
185,185.0,60.732940673828125,32.777061462402344,39.47457504272461,21.97452163696289,49.782142639160156,49.06037521362305,66.6399154663086,57.13958740234375,42.261531829833984,37.0293083190918,12.978754043579102,24.299110412597656,37.57805633544922,33.25984191894531,50.17717361450195,41.82066345214844,49.850608825683594,62.51149368286133,23.6506290435791,58.75690841674805
186,186.0,65.44685363769531,34.89218521118164,39.281124114990234,24.941064834594727,49.35648727416992,49.650516510009766,67.90825653076172,54.927330017089844,43.105167388916016,41.06425476074219,20.220420837402344,24.0009765625,39.315032958984375,32.34260177612305,49.51498794555664,38.91526794433594,53.126922607421875,63.86244583129883,24.47336769104004,56.347412109375
187,187.0,69.33316802978516,40.08344268798828,41.235225677490234,26.395606994628906,52.071144104003906,51.85974884033203,68.15385437011719,60.39820098876953,41.92354965209961,43.66606140136719,23.051313400268555,25.610549926757812,40.61188888549805,36.607154846191406,49.84778594970703,41.65261459350586,51.4487190246582,66.52689361572266,28.408527374267578,58.62177276611328
188,188.0,72.11172485351562,40.534156799316406,43.7386589050293,27.47715950012207,51.477508544921875,57.75129699707031,72.35270690917969,64.68289184570312,47.72001266479492,44.767173767089844,24.51679229736328,25.629358291625977,44.74761199951172,39.30939865112305,50.39553451538086,44.80115509033203,52.130126953125,69.07470703125,31.87407112121582,61.516761779785156
189,189.0,76.85549926757812,38.948699951171875,45.7610969543457,28.92947006225586,57.39141845703125,57.056724548339844,77.68757629394531,67.1634750366211,49.06496047973633,46.990238189697266,26.44843864440918,26.96221923828125,51.02293014526367,40.306583404541016,53.99387741088867,44.972877502441406,58.45630645751953,74.03693389892578,31.61600685119629,63.62265396118164
190,190.0,80.86476135253906,45.3535270690918,44.648006439208984,32.6032600402832,58.798439025878906,57.346866607666016,83.0574722290039,73.11080169677734,52.666831970214844,51.654388427734375,29.231266021728516,27.931106567382812,49.91911315917969,43.50685119628906,61.0113525390625,46.9632682800293,59.01914596557617,80.40843963623047,33.32205581665039,67.13198852539062
191,191.0,86.53865814208984,42.50226974487305,50.749053955078125,34.24283981323242,62.83052444458008,58.00748062133789,88.15857696533203,76.31038665771484,56.383522033691406,54.09160232543945,30.90332794189453,31.377037048339844,50.287078857421875,46.52374267578125,64.95748901367188,54.344966888427734,61.67898178100586,85.25404357910156,39.635101318359375,75.52931213378906
192,192.0,92.47596740722656,44.7213249206543,54.22568130493164,38.758567810058594,68.77103424072266,64.47362518310547,92.51951599121094,80.34913635253906,56.9362907409668,54.523597717285156,34.226165771484375,33.95826721191406,56.84052658081055,51.953468322753906,69.7292709350586,54.36524200439453,66.39969635009766,91.23397827148438,36.58438491821289,78.77168273925781
193,193.0,93.21222686767578,50.643978118896484,54.152286529541016,41.7896842956543,72.4923324584961,68.827880859375,102.02255249023438,89.17564392089844,59.857696533203125,59.23649978637695,38.49176788330078,38.15899658203125,56.425811767578125,51.57912063598633,73.24555206298828,57.225242614746094,71.0606689453125,95.77825927734375,42.007511138916016,82.05218505859375
194,194.0,99.12528228759766,56.585174560546875,55.129661560058594,45.22735595703125,74.53939819335938,73.73490142822266,108.70804595947266,96.18378448486328,63.80605697631836,62.3328971862793,46.14358901977539,38.231807708740234,60.723243713378906,55.97053909301758,78.70673370361328,65.41842651367188,74.6526870727539,98.90826416015625,45.10651779174805,87.80598449707031
195,195.0,103.37474822998047,54.93906784057617,60.53584289550781,50.24127960205078,80.8086166381836,77.20159912109375,112.72342681884766,102.25212097167969,66.47909545898438,65.5273208618164,48.0912971496582,42.264408111572266,62.39179229736328,58.5925178527832,85.18433380126953,69.79508972167969,78.12855529785156,108.60009765625,47.81516647338867,93.56377410888672
196,196.0,109.65983581542969,55.57435607910156,67.26113891601562,52.38714599609375,85.62757110595703,87.44480895996094,117.76504516601562,106.68209838867188,74.78227233886719,68.33991241455078,50.176025390625,44.67300033569336,70.26880645751953,62.461727142333984,91.621826171875,73.62920379638672,81.61968231201172,116.18292999267578,55.23003387451172,101.52772521972656
197,197.0,115.29953002929688,61.13540267944336,70.93389129638672,55.22108459472656,89.5146255493164,89.31137084960938,125.65194702148438,113.53524780273438,80.40898895263672,70.95668029785156,52.44430923461914,46.8255729675293,75.74163818359375,68.42729187011719,99.48312377929688,80.5130386352539,87.7896957397461,125.03717803955078,62.05538558959961,108.39217376708984
198,198.0,123.7085189819336,67.08716583251953,72.69912719726562,59.32155227661133,97.30062103271484,96.10022735595703,132.27706909179688,118.88145446777344,83.00126647949219,74.35257720947266,56.8195915222168,49.63951873779297,78.39411926269531,69.15007781982422,106.10227966308594,84.74596405029297,96.15129089355469,131.0409393310547,63.47233963012695,117.42509460449219
199,199.0,128.52586364746094,67.07926177978516,76.94596099853516,64.63702392578125,103.97183990478516,102.64799499511719,139.9780731201172,129.24942016601562,83.64588928222656,81.60546112060547,58.82415771484375,53.269554138183594,82.2273178100586,77.75987243652344,113.356201171875,86.87670135498047,100.57763671875,137.71510314941406,68.08572387695312,123.51715087890625
200,200.0,135.395751953125,72.21895599365234,83.72296905517578,67.75823211669922,109.06361389160156,110.65532684326172,147.9819793701172,138.6739501953125,91.72557067871094,84.2142562866211,64.06745147705078,57.44047546386719,85.48612213134766,84.19535827636719,117.56768035888672,91.61751556396484,104.0087890625,144.16342163085938,67.28748321533203,126.40703582763672
201,201.0,142.5758819580078,77.37516021728516,88.11702728271484,73.62035369873047,115.1135025024414,116.0135269165039,158.6995849609375,146.14022827148438,95.6240234375,86.10308837890625,68.3391342163086,62.042945861816406,99.23516845703125,86.6880874633789,122.81425476074219,94.81837463378906,108.1060562133789,150.1162109375,74.34468841552734,133.42514038085938
202,202.0,150.1372833251953,81.51776123046875,94.26387023925781,75.45469665527344,120.18717956542969,121.5578384399414,171.28607177734375,154.30282592773438,95.65077209472656,93.3830795288086,74.0856704711914,60.66084671020508,101.45713806152344,92.34229278564453,131.12078857421875,100.02227020263672,111.41502380371094,161.11907958984375,76.38634490966797,139.48965454101562
203,203.0,159.3452911376953,90.68504333496094,98.73274993896484,80.40140533447266,128.4111328125,126.55905151367188,177.03819274902344,167.21424865722656,104.15106201171875,96.13873291015625,74.97136688232422,63.94540023803711,106.66226196289062,95.80693817138672,137.61415100097656,105.32572937011719,115.69425964355469,168.04177856445312,82.1363754272461,148.74478149414062
204,204.0,166.37432861328125,90.42047882080078,101.50460815429688,82.8846664428711,132.51873779296875,132.97647094726562,186.9095458984375,169.48797607421875,108.54817199707031,102.17079162597656,75.34004211425781,69.06352996826172,109.46381378173828,99.24893951416016,146.68069458007812,112.62892150878906,119.85971069335938,177.9266815185547,84.82264709472656,154.1245880126953
205,205.0,176.86822509765625,92.32454681396484,103.80587768554688,87.45298767089844,140.5245819091797,139.0623016357422,193.15084838867188,178.09034729003906,110.3664321899414,106.2398452758789,80.9480972290039,73.36585998535156,114.77176666259766,103.06549072265625,153.4596710205078,116.82738494873047,127.00045776367188,186.6265106201172,86.69537353515625,160.69293212890625
206,206.0,179.9688262939453,95.63700866699219,112.10893249511719,90.19866180419922,144.8086700439453,146.16050720214844,202.53033447265625,184.72312927246094,117.08373260498047,109.23786926269531,84.31945037841797,76.35041046142578,117.22943878173828,104.6028823852539,160.2231903076172,120.65198516845703,130.75709533691406,195.14671325683594,91.61070251464844,168.51773071289062
207,207.0,185.0625,97.59793853759766,115.15196990966797,94.09525299072266,151.1187744140625,152.91140747070312,206.5157928466797,193.58436584472656,121.6759033203125,111.65133666992188,85.31808471679688,78.64888000488281,127.20296478271484,112.4832763671875,167.8516845703125,122.33423614501953,136.42025756835938,207.2575225830078,95.3058853149414,172.80230712890625
208,208.0,190.85633850097656,104.5249252319336,122.06868743896484,98.25308227539062,152.4208526611328,154.77828979492188,217.83944702148438,204.0030975341797,125.7612533569336,114.30364990234375,91.7846450805664,81.55079650878906,128.03729248046875,121.2170181274414,176.0460662841797,131.08099365234375,140.15138244628906,215.0850372314453,100.42259979248047,180.17893981933594
209,209.0,196.53248596191406,106.63052368164062,125.2280044555664,103.08369445800781,161.00779724121094,162.98736572265625,225.61373901367188,209.0122833251953,131.2452850341797,119.43006134033203,96.55613708496094,85.51751708984375,130.73995971679688,124.16429901123047,178.35340881347656,137.54513549804688,143.97274780273438,220.93643188476562,101.1115493774414,186.7807159423828
210,210.0,204.25674438476562,108.82255554199219,127.42219543457031,109.65058898925781,167.30157470703125,170.81324768066406,235.57528686523438,214.73983764648438,134.01766967773438,121.7376480102539,98.90890502929688,86.14990997314453,139.28089904785156,125.06037902832031,185.9512176513672,140.0759735107422,148.77528381347656,228.14077758789062,101.9715576171875,196.13760375976562
211,211.0,211.56698608398438,113.1153335571289,130.34661865234375,107.99578857421875,175.16029357910156,176.30859375,243.86788940429688,224.46133422851562,139.3824920654297,124.78103637695312,99.54179382324219,89.23408508300781,141.2300567626953,128.2958984375,194.6890869140625,147.73289489746094,149.2728271484375,236.00592041015625,108.84990692138672,203.09088134765625
212,212.0,216.07748413085938,117.4798583984375,136.0259246826172,109.44103240966797,178.72235107421875,181.056884765625,250.0020751953125,229.159423828125,140.4182891845703,127.08918762207031,104.44910430908203,92.55723571777344,147.3673553466797,131.20623779296875,198.0775604248047,152.15008544921875,154.7066192626953,244.78866577148438,114.20582580566406,209.7206268310547
213,213.0,221.40150451660156,119.6656265258789,140.42897033691406,111.84001922607422,181.9031524658203,183.8245849609375,258.69287109375,237.36602783203125,144.05039978027344,130.27017211914062,105.234130859375,95.9727554321289,151.91818237304688,137.05715942382812,205.39505004882812,156.5404815673828,156.81971740722656,252.3741455078125,113.6541748046875,217.13461303710938
214,214.0,225.6209259033203,119.94670104980469,140.6033477783203,113.48291778564453,186.23403930664062,189.07537841796875,264.32269287109375,243.21090698242188,145.99105834960938,135.78208923339844,106.61029815673828,97.68633270263672,154.35858154296875,138.3331756591797,210.53053283691406,158.81114196777344,159.23788452148438,256.7021484375,119.01675415039062,223.4618377685547
215,215.0,229.2833251953125,123.70519256591797,143.56497192382812,115.5818099975586,194.016845703125,195.7127685546875,269.8511047363281,249.4017333984375,147.22186279296875,135.32273864746094,110.3212661743164,98.4248275756836,159.4744110107422,141.31167602539062,214.55572509765625,160.3733673095703,161.36453247070312,261.6007995605469,121.02094268798828,225.29161071777344
216,216.0,235.614013671875,128.05276489257812,150.72276306152344,120.56657409667969,194.99398803710938,196.15972900390625,273.8099670410156,254.91184997558594,151.06304931640625,138.60092163085938,110.35064697265625,100.79358673095703,164.81729125976562,143.01417541503906,218.29254150390625,165.97964477539062,166.63406372070312,264.62908935546875,121.55068969726562,229.83897399902344
217,217.0,237.84913635253906,127.36335754394531,152.83241271972656,123.61805725097656,195.23248291015625,202.3731231689453,278.3126525878906,260.0529479980469,156.478515625,142.09877014160156,114.20863342285156,103.11456298828125,166.32569885253906,149.12290954589844,219.03468322753906,167.8372039794922,170.67372131347656,271.83990478515625,124.83726501464844,235.17930603027344
218,218.0,243.31466674804688,129.6665496826172,156.54473876953125,125.65080261230469,202.09890747070312,204.8221435546875,284.45782470703125,263.4352111816406,156.97891235351562,142.88980102539062,116.29631805419922,106.92711639404297,169.12098693847656,154.13250732421875,223.16712951660156,170.05682373046875,169.7162322998047,274.8179931640625,126.9340591430664,240.36264038085938
219,219.0,245.34579467773438,132.76266479492188,154.14682006835938,125.93515014648438,208.95164489746094,212.58201599121094,291.1312255859375,272.3793029785156,159.1681365966797,143.73976135253906,114.94027709960938,107.17320251464844,169.0533905029297,151.73880004882812,229.61415100097656,175.4272918701172,171.89370727539062,279.27764892578125,130.86990356445312,240.6851043701172
220,220.0,248.539794921875,132.37994384765625,160.2165985107422,128.42364501953125,211.4791717529297,215.06553649902344,296.3659973144531,273.77056884765625,158.47381591796875,142.94265747070312,114.12986755371094,106.77313232421875,171.2485809326172,155.2114715576172,234.69129943847656,176.19998168945312,173.04896545410156,283.7179870605469,131.3900146484375,241.4718017578125
221,221.0,248.1043701171875,135.1011199951172,160.50807189941406,127.33605194091797,212.81982421875,216.91354370117188,301.0617980957031,277.2760314941406,163.99749755859375,145.24783325195312,115.37922668457031,107.9454116821289,174.3485565185547,153.25518798828125,239.58358764648438,179.7938232421875,174.1679229736328,285.6426086425781,132.41549682617188,248.32568359375
222,222.0,251.413330078125,135.65155029296875,163.29367065429688,130.09410095214844,216.7974853515625,218.15074157714844,303.6622314453125,277.7043762207031,163.3540802001953,146.7179412841797,117.58241271972656,112.40276336669922,178.06790161132812,155.0938720703125,239.96026611328125,180.2110595703125,174.36474609375,286.406982421875,132.82749938964844,253.5635986328125
223,223.0,249.3586883544922,137.80589294433594,164.0906219482422,132.21853637695312,218.58868408203125,218.98866271972656,304.7061767578125,283.9054260253906,162.22080993652344,148.2173614501953,115.763427734375,113.38414764404297,180.879638671875,155.1184539794922,240.5265655517578,177.55526733398438,175.1521759033203,289.3444519042969,132.4093780517578,253.0894775390625
224,224.0,250.98095703125,137.1285858154297,166.2289276123047,134.1365509033203,218.5628204345703,218.87933349609375,304.02923583984375,280.7886657714844,160.82801818847656,147.5799102783203,115.59678649902344,111.336181640625,182.88168334960938,159.2665252685547,244.24632263183594,179.67124938964844,178.02105712890625,287.7562561035156,130.22816467285156,253.60691833496094
225,225.0,249.7663116455078,137.1859588623047,164.8820343017578,133.06634521484375,220.16189575195312,220.563720703125,306.603271484375,279.253662109375,164.26950073242188,144.96426391601562,114.62977600097656,112.8237533569336,181.44180297851562,161.08871459960938,243.9358673095703,175.72691345214844,177.3522491455078,291.5235900878906,131.31488037109375,253.88417053222656
226,226.0,252.07899475097656,136.43081665039062,162.9623565673828,134.7079620361328,217.63937377929688,221.86317443847656,307.77679443359375,282.154541015625,162.23544311523438,144.3773193359375,111.41610717773438,113.46800231933594,181.49317932128906,158.76239013671875,242.2052001953125,179.05076599121094,176.44598388671875,288.1098327636719,133.63095092773438,254.06317138671875
227,227.0,248.94338989257812,137.3988800048828,163.25726318359375,131.32945251464844,219.38604736328125,219.22714233398438,308.08843994140625,281.44964599609375,161.09622192382812,144.77236938476562,108.93184661865234,113.54155731201172,178.51109313964844,158.36135864257812,243.7378387451172,180.39315795898438,173.4308319091797,291.0249328613281,131.11138916015625,253.29592895507812
228,228.0,250.595703125,134.89645385742188,162.44100952148438,130.53033447265625,219.4949188232422,222.08029174804688,305.3041076660156,281.6471862792969,160.07415771484375,142.2061004638672,111.88584899902344,112.12879943847656,178.87950134277344,157.0611572265625,243.9015350341797,179.7062530517578,170.46424865722656,288.6390075683594,132.01580810546875,253.28346252441406
229,229.0,248.54205322265625,138.4252471923828,161.47283935546875,128.12982177734375,217.91275024414062,216.5091552734375,305.0494689941406,281.38433837890625,157.9374237060547,142.21890258789062,107.05274200439453,111.5904769897461,179.3133087158203,157.43490600585938,244.7946014404297,178.53221130371094,170.12710571289062,283.8502502441406,129.5699005126953,253.78369140625
230,230.0,244.841552734375,136.10220336914062,162.11106872558594,128.7008056640625,219.02806091308594,217.01748657226562,303.698974609375,276.44598388671875,154.08526611328125,141.92575073242188,104.80097198486328,111.06907653808594,178.77806091308594,153.3305206298828,240.81365966796875,175.41551208496094,170.0500946044922,285.77203369140625,129.8003692626953,253.01060485839844
231,231.0,248.05661010742188,134.7847137451172,163.51515197753906,127.58612823486328,218.9443817138672,219.0293426513672,303.5943298339844,277.0587463378906,155.26058959960938,138.23899841308594,106.91022491455078,112.51480865478516,178.26210021972656,150.96633911132812,239.47000122070312,174.93760681152344,167.67567443847656,282.3230285644531,128.87335205078125,250.51539611816406
232,232.0,245.21942138671875,135.86183166503906,162.336181640625,127.10437774658203,216.40333557128906,217.1002197265625,304.8906555175781,274.10400390625,154.2548370361328,138.10748291015625,103.77195739746094,112.6433334350586,174.93539428710938,152.4038848876953,236.79656982421875,173.07351684570312,162.68028259277344,280.7335510253906,124.69876098632812,250.393798828125
233,233.0,241.07386779785156,134.77239990234375,159.08648681640625,127.45549011230469,215.29747009277344,214.78900146484375,299.4950866699219,270.9103088378906,153.24859619140625,139.19615173339844,103.05618286132812,107.64729309082031,174.32945251464844,151.1478271484375,234.0148468017578,173.19744873046875,161.60203552246094,277.110595703125,123.624267578125,246.61898803710938
234,234.0,234.18321228027344,133.9136199951172,153.7127227783203,123.42556762695312,210.33248901367188,210.67062377929688,295.7398986816406,265.96051025390625,150.16978454589844,135.504150390625,99.06591796875,105.63350677490234,169.6979522705078,148.4537353515625,232.251953125,172.18276977539062,161.10928344726562,274.8095703125,119.63288116455078,243.53781127929688
235,235.0,230.42141723632812,131.17568969726562,154.99331665039062,118.19827270507812,210.78973388671875,207.77964782714844,290.77288818359375,265.96478271484375,148.08953857421875,133.05355834960938,99.22055053710938,105.35177612304688,170.33578491210938,146.43052673339844,228.92691040039062,170.17518615722656,157.2983856201172,267.3028564453125,119.09838104248047,241.1045379638672
236,236.0,229.45404052734375,125.75190734863281,152.55836486816406,115.71896362304688,207.18931579589844,204.01649475097656,287.3971862792969,257.15789794921875,148.2310791015625,127.49366760253906,96.97537231445312,103.7833023071289,168.60043334960938,144.29856872558594,224.7998046875,162.3102569580078,154.84815979003906,264.08203125,115.2093505859375,236.3782501220703
237,237.0,224.2313232421875,123.47528076171875,148.59312438964844,111.3569107055664,202.97152709960938,199.2978973388672,281.729248046875,257.9690246582031,142.58445739746094,126.94343566894531,90.5232925415039,102.3484878540039,166.0326385498047,141.5843963623047,218.287841796875,161.1175994873047,151.29920959472656,263.31402587890625,111.10144805908203,234.84078979492188
238,238.0,221.60247802734375,120.59584045410156,146.44961547851562,111.78103637695312,199.90777587890625,196.81298828125,273.6977233886719,253.06439208984375,143.946044921875,122.38764953613281,87.26074981689453,97.99726104736328,159.9099884033203,139.74513244628906,213.58963012695312,156.75437927246094,149.65768432617188,254.0938720703125,111.00785827636719,230.4940185546875
239,239.0,213.24832153320312,117.38379669189453,145.64976501464844,109.14550018310547,195.9993438720703,189.71739196777344,267.5149230957031,243.6491241455078,140.87290954589844,121.43443298339844,85.1268081665039,95.88583374023438,155.6560821533203,133.83026123046875,209.74827575683594,151.2957000732422,147.20252990722656,246.27955627441406,106.29853820800781,224.72390747070312
240,240.0,206.98912048339844,115.3050765991211,139.81365966796875,105.340576171875,192.5025634765625,190.34609985351562,260.6114501953125,233.0796356201172,135.3853302001953,115.61125183105469,81.714599609375,93.09530639648438,150.60891723632812,126.70110321044922,202.99842834472656,147.60215759277344,145.43910217285156,238.68594360351562,104.22241973876953,216.46328735351562
241,241.0,195.64080810546875,111.8587417602539,135.90060424804688,100.51099395751953,186.28704833984375,180.12005615234375,255.652099609375,225.14682006835938,129.82061767578125,110.40735626220703,78.18045806884766,90.36820983886719,147.87307739257812,126.08905029296875,197.77439880371094,142.5351104736328,139.46026611328125,231.25527954101562,100.49624633789062,211.67355346679688
242,242.0,191.23133850097656,108.31146240234375,129.57225036621094,96.63258361816406,178.40286254882812,173.70140075683594,248.73977661132812,217.13507080078125,126.92814636230469,110.95059967041016,74.46691131591797,89.0738525390625,139.56336975097656,119.97247314453125,191.8257598876953,140.36537170410156,132.47242736816406,220.92198181152344,98.83401489257812,204.05580139160156
243,243.0,187.43759155273438,104.51215362548828,126.6115951538086,94.66273498535156,172.34153747558594,169.69500732421875,238.22369384765625,208.41836547851562,123.84574127197266,103.11442565917969,74.13169860839844,86.5019302368164,137.3665313720703,115.46517181396484,187.19203186035156,136.05026245117188,128.35870361328125,213.95460510253906,94.60945129394531,200.68780517578125
244,244.0,180.6277313232422,102.76812744140625,120.63540649414062,90.66032409667969,168.61166381835938,160.67849731445312,234.72885131835938,205.59716796875,117.54771423339844,102.90132904052734,69.5152587890625,82.7260513305664,131.67556762695312,108.42659759521484,179.7386474609375,127.70337677001953,123.33880615234375,209.09205627441406,90.91914367675781,194.02902221679688
245,245.0,176.76393127441406,98.516845703125,118.33906555175781,84.08915710449219,163.5574493408203,156.6409912109375,223.50103759765625,193.73751831054688,114.7264633178711,100.4423599243164,69.42961120605469,80.87432098388672,129.0022430419922,104.51447296142578,169.96548461914062,122.97997283935547,122.82046508789062,202.05078125,86.1645736694336,187.4530792236328
246,246.0,169.30609130859375,95.92919921875,116.20433807373047,81.75363159179688,155.7497100830078,149.37928771972656,215.52110290527344,185.02835083007812,107.60647583007812,95.01519012451172,62.20523452758789,78.26587677001953,124.15730285644531,102.891357421875,163.90789794921875,116.8034439086914,116.61727142333984,191.20635986328125,82.57634735107422,177.18409729003906
247,247.0,163.66456604003906,92.5070571899414,110.82501983642578,75.0839614868164,147.9897003173828,143.82699584960938,204.72305297851562,178.86187744140625,105.74017333984375,92.13514709472656,57.456356048583984,75.7686767578125,115.39067077636719,100.00031280517578,154.4792938232422,112.38089752197266,112.6421890258789,186.02670288085938,76.61175537109375,171.18418884277344
248,248.0,157.64794921875,88.14701080322266,106.33297729492188,75.7446517944336,142.0648956298828,137.8356475830078,197.98377990722656,169.66648864746094,100.3561019897461,86.38440704345703,52.29262924194336,70.43335723876953,113.7226791381836,95.53295135498047,150.1717987060547,110.93894958496094,107.69464874267578,174.62753295898438,71.83834838867188,163.7255859375
249,249.0,147.61868286132812,83.93209075927734,106.41885375976562,70.28538513183594,136.733642578125,134.54180908203125,188.51312255859375,162.6498565673828,92.8134536743164,82.87095642089844,47.06127166748047,66.37915802001953,109.44886016845703,90.31989288330078,140.56187438964844,106.18455505371094,102.5179672241211,170.89767456054688,66.57243347167969,158.23666381835938
250,250.0,141.16262817382812,77.65280151367188,100.16486358642578,66.28356170654297,131.2693328857422,126.40274810791016,179.25518798828125,154.1046600341797,91.60240173339844,79.22306823730469,45.93589782714844,62.18524169921875,102.2623291015625,83.25910186767578,134.4507293701172,100.37556457519531,95.24066925048828,162.12255859375,63.775245666503906,148.94273376464844
251,251.0,133.95083618164062,76.00138854980469,94.41683959960938,63.01660919189453,126.53997802734375,117.99537658691406,170.4192657470703,145.68629455566406,84.54463195800781,72.21562194824219,42.91447830200195,60.5963020324707,99.4855728149414,81.6395263671875,126.57191467285156,95.334228515625,90.61849975585938,151.64996337890625,58.94961929321289,139.80545043945312
252,252.0,127.07687377929688,72.57246398925781,89.7617416381836,62.71039962768555,119.62141418457031,111.20088958740234,163.07406616210938,137.88563537597656,78.1456298828125,70.1839828491211,37.28065490722656,58.16973114013672,92.86518859863281,78.4537124633789,122.45548248291016,90.15227508544922,88.07758331298828,140.34274291992188,56.52821350097656,131.1474609375
253,253.0,122.04335021972656,69.65560150146484,81.97494506835938,58.557220458984375,114.81426239013672,107.90150451660156,155.0288848876953,132.29025268554688,75.74176025390625,64.74852752685547,35.847232818603516,54.26784133911133,85.23865509033203,73.87248992919922,113.85188293457031,86.44297790527344,83.20455932617188,133.01698303222656,53.387237548828125,127.22481536865234
254,254.0,114.79959106445312,69.20608520507812,77.8987045288086,53.60927200317383,107.58859252929688,101.72415924072266,146.95018005371094,124.31382751464844,72.84337615966797,63.754608154296875,29.705799102783203,52.32578659057617,84.99544525146484,67.06134033203125,108.91118621826172,81.15645599365234,79.92924499511719,129.11715698242188,49.52833938598633,124.15061950683594
255,255.0,107.615478515625,62.4193000793457,75.39842224121094,51.90544509887695,99.76866912841797,97.95352935791016,140.83773803710938,119.8128433227539,69.59598541259766,58.039241790771484,28.665420532226562,52.22414016723633,77.77557373046875,64.8760986328125,103.16576385498047,74.23143768310547,74.92864227294922,120.58863830566406,49.57653045654297,116.92070007324219
256,256.0,102.1701431274414,60.322914123535156,69.00537872314453,46.709678649902344,97.51365661621094,90.85177612304688,132.4173583984375,110.3474349975586,65.05209350585938,57.16244888305664,26.129663467407227,45.56647872924805,72.90241241455078,60.94357681274414,96.93925476074219,72.67597961425781,72.28877258300781,115.0736083984375,44.472686767578125,108.43728637695312
257,257.0,96.86603546142578,56.57582473754883,65.03621673583984,42.87281799316406,92.89790344238281,83.62742614746094,120.69770812988281,103.04917907714844,63.52412414550781,53.984535217285156,25.9069766998291,44.71992111206055,66.70819854736328,57.56216812133789,90.48847961425781,67.63683319091797,66.54131317138672,106.70945739746094,42.216552734375,102.89559173583984
258,258.0,92.91230773925781,57.99024963378906,59.04606628417969,37.65315628051758,87.37100219726562,78.41354370117188,115.56431579589844,95.83296203613281,57.76255798339844,52.97532272338867,23.28045654296875,38.585960388183594,62.17894744873047,50.3512077331543,86.17030334472656,60.23211669921875,62.37354278564453,104.16099548339844,38.349891662597656,97.32202911376953
259,259.0,86.58738708496094,53.2174072265625,59.35675811767578,34.605533599853516,83.33257293701172,75.28546142578125,109.0774154663086,91.45777130126953,56.334381103515625,52.01853561401367,16.978260040283203,39.460716247558594,56.529197692871094,47.63187026977539,77.93215942382812,59.34878158569336,58.22770309448242,96.7173080444336,34.649898529052734,91.95259857177734
260,260.0,86.06849670410156,51.251407623291016,56.89918518066406,31.00323486328125,75.83480834960938,72.15357971191406,103.0453109741211,82.368408203125,53.83079528808594,45.96547317504883,17.219070434570312,34.86559295654297,54.604270935058594,44.8564453125,72.72468566894531,51.538230895996094,54.136863708496094,88.99836730957031,36.84105682373047,82.91107940673828
261,261.0,78.94471740722656,46.36797332763672,54.520530700683594,29.919803619384766,73.79662322998047,69.27420806884766,95.3364486694336,77.5049057006836,50.139442443847656,44.13166809082031,17.585580825805664,35.27796936035156,54.49327087402344,44.82876205444336,68.57755279541016,53.298152923583984,55.48482894897461,83.15206146240234,32.93654251098633,76.55034637451172
262,262.0,75.97521209716797,47.6636848449707,52.50944519042969,28.872604370117188,67.97151184082031,62.59641647338867,89.21908569335938,71.41455078125,47.475135803222656,43.72175216674805,16.68757438659668,32.67003631591797,50.29993438720703,41.4123649597168,66.42266082763672,52.372196197509766,52.5390739440918,79.23513793945312,29.598384857177734,72.51705169677734
263,263.0,72.79707336425781,43.20728302001953,49.010433197021484,29.29804229736328,64.27448272705078,60.701332092285156,86.2870101928711,66.95668029785156,45.506065368652344,39.897789001464844,11.645679473876953,31.21686553955078,48.8460807800293,39.9311408996582,62.29697036743164,48.930049896240234,48.970733642578125,75.33357238769531,28.267581939697266,69.1868896484375
264,264.0,68.15447998046875,39.93054962158203,47.75098419189453,28.646726608276367,59.656341552734375,57.389305114746094,83.80260467529297,66.39106750488281,46.29677963256836,37.14435958862305,14.783927917480469,27.821012496948242,45.361019134521484,39.13346481323242,56.837921142578125,44.9454231262207,50.4737548828125,71.60189056396484,26.705673217773438,67.8147201538086
265,265.0,68.13301849365234,42.67401885986328,45.295867919921875,27.277000427246094,57.186485290527344,54.342445373535156,78.31873321533203,62.90755844116211,43.130828857421875,35.8385124206543,12.096378326416016,26.5147647857666,44.02204895019531,37.4332160949707,55.03227233886719,40.88428497314453,49.43950653076172,66.04385375976562,24.191831588745117,64.76663970947266
266,266.0,61.04648208618164,35.543479919433594,45.00221252441406,22.419403076171875,56.85588073730469,52.3769416809082,73.46268463134766,60.44501495361328,40.862300872802734,37.353878021240234,11.346168518066406,26.951696395874023,43.845054626464844,35.60662841796875,48.670780181884766,40.1231689453125,48.17061996459961,62.69871139526367,25.210308074951172,63.372379302978516
267,267.0,60.52169418334961,34.38359451293945,40.757301330566406,20.822998046875,54.44538116455078,47.776763916015625,65.8507080078125,55.01804733276367,39.7420654296875,37.36044692993164,9.358627319335938,27.32806396484375,42.59654998779297,33.89226150512695,47.99998474121094,36.3218994140625,46.67323684692383,62.819664001464844,22.3570499420166,61.28866195678711
268,268.0,62.829410552978516,31.276973724365234,37.985877990722656,22.545705795288086,47.901798248291016,44.73966598510742,65.8654556274414,55.376285552978516,40.273197174072266,34.4469108581543,8.783411979675293,27.027603149414062,39.83371353149414,30.33771514892578,47.36924743652344,34.17430877685547,47.85822677612305,57.4649543762207,20.33236312866211,55.79912567138672
269,269.0,63.802642822265625,34.209320068359375,36.477630615234375,19.55545997619629,46.068172454833984,43.752567291259766,62.270751953125,51.21148681640625,40.680240631103516,35.54361343383789,11.070769309997559,25.77666664123535,37.61821365356445,27.727842330932617,45.73169708251953,33.731117248535156,48.975791931152344,56.4029655456543,18.136470794677734,52.19565963745117
270,270.0,59.295902252197266,36.62133026123047,33.545780181884766,22.29065704345703,43.62004089355469,42.86980438232422,61.366390228271484,52.31318283081055,40.09860610961914,36.076812744140625,10.587270736694336,22.49656105041504,37.507625579833984,31.78281021118164,44.590789794921875,34.585445404052734,46.09149169921875,57.27553176879883,17.1125431060791,51.16536331176758
271,271.0,56.387123107910156,33.336181640625,35.0640869140625,21.034488677978516,43.834617614746094,44.9253044128418,58.55759048461914,50.89625930786133,39.22885513305664,37.356414794921875,13.24528694152832,23.1039981842041,35.14002227783203,32.777626037597656,46.65129089355469,33.310062408447266,44.59933090209961,55.96677017211914,18.575302124023438,53.0641975402832
272,272.0,59.320030212402344,32.20107650756836,35.52146530151367,22.399545669555664,46.480499267578125,44.72456359863281,61.42620849609375,52.46236801147461,39.031375885009766,36.59539031982422,14.761711120605469,25.6060791015625,40.73423767089844,31.263185501098633,46.485103607177734,32.52110290527344,47.5445671081543,56.192955017089844,20.68779182434082,51.95206069946289
273,273.0,59.30116271972656,34.852230072021484,36.04519271850586,19.952383041381836,48.03764724731445,45.611412048339844,62.41736602783203,52.89497375488281,42.288936614990234,37.929012298583984,15.536815643310547,22.272703170776367,36.64860534667969,32.072731018066406,43.621273040771484,30.98284339904785,47.799285888671875,57.799312591552734,19.53314781188965,55.38412857055664
274,274.0,64.25664520263672,33.12760925292969,37.005672454833984,18.77940559387207,48.457767486572266,43.59852600097656,66.37739562988281,50.425777435302734,41.532737731933594,35.75907897949219,17.940826416015625,24.04142951965332,36.011661529541016,33.79400634765625,42.372737884521484,33.4616813659668,48.16731643676758,61.09606170654297,20.752483367919922,55.65819549560547
275,275.0,65.77273559570312,34.79988479614258,39.50648880004883,23.749366760253906,46.6683464050293,43.96889877319336,66.38299560546875,55.89213943481445,42.870418548583984,38.58521270751953,19.25979232788086,26.20719337463379,38.15156173706055,35.56231689453125,45.468353271484375,39.7794189453125,51.094600677490234,59.037559509277344,23.38585662841797,55.865623474121094
276,276.0,66.86964416503906,36.56234359741211,39.736854553222656,24.608266830444336,49.35557174682617,45.78936767578125,68.74533081054688,59.690242767333984,45.148712158203125,42.08008575439453,21.560565948486328,24.017913818359375,41.40050506591797,32.61309051513672,45.969600677490234,42.14209747314453,51.11798095703125,62.25613784790039,24.861251831054688,58.47563552856445
277,277.0,68.83235168457031,35.39968490600586,38.72683334350586,25.561614990234375,49.84065628051758,44.70551300048828,73.86429595947266,58.948158264160156,46.17783737182617,43.28264236450195,22.489776611328125,26.7135066986084,41.15105056762695,35.11268997192383,52.75773239135742,42.250877380371094,51.915245056152344,65.95470428466797,28.07659149169922,60.46199417114258
278,278.0,72.16677856445312,40.11378479003906,43.105987548828125,28.85072898864746,50.497901916503906,50.045745849609375,73.95376586914062,63.38937759399414,46.7097282409668,43.28711700439453,27.20834732055664,27.356678009033203,42.150814056396484,39.038997650146484,52.505252838134766,43.589210510253906,57.967742919921875,69.6187973022461,28.805805206298828,63.19767379760742
279,279.0,76.72456359863281,42.41366195678711,44.20991516113281,34.2379264831543,54.080692291259766,55.299617767333984,74.41038513183594,65.7676773071289,46.57950973510742,47.252647399902344,28.178787231445312,27.733285903930664,46.111366271972656,39.72935104370117,56.11427307128906,45.081993103027344,58.733707427978516,75.09500122070312,29.267759323120117,65.08631134033203
280,280.0,80.85760498046875,42.22154235839844,42.929656982421875,33.7520637512207,57.70213317871094,57.086387634277344,81.03477478027344,71.05215454101562,51.053733825683594,45.99850082397461,30.420940399169922,28.407867431640625,47.79366683959961,39.18346405029297,59.7672119140625,49.10408020019531,61.1685791015625,78.67881774902344,36.58268737792969,67.6898422241211
281,281.0,85.35411834716797,46.5081672668457,47.63483810424805,37.027835845947266,62.30780792236328,55.31591033935547,84.2541275024414,78.44149017333984,53.91605758666992,52.31306457519531,33.82014465332031,31.527650833129883,50.55557632446289,45.51284408569336,63.790435791015625,49.2847900390625,65.83432006835938,83.98767852783203,37.23021697998047,72.82383728027344
282,282.0,88.07835388183594,50.04221725463867,50.118186950683594,41.19377517700195,65.794677734375,61.44798278808594,91.05294799804688,83.57091522216797,56.444679260253906,53.979087829589844,37.32286834716797,32.03123474121094,56.46404266357422,48.36747741699219,65.255126953125,54.6319694519043,70.78550720214844,90.57743835449219,39.112640380859375,76.3168716430664
283,283.0,94.44776916503906,50.463951110839844,52.35295867919922,43.37259292602539,71.78978729248047,68.58346557617188,98.41840362548828,89.25212860107422,58.26947784423828,57.22181701660156,41.00564956665039,35.84526062011719,58.03644943237305,55.31414031982422,70.9441146850586,56.25505065917969,74.49713134765625,92.8528823852539,40.336360931396484,78.65583801269531
284,284.0,97.19895935058594,54.51536178588867,56.2996940612793,42.293312072753906,75.3676528930664,70.8065185546875,103.26484680175781,94.96208953857422,65.11125946044922,65.02425384521484,43.3475227355957,40.24970245361328,61.66775131225586,52.86049270629883,80.82719421386719,61.58422088623047,77.17567443847656,102.51095581054688,44.335113525390625,86.16126251220703
285,285.0,106.35535430908203,57.286216735839844,62.712501525878906,45.69247817993164,81.79509735107422,80.36273956298828,109.45039367675781,98.38957977294922,69.91704559326172,61.90127182006836,45.643470764160156,42.931941986083984,65.4555892944336,61.19984436035156,87.39617156982422,69.43389892578125,79.8871078491211,110.57172393798828,49.611778259277344,92.68917846679688
286,286.0,116.10881042480469,60.5806884765625,64.0006332397461,52.13557052612305,83.8294906616211,88.30066680908203,120.24626159667969,109.6582260131836,69.74201965332031,64.89173126220703,51.15834045410156,42.89527893066406,68.85031127929688,64.97738647460938,90.14813232421875,74.97115325927734,85.4034652709961,116.95415496826172,52.22901916503906,99.20008087158203
287,287.0,119.33323669433594,64.94438934326172,72.60226440429688,54.50084686279297,89.14216613769531,91.95391082763672,122.50420379638672,114.47599792480469,79.14143371582031,72.02210998535156,54.825679779052734,49.9659423828125,72.99095153808594,66.07080841064453,97.41812896728516,76.93904113769531,88.56991577148438,124.78247833251953,56.078548431396484,106.39044952392578
288,288.0,127.62769317626953,68.63870239257812,74.22215270996094,60.53235626220703,98.74054718017578,99.2549819946289,131.22625732421875,120.53182983398438,81.4128189086914,77.25128936767578,55.95878982543945,51.00069046020508,78.80132293701172,71.92501068115234,104.97352600097656,80.98130798339844,91.96612548828125,131.57875061035156,59.368125915527344,110.09772491455078
289,289.0,137.06871032714844,70.68896484375,76.978759765625,65.38600158691406,102.85370635986328,107.76105499267578,141.17013549804688,129.9591522216797,87.34595489501953,80.83824920654297,58.90070724487305,56.756099700927734,84.30360412597656,75.96672821044922,109.39109802246094,84.61048889160156,99.63182830810547,138.81185913085938,62.32461166381836,119.01544189453125
290,290.0,138.05096435546875,75.85493469238281,81.83599853515625,68.70368957519531,105.31363677978516,110.40602111816406,146.5465087890625,139.40548706054688,90.30169677734375,84.6513900756836,62.066532135009766,58.823001861572266,87.3796157836914,80.95626831054688,113.64250946044922,91.05372619628906,105.94378662109375,147.72047424316406,67.42980194091797,124.09261322021484
291,291.0,149.31028747558594,75.98554229736328,91.03730773925781,70.74180603027344,108.82154846191406,115.7730941772461,155.98167419433594,144.17807006835938,97.35589599609375,89.33613586425781,67.9913558959961,61.435791015625,91.35440063476562,87.4201431274414,120.74213409423828,94.55009460449219,104.93177032470703,155.94908142089844,70.10747528076172,131.89881896972656
292,292.0,153.30841064453125,80.67622375488281,93.55671691894531,74.59937286376953,117.36750030517578,120.0103759765625,166.35687255859375,153.65757751464844,100.33106994628906,94.37410736083984,73.37791442871094,63.759029388427734,95.55354309082031,87.87261199951172,127.88006591796875,100.14543151855469,107.43975067138672,165.9429931640625,72.7821044921875,139.66842651367188
293,293.0,160.25538635253906,85.92095184326172,97.10469818115234,80.1068344116211,122.62844848632812,125.55607604980469,173.9386444091797,163.9706268310547,104.85013580322266,97.50016784667969,75.80591583251953,66.23482513427734,101.04047393798828,95.97737884521484,134.89691162109375,105.82853698730469,116.23237609863281,171.1079559326172,78.48600769042969,144.44850158691406
294,294.0,166.6128692626953,85.34014892578125,99.9798812866211,86.6552734375,127.6206283569336,131.47691345214844,182.7952117919922,171.99537658691406,108.58119201660156,99.84070587158203,77.68814086914062,69.6518325805664,109.93635559082031,101.21003723144531,143.458740234375,110.30390930175781,120.62269592285156,180.80804443359375,82.96233367919922,154.88134765625
295,295.0,172.70187377929688,91.29232025146484,104.39142608642578,87.35318756103516,134.06748962402344,138.26629638671875,189.9985809326172,178.182373046875,112.09599304199219,102.50147247314453,80.8519058227539,73.68789672851562,114.75434875488281,105.78443145751953,149.08511352539062,117.70636749267578,126.86626434326172,188.57521057128906,85.87324523925781,157.3765411376953
296,296.0,176.2692108154297,93.83940887451172,110.67517852783203,91.12738037109375,143.47047424316406,144.19895935058594,198.09762573242188,186.21456909179688,120.13744354248047,106.48208618164062,81.79803466796875,73.2762680053711,118.08486938476562,111.35330200195312,156.90560913085938,123.13340759277344,127.68937683105469,194.47097778320312,91.34146118164062,163.1106414794922
297,297.0,180.82305908203125,98.70954895019531,115.10456085205078,95.03035736083984,149.43185424804688,149.38082885742188,211.41302490234375,194.49183654785156,122.07383728027344,108.803466796875,86.90003204345703,75.54450225830078,124.61528778076172,112.03570556640625,162.71676635742188,126.34477233886719,136.4647674560547,204.5994110107422,95.41651153564453,170.03826904296875
298,298.0,188.10594177246094,97.93414306640625,120.3837661743164,97.93612670898438,157.1688232421875,156.2598114013672,220.56275939941406,199.57449340820312,124.75507354736328,111.63284301757812,89.06880950927734,81.11819458007812,128.44866943359375,117.00701904296875,174.04153442382812,129.58494567871094,140.56011962890625,209.4885711669922,97.1169204711914,179.72235107421875
299,299.0,197.2007598876953,103.68036651611328,119.17926788330078,101.52587890625,161.90756225585938,159.35336303710938,222.7427978515625,208.9714813232422,129.4864501953125,117.77461242675781,94.18569946289062,86.12665557861328,133.39248657226562,117.79025268554688,178.3737335205078,131.99696350097656,145.0797119140625,214.54360961914062,99.95563507080078,184.8226318359375
300,300.0,202.985595703125,108.58342742919922,122.99356842041016,105.43843841552734,164.1664581298828,165.65528869628906,233.24269104003906,213.07994079589844,132.08621215820312,121.04280090332031,97.52320861816406,85.12755584716797,137.91368103027344,125.08116149902344,184.00473022460938,137.609375,147.10597229003906,225.90895080566406,103.8188705444336,190.15528869628906
301,301.0,205.3726348876953,111.75151062011719,126.63764190673828,109.60881805419922,171.2070770263672,174.11517333984375,240.1166229248047,219.3408203125,137.70803833007812,126.4894027709961,97.51838684082031,88.48504638671875,143.37342834472656,127.96141052246094,186.90402221679688,142.2635498046875,149.1691131591797,230.96961975097656,105.42818450927734,197.34764099121094
302,302.0,213.0107421875,113.79795837402344,135.5303192138672,113.62828826904297,181.05169677734375,180.06314086914062,248.30880737304688,225.91766357421875,139.7842559814453,128.22425842285156,99.73051452636719,89.03755187988281,146.14939880371094,130.898193359375,197.72068786621094,148.01025390625,151.7887420654297,239.03872680664062,108.15868377685547,205.91552734375
303,303.0,219.4856414794922,116.03982543945312,138.03855895996094,114.74713897705078,184.29592895507812,184.8861541748047,254.55223083496094,236.031494140625,143.1109161376953,131.58377075195312,99.60845947265625,91.61653137207031,151.78927612304688,135.08839416503906,197.4871368408203,148.98423767089844,154.36642456054688,245.8784637451172,112.43585968017578,209.84071350097656
304,304.0,222.54527282714844,120.83750915527344,139.65518188476562,115.02992248535156,187.35379028320312,190.8608856201172,261.3554382324219,242.86183166503906,142.37393188476562,131.26815795898438,105.22718811035156,95.24005889892578,156.19342041015625,137.78915405273438,203.31178283691406,152.89981079101562,161.0688018798828,249.61471557617188,116.0033187866211,219.13784790039062
305,305.0,225.40122985839844,121.0965805053711,143.46090698242188,115.2369613647461,192.3461151123047,195.29714965820312,264.0897216796875,247.2948760986328,144.01084899902344,137.04452514648438,104.10675811767578,99.91294860839844,158.79940795898438,142.667236328125,209.96017456054688,157.3134765625,161.325927734375,257.8038635253906,118.61748504638672,222.26638793945312
306,306.0,233.00970458984375,122.30558013916016,148.0648956298828,120.10528564453125,196.41014099121094,196.1012420654297,271.1905517578125,252.09889221191406,151.40280151367188,135.69496154785156,108.78218841552734,102.39717864990234,159.20143127441406,144.55918884277344,217.14523315429688,161.81201171875,165.44541931152344,259.49627685546875,121.39673614501953,223.70608520507812
307,307.0,231.6082000732422,125.79824829101562,150.36024475097656,122.33174133300781,198.92955017089844,200.36572265625,277.96307373046875,259.50872802734375,151.54006958007812,136.42987060546875,105.82222747802734,104.71878051757812,164.0987548828125,151.07928466796875,222.88470458984375,167.35365295410156,168.2267303466797,266.46978759765625,120.45442199707031,230.1285858154297
308,308.0,234.00576782226562,128.76040649414062,155.85995483398438,125.46595764160156,205.54307556152344,201.8129119873047,285.64361572265625,265.0971374511719,155.02304077148438,139.35205078125,110.54765319824219,108.42926025390625,169.4169464111328,151.89450073242188,226.50132751464844,169.30001831054688,167.5158233642578,269.5238037109375,123.11064147949219,234.50299072265625
309,309.0,241.44764709472656,130.0755157470703,154.1984405517578,126.31936645507812,210.0620880126953,207.58468627929688,289.8082275390625,269.8970031738281,157.40872192382812,140.3056182861328,113.20025634765625,108.11278533935547,171.5011444091797,151.7135772705078,231.01473999023438,174.60443115234375,169.8762969970703,272.2772216796875,125.98963165283203,242.29702758789062
310,310.0,242.83262634277344,132.73390197753906,159.18801879882812,128.50396728515625,208.52517700195312,209.90626525878906,295.8836669921875,272.3403015136719,158.32041931152344,141.7122344970703,111.80840301513672,109.66712188720703,172.75233459472656,153.24636840820312,234.7606964111328,174.77163696289062,171.98403930664062,280.6743469238281,126.54827117919922,245.3255157470703
311,311.0,246.6182861328125,133.2161865234375,161.78814697265625,132.843994140625,210.68112182617188,213.67730712890625,298.4183044433594,274.9659729003906,160.0281524658203,142.52676391601562,112.14627075195312,109.55846405029297,174.23251342773438,153.14373779296875,236.14944458007812,178.15882873535156,172.61322021484375,283.0807189941406,131.21661376953125,249.31092834472656
312,312.0,249.19464111328125,135.07005310058594,160.95462036132812,131.83253479003906,215.39199829101562,216.15306091308594,301.3230285644531,276.5443420410156,159.6873321533203,146.0955352783203,112.65240478515625,111.60250091552734,178.0189971923828,155.17027282714844,237.3896484375,179.61048889160156,173.002685546875,284.21478271484375,130.4165802001953,249.52479553222656
313,313.0,252.3112030029297,138.6191864013672,160.98797607421875,134.34703063964844,215.6759796142578,220.47145080566406,302.29913330078125,278.86279296875,162.8544921875,145.8206329345703,112.68565368652344,110.39151763916016,176.29393005371094,157.8504638671875,235.53073120117188,179.9046173095703,173.29698181152344,286.7325744628906,131.39215087890625,252.20526123046875
314,314.0,254.5290069580078,136.2230224609375,162.01637268066406,130.02471923828125,216.57135009765625,219.4483642578125,307.7661437988281,278.128662109375,161.76455688476562,147.8392791748047,116.4116439819336,111.90158081054688,178.3068084716797,155.84495544433594,240.86325073242188,177.6343231201172,178.20603942871094,286.22930908203125,129.53268432617188,251.4827880859375
315,315.0,250.75440979003906,135.27407836914062,164.09193420410156,129.9630126953125,218.3174591064453,221.57855224609375,307.8376770019531,278.9543762207031,162.98873901367188,143.93905639648438,112.5879135131836,114.46730041503906,178.70375061035156,158.63238525390625,240.8418731689453,180.93927001953125,174.4349822998047,286.49041748046875,131.60989379882812,255.62405395507812
316,316.0,251.99778747558594,136.10748291015625,168.01625061035156,131.39915466308594,218.33555603027344,218.79757690429688,310.5804748535156,278.5622253417969,161.4969024658203,146.979736328125,111.17121887207031,116.1385498046875,178.43382263183594,157.23745727539062,237.53390502929688,180.43504333496094,175.60227966308594,285.6459655761719,128.65345764160156,252.551513671875
317,317.0,252.00595092773438,135.98870849609375,169.26502990722656,131.57232666015625,220.49021911621094,219.7013702392578,308.4854736328125,278.8678283691406,161.71368408203125,147.47171020507812,110.6573257446289,114.96009826660156,177.5117645263672,156.85174560546875,240.56344604492188,180.36331176757812,172.02154541015625,284.858154296875,126.6436996459961,252.6829833984375
318,318.0,248.4879913330078,134.72860717773438,163.6536102294922,130.45269775390625,219.25637817382812,218.001953125,307.4906005859375,280.1624755859375,161.8636932373047,146.38885498046875,109.35588836669922,114.36276245117188,178.69883728027344,158.1622772216797,239.22161865234375,176.3303680419922,171.8146209716797,287.5118103027344,124.74951934814453,253.51136779785156
319,319.0,247.9436492919922,134.81982421875,163.3330535888672,126.52095794677734,219.9823455810547,216.64572143554688,305.41748046875,279.3797302246094,158.62869262695312,143.66041564941406,106.47098541259766,113.85393524169922,176.7874298095703,154.93186950683594,237.1780242919922,176.58624267578125,169.11927795410156,283.7466125488281,127.53441619873047,251.70899963378906
320,320.0,246.3353271484375,131.91534423828125,161.58229064941406,123.57064056396484,219.62457275390625,218.8084716796875,306.6208801269531,276.76165771484375,155.68885803222656,139.4287567138672,105.14794158935547,113.93718719482422,176.34927368164062,154.928466796875,237.8374481201172,175.83786010742188,167.15110778808594,284.3310852050781,129.0067901611328,253.1008758544922
321,321.0,241.06558227539062,133.1428985595703,158.89340209960938,125.4947738647461,215.34483337402344,212.88275146484375,303.7143859863281,277.71136474609375,154.86537170410156,137.657470703125,104.2761459350586,109.7433090209961,174.11090087890625,153.5247039794922,238.7253875732422,172.2129364013672,167.32444763183594,280.7745666503906,126.59163665771484,248.62344360351562
322,322.0,238.31552124023438,133.07472229003906,161.47113037109375,125.06401062011719,215.3395538330078,211.23651123046875,301.65435791015625,273.04888916015625,151.4983367919922,135.99366760253906,102.94572448730469,107.74938201904297,171.73219299316406,150.1177215576172,236.8042755126953,169.55947875976562,161.66470336914062,276.27618408203125,121.71258544921875,246.42935180664062
323,323.0,236.17494201660156,130.11471557617188,158.03404235839844,120.20777130126953,213.86598205566406,211.7152862548828,295.3935852050781,265.0281982421875,151.87290954589844,131.80784606933594,95.34058380126953,105.3208999633789,170.3624267578125,147.1516571044922,230.6703643798828,170.3000030517578,158.8452911376953,272.4185485839844,119.52137756347656,244.0608673095703
324,324.0,230.2617950439453,127.38900756835938,155.95169067382812,117.65860748291016,210.74502563476562,207.2119598388672,292.1893615722656,256.86114501953125,148.41619873046875,128.7683868408203,93.561767578125,106.73854064941406,163.54989624023438,143.998779296875,225.86862182617188,164.75148010253906,155.02392578125,266.9523620605469,114.82910919189453,238.57557678222656
325,325.0,224.38931274414062,125.13684844970703,151.77667236328125,113.66609954833984,205.8495330810547,202.52842712402344,285.3668212890625,252.5247344970703,145.48658752441406,128.55918884277344,88.03248596191406,102.42776489257812,160.4851531982422,139.56134033203125,220.18508911132812,160.96163940429688,154.62562561035156,262.0693054199219,115.18490600585938,235.07521057128906
326,326.0,221.13218688964844,122.43844604492188,148.07492065429688,111.60416412353516,200.68539428710938,199.1421356201172,277.18511962890625,250.06980895996094,139.841552734375,122.552001953125,89.65225982666016,102.78118133544922,159.60787963867188,138.96484375,215.5211639404297,156.76112365722656,148.3551788330078,253.79139709472656,110.6807632446289,228.5873565673828
327,327.0,213.4093017578125,119.73243713378906,143.6763916015625,106.0429916381836,197.695068359375,192.7372589111328,275.10284423828125,242.65220642089844,135.76327514648438,121.14137268066406,87.0764389038086,98.11613464355469,157.79205322265625,138.10354614257812,210.7803497314453,152.93873596191406,145.49671936035156,248.091796875,108.3349380493164,223.44833374023438
328,328.0,210.1356658935547,114.18622589111328,143.6754150390625,104.30268096923828,189.96258544921875,185.68087768554688,266.94512939453125,236.4261932373047,131.41854858398438,121.1192398071289,84.05738067626953,95.35528564453125,153.19140625,132.9123077392578,204.14056396484375,147.1980438232422,141.99769592285156,241.08462524414062,105.60836791992188,224.10137939453125
329,329.0,203.53433227539062,112.24472045898438,138.21194458007812,101.78471374511719,187.61239624023438,181.8616485595703,260.2115478515625,229.41500854492188,129.3227081298828,116.18192291259766,79.48799133300781,94.40802764892578,150.5052947998047,129.32150268554688,199.72769165039062,144.37985229492188,138.45481872558594,234.9150848388672,102.79168701171875,212.9980010986328
330,330.0,198.54318237304688,111.57785034179688,133.75083923339844,96.83617401123047,184.11474609375,176.88047790527344,249.81333923339844,220.38365173339844,126.62901306152344,111.88565826416016,75.74120330810547,93.86647033691406,145.55377197265625,126.07357788085938,191.642578125,138.9442901611328,135.02101135253906,226.22569274902344,97.60020446777344,205.6803741455078
331,331.0,195.12164306640625,110.85079193115234,129.24354553222656,95.8858413696289,176.0664520263672,169.5484619140625,241.90179443359375,216.73919677734375,123.32117462158203,107.33724975585938,70.68160247802734,88.47166442871094,141.23312377929688,123.73442077636719,188.23117065429688,137.6324920654297,132.0489959716797,216.2239990234375,94.61471557617188,201.02723693847656
332,332.0,184.43678283691406,107.30269622802734,124.3292465209961,94.72809600830078,170.15631103515625,163.631591796875,236.535400390625,208.88685607910156,120.27401733398438,103.40731048583984,68.32455444335938,86.23445892333984,135.71546936035156,118.68887329101562,181.4392852783203,132.34519958496094,127.27098083496094,214.06076049804688,93.00345611572266,194.94955444335938
333,333.0,177.36117553710938,101.97298431396484,123.46365356445312,87.37171173095703,166.0720977783203,159.70509338378906,229.0782928466797,206.10845947265625,115.4762954711914,101.36054992675781,64.02287292480469,84.61153411865234,133.97186279296875,114.22997283935547,173.4310760498047,130.66336059570312,122.52133178710938,204.7631378173828,90.04267883300781,192.9114990234375
334,334.0,168.4865264892578,98.08549499511719,119.15509033203125,87.41033935546875,161.42774963378906,155.54884338378906,224.35165405273438,195.33184814453125,111.68672943115234,97.63568115234375,61.645973205566406,78.06631469726562,127.25729370117188,111.78214263916016,167.66038513183594,124.91295623779297,117.3397445678711,195.9053192138672,86.64591217041016,185.69622802734375
335,335.0,164.7001495361328,96.42962646484375,115.69462585449219,83.27742004394531,156.78460693359375,152.58082580566406,215.59036254882812,189.3419952392578,103.25747680664062,93.18619537353516,56.39411163330078,79.4285888671875,124.16175079345703,102.27814483642578,165.21653747558594,121.5947265625,117.6510009765625,188.59974670410156,84.16133117675781,181.7896270751953
336,336.0,156.93838500976562,94.58865356445312,111.70600128173828,78.7542953491211,150.8452911376953,143.4463653564453,207.56602478027344,180.69400024414062,102.36677551269531,92.55807495117188,51.802452087402344,73.51123046875,117.12035369873047,101.0346450805664,158.3186798095703,115.4120101928711,109.43850708007812,183.47242736816406,79.49508666992188,176.5108184814453
337,337.0,154.5977783203125,92.64527130126953,105.12284851074219,74.41868591308594,143.34210205078125,138.4513702392578,200.0558319091797,170.85104370117188,98.99896240234375,86.1170425415039,47.170860290527344,72.4985122680664,112.07808685302734,97.04301452636719,151.1355438232422,110.1478271484375,105.82197570800781,173.79771423339844,73.41233825683594,167.9776611328125
338,338.0,148.54464721679688,87.51380157470703,100.988037109375,74.92166900634766,138.39830017089844,131.13673400878906,192.7930450439453,164.89828491210938,95.82269287109375,80.17912292480469,47.65302276611328,67.06231689453125,106.91517639160156,88.64607238769531,143.2390594482422,105.3636703491211,99.22644805908203,164.8505096435547,67.87803649902344,161.03945922851562
339,339.0,139.71023559570312,82.40323638916016,93.77285766601562,66.28558349609375,130.98533630371094,127.38285827636719,184.99288940429688,158.02151489257812,88.39879608154297,80.12110137939453,43.01152420043945,63.976993560791016,101.39952850341797,83.76271057128906,136.32200622558594,102.27999114990234,96.18871307373047,156.90072631835938,64.09351348876953,152.93035888671875
340,340.0,136.2960662841797,79.1490478515625,92.23658752441406,61.14903259277344,126.97489929199219,120.94470977783203,171.5609588623047,152.62692260742188,82.66422271728516,77.59139251708984,39.58500289916992,60.184913635253906,97.30140686035156,80.82369232177734,127.17265319824219,92.69432067871094,91.01722717285156,149.5025634765625,60.385955810546875,144.51007080078125
341,341.0,130.5836944580078,75.3503646850586,85.71246337890625,57.00078582763672,117.29609680175781,114.89188385009766,162.863525390625,140.20303344726562,80.04801940917969,75.59505462646484,38.967472076416016,57.948699951171875,93.57548522949219,74.8935546875,121.16249084472656,88.4156723022461,82.41744232177734,141.19467163085938,55.89423370361328,139.1447296142578
342,342.0,123.74815368652344,70.29830932617188,83.25462341308594,57.582664489746094,109.90584564208984,107.76713562011719,153.4263458251953,133.8444366455078,79.1152572631836,69.83976745605469,35.166175842285156,53.286197662353516,89.25878143310547,69.85987854003906,114.19005584716797,84.69837188720703,79.67070007324219,136.7491455078125,50.298648834228516,132.941650390625
343,343.0,118.03760528564453,62.89813995361328,78.07715606689453,51.272830963134766,103.68427276611328,101.02206420898438,145.44895935058594,124.21097564697266,73.33657836914062,63.87477111816406,28.530994415283203,49.86074447631836,85.47573852539062,66.70556640625,105.9524154663086,79.00875854492188,77.62357330322266,128.0276336669922,47.84552764892578,125.03026580810547
344,344.0,108.84707641601562,60.497398376464844,77.14305114746094,45.71067428588867,98.88219451904297,93.21669006347656,138.19630432128906,113.27294158935547,68.36076354980469,59.239295959472656,26.349376678466797,50.01498794555664,78.2337417602539,63.62246322631836,100.95744323730469,75.77005004882812,72.80335235595703,116.96367645263672,44.49437713623047,118.56947326660156
345,345.0,99.42196655273438,55.26242446899414,69.61644744873047,43.445579528808594,92.74386596679688,84.65532684326172,134.82070922851562,106.41038513183594,65.04795837402344,58.44696044921875,24.016998291015625,46.00828170776367,73.18994140625,56.10919952392578,92.69831848144531,70.14212036132812,69.58251953125,110.95176696777344,42.623069763183594,112.92620849609375
346,346.0,94.25374603271484,53.04365158081055,66.34964752197266,40.7076416015625,89.77041625976562,82.31285095214844,121.91400146484375,100.00846862792969,62.279815673828125,54.595191955566406,22.604135513305664,43.201053619384766,68.50305938720703,54.515350341796875,87.95602416992188,65.73078918457031,67.05789947509766,105.14714813232422,37.515316009521484,103.00175476074219
347,347.0,90.34650421142578,53.18093490600586,62.90214538574219,37.105106353759766,83.81130981445312,79.10394287109375,113.99637603759766,94.616943359375,55.81195831298828,51.38862228393555,21.137537002563477,43.14290237426758,64.63487243652344,48.35185241699219,81.81173706054688,65.7005615234375,63.811073303222656,94.93264770507812,35.51251983642578,95.90970611572266
348,348.0,88.69930267333984,50.556175231933594,58.875343322753906,34.937129974365234,80.35722351074219,72.5543441772461,106.32887268066406,88.89653015136719,56.60049819946289,49.00600814819336,20.119203567504883,39.92793273925781,62.333412170410156,42.388526916503906,79.22394561767578,60.54997253417969,59.61664581298828,90.04216003417969,31.949583053588867,89.75659942626953
349,349.0,81.33990478515625,47.95417785644531,56.44667434692383,30.512813568115234,77.22583770751953,66.5978012084961,100.80726623535156,81.45558166503906,52.42572784423828,47.88115310668945,17.715517044067383,38.19378662109375,57.790767669677734,43.4891357421875,72.09371948242188,57.12961196899414,56.960609436035156,84.00868225097656,25.97687530517578,86.10649108886719
350,350.0,79.9231948852539,46.8852653503418,52.64683532714844,28.622329711914062,71.23484802246094,62.57843017578125,96.50689697265625,75.91844940185547,52.285682678222656,44.71063232421875,14.946237564086914,33.82823181152344,55.6702995300293,44.22812271118164,65.23428344726562,50.90443420410156,54.04256820678711,79.033447265625,26.335460662841797,80.39888763427734
351,351.0,73.84358978271484,44.791839599609375,49.29811096191406,26.85357666015625,68.69505310058594,58.73074722290039,85.85202026367188,72.88956451416016,48.40510177612305,41.03764724731445,13.927621841430664,32.87175750732422,51.30000686645508,39.78901672363281,61.57525634765625,48.947357177734375,54.426177978515625,77.22667694091797,26.714813232421875,74.9926986694336
352,352.0,71.62777709960938,40.45680618286133,45.87684631347656,24.434911727905273,63.8796501159668,55.907371520996094,86.80095672607422,66.33340454101562,46.94406509399414,41.260276794433594,15.529326438903809,29.270217895507812,46.688899993896484,41.41781234741211,58.45803451538086,47.26676940917969,50.20674133300781,72.56775665283203,25.199462890625,69.81001281738281
353,353.0,68.4554443359375,39.966941833496094,44.0352668762207,25.23519515991211,58.263954162597656,53.2619743347168,83.50711059570312,64.53628540039062,44.4349365234375,37.885311126708984,10.818643569946289,30.117319107055664,46.95585250854492,38.453941345214844,54.0223388671875,45.69158935546875,46.2764778137207,66.13311767578125,25.217187881469727,67.48249816894531
354,354.0,64.76371765136719,37.952430725097656,39.953529357910156,21.854639053344727,55.4744758605957,47.7044563293457,78.10226440429688,61.15111541748047,40.82368469238281,35.287391662597656,9.659923553466797,27.51133918762207,44.55680847167969,34.87952423095703,50.907711029052734,40.53805923461914,49.11763000488281,64.41320037841797,24.937469482421875,65.53683471679688
355,355.0,60.15324401855469,34.798851013183594,39.97916030883789,22.515235900878906,56.169246673583984,45.82780075073242,74.83524322509766,58.622310638427734,37.99423599243164,33.49766540527344,10.285309791564941,28.24297332763672,45.17793273925781,32.8475227355957,49.27176284790039,39.135704040527344,44.67197799682617,59.15983200073242,24.4781551361084,60.00154113769531
356,356.0,55.97522735595703,35.026737213134766,39.018795013427734,21.84929847717285,52.655426025390625,46.359649658203125,73.34951782226562,57.715545654296875,38.779563903808594,34.16714859008789,10.404086112976074,24.300701141357422,39.03290557861328,30.121854782104492,47.573856353759766,38.238868713378906,43.61798095703125,57.85277557373047,23.97766876220703,53.509490966796875
357,357.0,56.24791717529297,33.13138961791992,39.22807693481445,20.326108932495117,48.83480453491211,44.072383880615234,66.0709228515625,56.29387664794922,35.61404037475586,34.697166442871094,10.392152786254883,22.899564743041992,42.79696273803711,33.075382232666016,46.866798400878906,37.545692443847656,42.341148376464844,53.71975326538086,22.571142196655273,54.789756774902344
358,358.0,57.31586456298828,33.30772018432617,35.123077392578125,20.12071418762207,49.75827407836914,47.45069122314453,63.997886657714844,50.218231201171875,34.07405090332031,36.80047607421875,8.578841209411621,23.66105079650879,36.816497802734375,33.92058563232422,46.16238784790039,35.08323669433594,43.400691986083984,55.06779479980469,21.5914363861084,52.55552291870117
359,359.0,57.023494720458984,34.373046875,34.98124313354492,19.596548080444336,50.46886444091797,45.352821350097656,63.73339080810547,49.65095520019531,36.1688117980957,36.734169006347656,11.629134178161621,22.88056182861328,33.442535400390625,31.57582664489746,45.98681640625,32.547508239746094,45.04589080810547,55.69414520263672,19.33432388305664,54.78425979614258
360,360.0,56.84293746948242,32.91856002807617,34.97686004638672,19.483585357666016,49.5167350769043,42.656402587890625,64.15167236328125,49.1595458984375,40.22360610961914,36.293701171875,14.26856803894043,23.722562789916992,36.405250549316406,27.396421432495117,42.67780685424805,33.42228317260742,48.24886703491211,53.16848373413086,19.428451538085938,53.54158020019531
361,361.0,57.87626647949219,34.07975387573242,33.05990219116211,21.528905868530273,50.857810974121094,41.93122482299805,61.60687255859375,48.45790100097656,36.837615966796875,34.054443359375,14.428104400634766,22.050989151000977,34.59065246582031,26.7634334564209,43.77363204956055,33.18904495239258,46.23741912841797,52.221099853515625,20.103967666625977,52.91863250732422
362,362.0,58.2477912902832,33.561439514160156,35.76576614379883,24.01907730102539,49.238243103027344,39.37711715698242,62.166683197021484,47.00019836425781,39.926944732666016,35.67625427246094,15.546344757080078,22.533885955810547,36.49008560180664,31.000690460205078,44.6497688293457,35.82136535644531,43.93827438354492,56.354454040527344,20.15082359313965,53.784122467041016
363,363.0,59.81074523925781,34.8079833984375,34.94453430175781,24.587310791015625,48.67649459838867,42.3988037109375,64.40782928466797,51.44377899169922,39.782020568847656,39.64825439453125,16.339977264404297,21.900859832763672,35.30826950073242,31.16819190979004,46.19181823730469,36.200927734375,47.7935905456543,58.89684295654297,23.655120849609375,54.57996368408203
364,364.0,64.67281341552734,34.7197265625,36.03927993774414,24.90976333618164,51.19690704345703,45.86665725708008,62.95401382446289,53.45762634277344,43.113433837890625,37.774559020996094,19.464672088623047,24.4749813079834,39.3359260559082,31.762178421020508,47.228023529052734,37.3121223449707,49.21928787231445,61.01455307006836,25.041183471679688,53.48839569091797
365,365.0,65.78823852539062,37.288780212402344,35.67192459106445,25.6611270904541,50.719390869140625,46.78046798706055,65.01737976074219,55.194557189941406,42.23120880126953,42.30967712402344,21.72479820251465,24.340673446655273,40.79595947265625,33.76561737060547,46.13991928100586,35.70042037963867,51.8873176574707,63.398258209228516,27.9412841796875,55.20317840576172
366,366.0,72.6688232421875,35.94357681274414,36.348594665527344,26.95467758178711,50.451629638671875,51.82518768310547,67.39234161376953,59.942298889160156,42.373104095458984,39.819602966308594,24.844295501708984,23.97893714904785,41.48686218261719,34.55064010620117,49.71282196044922,39.194091796875,52.3854866027832,67.2318115234375,25.89995765686035,55.05134582519531
367,367.0,74.76797485351562,38.10007095336914,42.47005081176758,26.968799591064453,52.00539016723633,50.166259765625,73.05043029785156,61.94204330444336,47.09992599487305,45.5466423034668,34.12974548339844,26.84334373474121,42.548954010009766,34.14977264404297,53.04721450805664,41.1556396484375,52.5141487121582,73.15882110595703,27.90636444091797,59.418312072753906
368,368.0,78.55422973632812,41.01520919799805,44.381431579589844,28.864980697631836,52.9549674987793,54.27515411376953,74.15111541748047,63.223838806152344,48.51702117919922,46.5794563293457,32.759368896484375,29.2822322845459,41.21392059326172,37.829471588134766,55.92402267456055,42.62403869628906,57.07908248901367,77.54178619384766,30.658815383911133,62.53915023803711
369,369.0,84.29385375976562,45.78944396972656,48.11564254760742,30.487205505371094,57.41999435424805,57.81179428100586,77.31947326660156,68.15982055664062,51.738258361816406,47.30571746826172,32.39453887939453,30.3804874420166,44.80400085449219,42.99423599243164,60.15974044799805,50.531707763671875,61.25544738769531,79.49746704101562,34.455753326416016,66.56024169921875
370,370.0,87.1115493774414,47.61996078491211,47.23408889770508,37.00777053833008,58.915924072265625,63.25238800048828,82.50736999511719,74.18517303466797,51.667083740234375,50.7801399230957,34.48146057128906,32.52133560180664,47.644500732421875,46.006290435791016,68.040771484375,58.08850860595703,66.2073974609375,84.97734069824219,36.8746337890625,69.86386108398438
371,371.0,92.26871490478516,49.09339904785156,49.86580276489258,37.4654655456543,63.61790084838867,66.84297180175781,86.57734680175781,78.4891357421875,55.84164810180664,56.448585510253906,39.289894104003906,37.45866394042969,54.95194625854492,52.93638610839844,67.86263275146484,57.60391616821289,66.92583465576172,91.49108123779297,37.31378936767578,77.74774169921875
372,372.0,95.56664276123047,52.61928176879883,56.8416862487793,38.324398040771484,71.06331634521484,69.1895751953125,95.5821762084961,87.23020935058594,60.858768463134766,58.72642517089844,43.262733459472656,34.63240432739258,58.57990646362305,53.84637451171875,73.2982406616211,60.407737731933594,71.49432373046875,95.52622985839844,43.61621856689453,82.27593994140625
373,373.0,101.77964782714844,55.460411071777344,57.69942092895508,47.362815856933594,74.67891693115234,73.88716125488281,104.06474304199219,93.15955352783203,67.38573455810547,63.65637969970703,45.50550079345703,37.7093505859375,59.12775421142578,58.0289421081543,76.46309661865234,63.30659484863281,75.81332397460938,99.316650390625,48.235984802246094,87.05753326416016
374,374.0,107.9736557006836,57.084388732910156,60.446128845214844,49.06452560424805,78.68473815917969,80.10195922851562,108.07679748535156,96.29778289794922,72.96665954589844,67.34846496582031,47.978275299072266,43.79705047607422,60.666259765625,61.28424835205078,83.81371307373047,68.14268493652344,80.10227966308594,106.2967300415039,51.83369445800781,92.95471954345703
375,375.0,110.80072021484375,61.61896514892578,68.67681121826172,53.30133056640625,88.10218811035156,86.1738510131836,113.31599426269531,103.18058776855469,73.43376922607422,70.01773834228516,51.592899322509766,44.1608772277832,69.34944152832031,67.49356079101562,90.10680389404297,74.359619140625,84.95271301269531,115.76869201660156,54.304969787597656,99.08284759521484
376,376.0,115.53951263427734,67.81663513183594,69.59217834472656,56.60626220703125,91.00801086425781,93.94766998291016,120.82012939453125,113.19442749023438,76.39881896972656,74.83786010742188,52.190486907958984,47.890625,72.15896606445312,68.67697143554688,97.62588500976562,74.98919677734375,89.15473175048828,122.13318634033203,55.48573684692383,105.06002807617188
377,377.0,121.9197769165039,70.28404998779297,73.7669677734375,61.21952819824219,99.26986694335938,100.8670654296875,129.3623809814453,120.32828521728516,79.29277801513672,77.7814712524414,55.78583908081055,49.392547607421875,79.00611114501953,73.33153533935547,105.6196517944336,83.67605590820312,94.00330352783203,127.70903015136719,59.667972564697266,110.40837097167969
378,378.0,129.28746032714844,73.85565948486328,80.20269775390625,66.04932403564453,104.14093780517578,101.6137466430664,139.89512634277344,127.65126037597656,81.43402099609375,80.2720947265625,60.68540954589844,54.44950866699219,81.44082641601562,73.88018798828125,108.97789001464844,89.40814971923828,100.02511596679688,134.9541473388672,66.3736343383789,117.94136810302734
379,379.0,135.88970947265625,73.97663879394531,86.48136138916016,68.1666030883789,106.71664428710938,108.29424285888672,149.3483428955078,135.2152557373047,88.81759643554688,84.90037536621094,63.930789947509766,56.622108459472656,89.07125854492188,79.49795532226562,114.5837173461914,93.26249694824219,102.43500518798828,145.0633087158203,67.28639221191406,126.5553970336914
380,380.0,142.2232208251953,77.3041763305664,94.40383911132812,69.56746673583984,112.13758087158203,111.94306945800781,155.36309814453125,146.67930603027344,94.45148468017578,87.91301727294922,67.37206268310547,58.83852767944336,91.70965576171875,87.17816162109375,124.68705749511719,99.52801513671875,108.23360443115234,153.90577697753906,69.96187591552734,132.2979278564453
381,381.0,150.6201934814453,79.71803283691406,94.9120864868164,74.962890625,118.66265869140625,118.90917205810547,168.86782836914062,153.33848571777344,99.80154418945312,93.4774398803711,70.07408142089844,62.32663345336914,97.24224853515625,89.77857971191406,132.6338653564453,103.92317199707031,112.96143341064453,163.91839599609375,75.85153198242188,136.70794677734375
382,382.0,159.6583709716797,82.41426086425781,97.92489624023438,81.22602844238281,127.7816162109375,122.83999633789062,178.1052703857422,164.4095916748047,101.78691864013672,96.70220184326172,76.62982177734375,67.73127746582031,102.08338165283203,95.57866668701172,137.5458526611328,105.7383804321289,115.0003662109375,168.7540740966797,79.64222717285156,144.9447784423828
383,383.0,166.13795471191406,84.9300308227539,103.35465240478516,84.55696868896484,132.49217224121094,128.29449462890625,185.5316619873047,168.7968292236328,107.24059295654297,101.19310760498047,77.63145446777344,72.33010864257812,110.10401916503906,102.35223388671875,145.69773864746094,113.97843170166016,121.64009094238281,179.9193878173828,83.48453521728516,153.8644561767578
384,384.0,170.91647338867188,93.17213439941406,105.74374389648438,90.29940795898438,138.01187133789062,138.4403839111328,194.04049682617188,181.16928100585938,109.87962341308594,105.53955841064453,79.66267395019531,76.22555541992188,113.23371887207031,106.91755676269531,151.68251037597656,116.2792739868164,125.72528076171875,189.92599487304688,90.86358642578125,162.9207763671875
385,385.0,181.676025390625,93.61717224121094,108.50146484375,90.73841094970703,143.4754638671875,147.5283966064453,204.5581817626953,189.5948028564453,115.67876434326172,108.322021484375,87.31949615478516,78.11279296875,120.53707122802734,110.15226745605469,163.84962463378906,119.85823059082031,133.1688232421875,195.75491333007812,94.52770233154297,166.57424926757812
386,386.0,188.32150268554688,100.71775817871094,117.96123504638672,96.28450012207031,150.5501251220703,153.7875213623047,211.4795684814453,197.47496032714844,119.16719055175781,108.57815551757812,89.63143920898438,80.22380828857422,124.51880645751953,115.04243469238281,170.390625,124.60002899169922,137.23361206054688,206.36944580078125,98.0904312133789,176.23330688476562
387,387.0,192.0849609375,102.87969970703125,120.90938568115234,102.28702545166016,154.74765014648438,157.89491271972656,222.01544189453125,207.27792358398438,124.4244155883789,113.14751434326172,91.69115447998047,81.75469207763672,130.6970672607422,118.67634582519531,178.91331481933594,131.09934997558594,143.69139099121094,214.29296875,99.06803131103516,182.48533630371094
388,388.0,200.6084747314453,105.6375732421875,124.19932556152344,104.18045806884766,163.1424560546875,163.4029083251953,230.01844787597656,214.15692138671875,129.53282165527344,118.25843048095703,93.8394775390625,82.88560485839844,135.17218017578125,123.98115539550781,181.39743041992188,137.8898162841797,147.02783203125,220.33949279785156,105.58049011230469,188.18630981445312
389,389.0,205.00367736816406,107.31230163574219,128.93446350097656,107.13162231445312,167.96102905273438,170.74560546875,237.8719940185547,222.50379943847656,132.22059631347656,121.92896270751953,96.64681243896484,88.45712280273438,138.8907012939453,130.77566528320312,187.4544219970703,143.15321350097656,148.6554718017578,226.04180908203125,107.4135971069336,195.44056701660156
390,390.0,212.05088806152344,113.12283325195312,135.0631866455078,113.52023315429688,173.20802307128906,177.57838439941406,245.26182556152344,226.76319885253906,137.39524841308594,123.68009948730469,100.4361343383789,88.70004272460938,142.44789123535156,132.1852569580078,194.1562042236328,147.49331665039062,152.38075256347656,231.6997833251953,109.80970001220703,202.95794677734375
391,391.0,218.0223388671875,117.75767517089844,137.2225341796875,112.33442687988281,179.238037109375,185.69326782226562,251.4935302734375,234.77764892578125,139.60891723632812,128.4385986328125,104.0652084350586,93.61742401123047,144.0196075439453,133.5930633544922,200.69117736816406,151.3806610107422,154.84523010253906,244.0373077392578,111.86724853515625,209.17132568359375
392,392.0,219.71192932128906,119.56380462646484,140.00067138671875,113.49008178710938,185.6040496826172,186.8347625732422,259.2743225097656,239.59120178222656,140.69622802734375,131.39138793945312,106.58438110351562,95.13504791259766,150.53646850585938,137.4281768798828,206.80067443847656,156.23358154296875,159.7311553955078,250.4169464111328,113.25468444824219,214.4718475341797
393,393.0,223.1565399169922,119.64530944824219,143.09530639648438,114.00675964355469,189.26560974121094,191.8418426513672,266.1452331542969,246.79058837890625,147.1847381591797,135.52438354492188,110.51428985595703,98.75656127929688,155.0288543701172,139.73489379882812,211.5605010986328,160.5089111328125,162.28997802734375,256.4259338378906,115.34046936035156,219.3055419921875
394,394.0,228.4423065185547,123.385986328125,147.2687530517578,116.75465393066406,196.1131134033203,199.74923706054688,272.4145202636719,255.60736083984375,150.99850463867188,139.52708435058594,111.59133911132812,104.27888488769531,158.74334716796875,141.6163787841797,218.27635192871094,164.3950958251953,165.5106964111328,261.59661865234375,120.75682830810547,226.78884887695312
395,395.0,231.09457397460938,128.6493682861328,150.24517822265625,121.60234832763672,202.85499572753906,204.9671630859375,278.3879089355469,261.7901916503906,158.6190948486328,140.167236328125,111.92801666259766,104.13465118408203,161.86135864257812,146.68272399902344,223.1475372314453,169.20225524902344,169.89344787597656,269.1116943359375,123.3456039428711,230.66087341308594
396,396.0,239.93785095214844,130.6545867919922,156.28567504882812,126.7925033569336,200.20614624023438,208.1235809326172,283.9888610839844,264.03656005859375,159.2465362548828,142.82467651367188,111.04512023925781,111.5502700805664,168.36843872070312,149.76248168945312,226.56576538085938,167.95765686035156,170.22787475585938,275.1282958984375,126.81410217285156,241.60311889648438
397,397.0,242.19329833984375,133.4124298095703,155.31076049804688,126.26570129394531,202.8546600341797,211.5247039794922,289.4714660644531,271.8525695800781,163.73841857910156,143.51913452148438,111.88682556152344,109.72871398925781,172.01576232910156,154.19821166992188,232.30177307128906,172.84896850585938,174.05296325683594,278.760986328125,126.95197296142578,240.25218200683594
398,398.0,249.69723510742188,136.6410369873047,159.16148376464844,128.61386108398438,206.72474670410156,211.98468017578125,292.3139953613281,274.26226806640625,161.84994506835938,146.18453979492188,111.0719223022461,112.84418487548828,176.25401306152344,155.67422485351562,236.147705078125,173.97230529785156,177.05856323242188,283.885498046875,129.0399627685547,246.98199462890625
399,399.0,253.10003662109375,140.30877685546875,162.3361053466797,129.12716674804688,211.04248046875,214.77960205078125,298.749267578125,276.03448486328125,164.1566619873047,148.2089080810547,111.7742691040039,111.58989715576172,179.57073974609375,156.8665008544922,237.77053833007812,174.0450439453125,176.69158935546875,285.37811279296875,132.7835693359375,250.57736206054688
400,400.0,255.7088165283203,137.72080993652344,161.16128540039062,126.65703582763672,217.37405395507812,218.10475158691406,302.67645263671875,280.6920166015625,166.9496307373047,150.85179138183594,112.2618179321289,110.53466796875,178.0436553955078,160.21095275878906,235.8500518798828,175.92381286621094,177.56008911132812,290.2640075683594,132.5395050048828,255.03201293945312
401,401.0,256.2124328613281,137.57688903808594,164.3068389892578,130.50225830078125,216.28028869628906,219.0269317626953,303.1241760253906,282.1817932128906,169.18946838378906,150.7807159423828,111.34199523925781,114.5516357421875,181.3358917236328,161.09307861328125,243.1968231201172,177.17086791992188,175.7090606689453,289.8934020996094,132.868896484375,255.40562438964844
402,402.0,255.43853759765625,142.1412353515625,164.04580688476562,131.21865844726562,219.5554962158203,223.21388244628906,311.2349853515625,285.3902282714844,166.89596557617188,150.12973022460938,116.90576171875,114.928466796875,180.0985107421875,158.16908264160156,247.74224853515625,180.15130615234375,175.32650756835938,293.2588806152344,132.7486572265625,254.2944793701172
403,403.0,258.42388916015625,142.4812774658203,167.53614807128906,132.33108520507812,220.5951385498047,223.31312561035156,313.9036865234375,289.3535461425781,166.76222229003906,151.29421997070312,115.39491271972656,115.15666198730469,177.72438049316406,160.22047424316406,249.48309326171875,181.13735961914062,176.2777862548828,293.73773193359375,130.99717712402344,258.6269836425781
404,404.0,254.84854125976562,141.91505432128906,169.5176239013672,132.49864196777344,225.28890991210938,226.4827880859375,315.9241943359375,288.06402587890625,166.2851104736328,144.54034423828125,116.48853302001953,114.71117401123047,181.23809814453125,159.64175415039062,251.43942260742188,184.92160034179688,176.57135009765625,295.7189025878906,129.00608825683594,261.2252502441406
405,405.0,256.3988952636719,140.7622833251953,165.90115356445312,131.6712646484375,225.5928497314453,224.51463317871094,314.0565490722656,289.6224060058594,166.6754913330078,146.1536102294922,116.4990005493164,114.31096649169922,181.99241638183594,160.90786743164062,251.19143676757812,183.91807556152344,176.61302185058594,296.11114501953125,132.4451446533203,263.01708984375
406,406.0,255.13673400878906,140.79901123046875,167.7698974609375,135.35671997070312,221.88137817382812,224.59730529785156,317.47210693359375,290.1646728515625,164.36131286621094,144.3162841796875,113.12711334228516,112.29886627197266,182.13064575195312,159.9818115234375,252.47122192382812,184.84414672851562,178.63558959960938,295.69281005859375,131.91127014160156,260.9777526855469
407,407.0,251.3211212158203,140.24600219726562,167.71055603027344,135.63174438476562,221.4227752685547,221.83692932128906,314.69384765625,291.20098876953125,167.38185119628906,146.7454376220703,110.95381927490234,111.51152038574219,186.36375427246094,158.5599365234375,250.9003448486328,184.65586853027344,178.44036865234375,295.56866455078125,132.60707092285156,260.555908203125
408,408.0,255.1569366455078,140.5217742919922,167.43487548828125,134.6521453857422,223.56858825683594,222.91476440429688,312.43438720703125,286.0115966796875,165.79734802246094,144.23013305664062,110.98641204833984,110.26102447509766,182.85206604003906,157.26083374023438,245.50662231445312,184.00587463378906,175.2235870361328,292.5986328125,130.90264892578125,263.33172607421875
409,409.0,253.6089324951172,139.23776245117188,168.18214416503906,132.15469360351562,224.501220703125,219.62095642089844,312.4073181152344,284.6379089355469,163.0212860107422,142.60040283203125,107.83235168457031,111.9931640625,182.3009490966797,157.85044860839844,244.9934844970703,179.56585693359375,173.3353729248047,291.348388671875,129.90296936035156,262.0934143066406
410,410.0,250.43667602539062,136.0812530517578,166.04954528808594,127.64774322509766,223.78060913085938,219.081298828125,310.1226501464844,279.2470397949219,160.95880126953125,140.15524291992188,105.2785873413086,112.5755615234375,178.6145477294922,156.87596130371094,242.25875854492188,179.68809509277344,172.4227752685547,289.1549987792969,130.1667938232422,257.41876220703125
411,411.0,248.5611114501953,136.2932586669922,163.74720764160156,127.9067153930664,221.21615600585938,216.0846405029297,306.5321350097656,277.1907653808594,158.15518188476562,137.9131317138672,102.5167236328125,111.48123168945312,174.94723510742188,157.5245819091797,237.61476135253906,177.35891723632812,170.82354736328125,285.64947509765625,127.10660552978516,254.18533325195312
412,412.0,240.40664672851562,132.3434600830078,161.68597412109375,122.90924835205078,217.25698852539062,215.0565185546875,306.6949157714844,273.0318908691406,157.9777069091797,135.50869750976562,102.2839126586914,110.29273986816406,175.19346618652344,153.79010009765625,238.1709442138672,175.1887969970703,168.0581817626953,280.8851318359375,125.40531158447266,250.8624725341797
413,413.0,234.78176879882812,131.6809844970703,158.08718872070312,122.16606140136719,215.36383056640625,209.29696655273438,300.2795715332031,269.8446960449219,155.1219024658203,136.07968139648438,99.01969909667969,109.73880004882812,173.88064575195312,152.41119384765625,236.2796173095703,170.3924102783203,166.6555633544922,277.0043640136719,119.53292083740234,246.72860717773438
414,414.0,233.70217895507812,128.01170349121094,158.8209228515625,121.1949462890625,212.47349548339844,209.40228271484375,293.2020568847656,263.5106201171875,152.30636596679688,132.04983520507812,97.47416687011719,109.33543395996094,169.14474487304688,148.634521484375,230.06768798828125,166.19940185546875,161.2816162109375,272.8036804199219,119.38427734375,240.3037872314453
415,415.0,229.5867156982422,125.1449966430664,156.37013244628906,117.54914855957031,209.20777893066406,204.0491485595703,286.44171142578125,258.174560546875,148.45687866210938,128.13230895996094,96.4695816040039,105.17682647705078,165.78004455566406,142.84307861328125,224.4268798828125,162.34678649902344,160.24620056152344,267.9650573730469,116.6575927734375,239.1084747314453
416,416.0,225.41064453125,126.91764831542969,151.7326202392578,113.35148620605469,205.9709930419922,199.2447509765625,284.4486999511719,252.89393615722656,145.68626403808594,124.92857360839844,94.01156616210938,104.57887268066406,161.14187622070312,141.85861206054688,219.5037384033203,160.12367248535156,156.07908630371094,259.597900390625,110.49105834960938,232.95260620117188
417,417.0,215.1829833984375,120.86927032470703,149.55740356445312,115.49059295654297,200.61082458496094,193.3533172607422,279.6746520996094,246.6251220703125,140.09649658203125,123.30182647705078,92.01392364501953,101.64747619628906,158.30050659179688,138.93060302734375,213.1897430419922,154.66017150878906,150.00889587402344,253.3299560546875,105.90377044677734,228.34046936035156
418,418.0,215.7490234375,120.13555145263672,146.0047149658203,112.48282623291016,195.21221923828125,187.75344848632812,271.1641540527344,237.6221466064453,139.87905883789062,120.91958618164062,87.27835845947266,99.2794189453125,156.36825561523438,133.98594665527344,209.0107879638672,151.71363830566406,144.44961547851562,245.07383728027344,104.86956787109375,220.46653747558594
419,419.0,206.8873748779297,116.51223754882812,139.6812744140625,106.4670639038086,191.17843627929688,186.56028747558594,262.8128356933594,232.36572265625,135.2314910888672,115.93400573730469,81.90695190429688,98.35574340820312,152.32162475585938,130.04994201660156,203.27206420898438,149.26434326171875,143.62017822265625,239.6564483642578,103.35103607177734,218.7009735107422
420,420.0,203.2439422607422,115.50264739990234,136.40232849121094,99.8901596069336,184.0868377685547,181.47036743164062,255.7921905517578,226.64353942871094,131.2271728515625,115.42855072021484,77.0915756225586,93.63911437988281,145.5216827392578,126.77708435058594,196.3754119873047,144.1260528564453,137.4183349609375,233.1441650390625,98.55227661132812,213.0865020751953
421,421.0,196.92605590820312,109.65633392333984,132.1046600341797,95.89662170410156,180.08883666992188,175.42977905273438,250.4911651611328,217.58090209960938,125.6200180053711,108.56006622314453,73.52461242675781,88.61624908447266,144.90005493164062,120.46892547607422,190.1725311279297,138.3746337890625,134.77484130859375,225.71920776367188,94.90454864501953,205.42242431640625
422,422.0,188.6805877685547,104.16400146484375,129.583984375,89.94537353515625,173.76780700683594,169.04913330078125,241.9628448486328,211.97657775878906,119.12982940673828,110.04020690917969,71.00374603271484,86.35840606689453,137.74942016601562,114.73550415039062,182.862548828125,131.95436096191406,128.8284912109375,218.9978485107422,91.40479278564453,200.8406982421875
423,423.0,181.9259796142578,99.9261245727539,123.95872497558594,88.7057113647461,169.32254028320312,160.5732421875,233.8539276123047,201.88290405273438,117.44322967529297,104.70743560791016,67.59237670898438,84.02217864990234,134.65870666503906,111.19967651367188,177.99533081054688,129.85205078125,124.27024841308594,208.052001953125,89.08903503417969,190.96719360351562
424,424.0,175.29843139648438,97.36490631103516,120.51970672607422,86.16246795654297,160.16329956054688,151.4894256591797,223.7333984375,195.489501953125,110.57781982421875,101.55286407470703,63.7928466796875,81.38536071777344,128.3472900390625,107.77110290527344,169.93515014648438,127.4200668334961,119.75749969482422,199.33816528320312,84.85124206542969,184.4343719482422
425,425.0,172.37525939941406,95.21790313720703,114.94953918457031,80.8968734741211,158.98439025878906,151.82936096191406,217.96575927734375,186.98336791992188,105.78921508789062,99.29733276367188,59.14274215698242,78.49311065673828,122.62342071533203,104.65152740478516,160.685546875,121.56011199951172,113.4610366821289,192.1725616455078,80.59254455566406,176.95883178710938
426,426.0,165.05946350097656,92.32315826416016,109.3411636352539,79.36966705322266,148.44192504882812,144.32579040527344,209.6324005126953,179.16075134277344,102.71936798095703,92.17575073242188,56.7899284362793,74.11136627197266,117.3895034790039,99.45404815673828,155.22280883789062,112.90534973144531,109.10700225830078,184.79576110839844,76.61807250976562,170.33840942382812
427,427.0,158.42225646972656,89.3017578125,103.72553253173828,70.72288513183594,144.63018798828125,137.13211059570312,199.71096801757812,169.52479553222656,94.39604949951172,84.65298461914062,53.66493225097656,69.38941955566406,112.04178619384766,93.70337677001953,148.0776824951172,108.19015502929688,104.01827239990234,179.18641662597656,70.56169128417969,165.19482421875
428,428.0,148.41439819335938,85.6107177734375,98.43881225585938,64.15399932861328,138.67518615722656,130.74609375,188.53158569335938,164.46421813964844,92.34915924072266,78.72469329833984,51.230655670166016,67.12067413330078,108.79258728027344,89.5864028930664,139.6328125,104.41580963134766,96.87931823730469,168.94757080078125,66.79244232177734,158.91717529296875
429,429.0,140.14183044433594,81.18016052246094,92.59678649902344,60.78654479980469,132.04615783691406,124.54234313964844,181.9772186279297,151.6447296142578,86.22032928466797,75.20175170898438,48.3382682800293,65.63017272949219,104.65194702148438,83.52767944335938,133.70980834960938,97.60917663574219,94.78945922851562,160.99176025390625,65.13319396972656,150.71707153320312
430,430.0,134.68392944335938,75.1165771484375,93.66584014892578,60.982086181640625,123.00748443603516,119.17408752441406,173.95826721191406,142.8038330078125,85.09957885742188,70.56658935546875,45.76593780517578,63.15671157836914,96.33412170410156,83.04578399658203,126.90425872802734,89.50061798095703,92.1805191040039,151.61529541015625,62.326568603515625,141.01077270507812
431,431.0,130.26954650878906,72.59093475341797,86.3687515258789,58.788414001464844,120.30252075195312,110.22342681884766,164.44944763183594,134.86544799804688,80.94434356689453,70.268798828125,40.24946594238281,59.59250259399414,90.10552215576172,75.10395812988281,120.81588745117188,89.54252624511719,86.76895141601562,142.50103759765625,56.235958099365234,132.84596252441406
432,432.0,122.00082397460938,70.25418853759766,81.06986999511719,52.418907165527344,113.86543273925781,103.36205291748047,154.3643035888672,130.28350830078125,75.7011947631836,67.17854309082031,35.396812438964844,59.02801513671875,89.23172760009766,72.01831817626953,115.83323669433594,85.20550537109375,82.65283203125,135.82168579101562,55.71686935424805,129.3312530517578
433,433.0,114.40178680419922,69.19233703613281,80.10469055175781,50.74667739868164,106.42533111572266,102.35453033447266,148.7826690673828,126.09713745117188,73.0782699584961,63.75322723388672,30.439851760864258,52.87181854248047,82.13704681396484,67.900146484375,109.22222900390625,82.28487396240234,78.98573303222656,127.24848175048828,51.965354919433594,123.21110534667969
434,434.0,108.1817398071289,60.7703857421875,74.71058654785156,46.79645538330078,102.02355194091797,95.7206039428711,137.37155151367188,118.4461898803711,70.5118408203125,56.982635498046875,28.72659683227539,52.18608474731445,78.08279418945312,61.865928649902344,99.66685485839844,76.35774993896484,74.385986328125,120.94351196289062,49.54066467285156,117.57498168945312
435,435.0,100.6016845703125,57.322471618652344,69.85545349121094,42.20921325683594,97.70417022705078,89.8176040649414,133.1114044189453,110.30457305908203,67.86448669433594,53.40763854980469,25.222246170043945,51.35056686401367,71.13619232177734,59.44150161743164,96.00431060791016,72.56398010253906,69.35559844970703,113.87284088134766,44.2402458190918,109.15962219238281
436,436.0,98.49784088134766,57.718238830566406,65.4967041015625,44.460487365722656,93.45547485351562,83.6085433959961,125.45332336425781,104.34766387939453,61.915672302246094,52.341121673583984,22.812843322753906,45.225868225097656,67.20072174072266,56.718467712402344,87.36042785644531,65.54818725585938,66.67758178710938,103.97871398925781,40.13083267211914,101.73119354248047
437,437.0,93.74163818359375,53.54833221435547,62.154109954833984,38.93054962158203,89.31211853027344,76.37419891357422,116.74307250976562,96.44151306152344,56.96335220336914,51.3298225402832,20.223939895629883,40.66341781616211,65.31598663330078,50.2371711730957,85.20125579833984,62.57300567626953,65.49068450927734,101.51306915283203,36.854557037353516,94.01416015625
438,438.0,88.71095275878906,50.17605972290039,58.18203353881836,36.38239669799805,83.68904113769531,75.28080749511719,110.9859619140625,90.49093627929688,54.539283752441406,50.44657897949219,22.043752670288086,36.92973709106445,62.4835319519043,49.45290756225586,78.18511962890625,55.93094253540039,60.384517669677734,93.76289367675781,34.426273345947266,87.2917709350586
439,439.0,87.15519714355469,49.77061462402344,54.97246170043945,32.59555435180664,80.18399047851562,69.64381408691406,101.21185302734375,81.71589660644531,52.244041442871094,48.93867492675781,18.140579223632812,34.22650146484375,58.122337341308594,47.442874908447266,72.152587890625,52.92055892944336,58.35466384887695,88.67139434814453,30.33944320678711,81.3675765991211
440,440.0,81.22402954101562,42.891273498535156,53.56531524658203,33.20651626586914,73.64847564697266,64.39820098876953,96.62992858886719,78.04810333251953,47.523597717285156,44.25745391845703,15.32387924194336,32.366600036621094,55.636375427246094,42.825294494628906,68.69564819335938,50.71636962890625,54.214012145996094,82.64466094970703,28.044002532958984,76.82405090332031
441,441.0,76.926513671875,40.497596740722656,52.77614212036133,30.671483993530273,69.11685180664062,62.13515853881836,89.50593566894531,72.24540710449219,48.02187728881836,43.00823211669922,12.91960334777832,31.582935333251953,50.76780319213867,38.509586334228516,62.66078186035156,47.29068374633789,53.03604507446289,77.40177154541016,25.622982025146484,71.61173248291016
442,442.0,74.6307373046875,39.61493682861328,48.99181365966797,29.386892318725586,67.00688171386719,59.479217529296875,86.61155700683594,67.34056091308594,45.500152587890625,41.42438507080078,7.805593967437744,29.98140525817871,46.97988510131836,36.861854553222656,56.88169860839844,46.77960968017578,49.60133743286133,73.55846405029297,22.54201316833496,68.507568359375
443,443.0,72.27698516845703,39.68549728393555,45.33379364013672,26.359224319458008,63.07012176513672,53.900726318359375,80.18183898925781,64.21084594726562,42.29079055786133,39.168758392333984,8.590476989746094,27.17841339111328,43.20024490356445,36.646484375,58.736572265625,44.11029052734375,50.626705169677734,69.73780059814453,22.891216278076172,66.17150115966797
444,444.0,66.66667938232422,37.40015411376953,43.59871292114258,25.281322479248047,57.581459045410156,53.50250244140625,73.85650634765625,58.442626953125,40.59770202636719,38.44514465332031,8.723941802978516,27.720096588134766,40.259979248046875,33.60346984863281,52.786407470703125,43.23794174194336,49.28718948364258,66.1131820678711,23.34871482849121,60.56504821777344
445,445.0,63.39599609375,34.95452880859375,39.88151168823242,22.74347686767578,53.675758361816406,51.56683349609375,71.17942810058594,56.28193283081055,40.835777282714844,35.49138641357422,10.873533248901367,27.27074432373047,38.51746368408203,33.94917678833008,50.57674789428711,39.38818359375,46.15057373046875,64.28321838378906,22.564279556274414,60.073280334472656
446,446.0,61.500343322753906,38.2232666015625,36.146488189697266,22.469911575317383,52.41504669189453,47.71995162963867,65.4699478149414,52.73973083496094,37.67031478881836,36.04875183105469,11.329267501831055,27.143674850463867,40.46002960205078,32.076927185058594,48.69977951049805,39.284793853759766,42.626258850097656,61.69432067871094,23.806791305541992,54.030426025390625
447,447.0,61.193817138671875,35.35005569458008,36.221412658691406,18.158933639526367,50.67061233520508,43.5152587890625,63.97175979614258,51.360843658447266,35.877262115478516,37.709503173828125,10.666264533996582,25.701942443847656,36.472599029541016,31.474754333496094,48.56402587890625,33.66958236694336,42.9240837097168,58.7221565246582,25.143220901489258,55.39973831176758
448,448.0,59.66456604003906,30.945907592773438,37.277889251708984,18.05183219909668,47.24528884887695,45.39793395996094,61.467918395996094,50.27335739135742,36.41161346435547,36.6169319152832,13.427364349365234,26.013469696044922,34.993072509765625,31.022335052490234,45.90109634399414,36.229618072509766,43.44350814819336,55.940773010253906,24.282976150512695,53.35054016113281
449,449.0,58.72078323364258,31.354656219482422,37.9406852722168,19.50972557067871,49.59637451171875,44.395389556884766,60.99115753173828,50.768192291259766,38.198429107666016,37.79408264160156,13.942508697509766,26.059415817260742,35.434776306152344,32.34457778930664,42.92323303222656,34.35529708862305,45.49287414550781,55.158546447753906,23.869094848632812,53.76786804199219
450,450.0,55.14243698120117,32.79351806640625,35.83494186401367,19.84261131286621,44.01976013183594,43.02366638183594,62.76679611206055,49.2053108215332,39.641090393066406,34.36301803588867,16.401329040527344,23.80023193359375,34.559043884277344,30.87374496459961,41.1746826171875,32.5858039855957,48.46696090698242,56.73490905761719,18.639652252197266,53.341026306152344
451,451.0,60.834869384765625,33.083900451660156,37.141632080078125,17.576189041137695,43.27695846557617,42.45805358886719,62.068992614746094,50.644649505615234,39.950748443603516,36.44290542602539,14.671910285949707,24.168577194213867,34.940608978271484,32.81867980957031,41.35520935058594,34.20309829711914,51.37006378173828,53.27569580078125,18.156723022460938,52.023292541503906
452,452.0,60.67724609375,35.052066802978516,37.6840705871582,18.2452335357666,46.47376251220703,41.28667449951172,60.99038314819336,50.72856903076172,39.37815475463867,37.11093521118164,16.98774528503418,23.404264450073242,35.86500930786133,33.60984802246094,43.556060791015625,37.86802673339844,47.834266662597656,56.035343170166016,21.00604248046875,53.07720184326172
453,453.0,62.531124114990234,34.38346481323242,38.30170822143555,21.410442352294922,42.286041259765625,42.76789093017578,62.478858947753906,52.446659088134766,40.4066276550293,39.168609619140625,19.657230377197266,27.180755615234375,37.287109375,32.12253952026367,47.788490295410156,37.448402404785156,50.62712097167969,57.40764236450195,26.042987823486328,57.91487121582031
454,454.0,66.03224182128906,33.332969665527344,41.83137512207031,24.95001983642578,47.94788360595703,46.798728942871094,62.87025451660156,55.945438385009766,41.688560485839844,38.697757720947266,20.989974975585938,28.457677841186523,37.383880615234375,33.12399673461914,46.199127197265625,39.266845703125,49.69392013549805,62.501243591308594,29.089832305908203,57.11973190307617
455,455.0,67.6458740234375,35.79658126831055,40.244728088378906,27.862899780273438,51.96377944946289,48.67613220214844,66.89929962158203,56.46945571899414,42.5625,41.19367218017578,24.004880905151367,29.47100830078125,39.87471389770508,35.989234924316406,48.17317199707031,38.32759094238281,55.49404525756836,65.97050476074219,30.491867065429688,56.63987350463867
456,456.0,74.6041488647461,38.101600646972656,41.19050598144531,28.246477127075195,55.180458068847656,52.56620788574219,70.07276916503906,62.33787155151367,44.45244598388672,44.590824127197266,26.502235412597656,31.688095092773438,40.8533935546875,38.07731628417969,52.2945442199707,43.12234115600586,52.99835968017578,67.9858169555664,30.88202667236328,62.453277587890625
457,457.0,76.69602966308594,39.610164642333984,45.95375442504883,29.873685836791992,58.41559982299805,52.57698059082031,74.1870346069336,69.0291976928711,49.396873474121094,46.25533676147461,28.59109878540039,30.16440200805664,43.28273391723633,41.0178108215332,55.98359680175781,44.97501754760742,56.89023208618164,72.3946533203125,32.66168212890625,65.3964614868164
458,458.0,78.39889526367188,44.823333740234375,48.84709930419922,35.158695220947266,60.84034729003906,56.785614013671875,81.23268127441406,72.18540954589844,52.16617965698242,50.354095458984375,29.98560905456543,31.441287994384766,47.31255340576172,44.7469596862793,59.543121337890625,49.06707000732422,64.2400894165039,77.7103042602539,31.851024627685547,69.25843811035156
459,459.0,82.51966857910156,44.56396484375,49.8427734375,35.14166259765625,63.75374984741211,60.12077331542969,84.02256774902344,75.51974487304688,57.54706573486328,56.02989959716797,33.41322708129883,32.04893112182617,48.51148986816406,48.14626693725586,64.0479736328125,54.37464141845703,67.41983032226562,82.6935806274414,35.573692321777344,70.16475677490234
460,460.0,88.69966888427734,44.172672271728516,52.76072692871094,40.5863151550293,67.12356567382812,61.815818786621094,90.06655883789062,79.8301773071289,59.55577850341797,57.869197845458984,37.869384765625,30.542163848876953,53.63168716430664,52.786224365234375,68.71917724609375,54.43114471435547,68.35102844238281,86.6849365234375,36.51747512817383,77.01820373535156
461,461.0,94.50167846679688,49.3290901184082,55.0334587097168,43.20329666137695,73.28633117675781,65.60063171386719,95.0704116821289,88.74320983886719,61.6386833190918,57.856483459472656,40.61369705200195,35.99677276611328,54.7360954284668,55.39725875854492,74.69342041015625,60.95219039916992,75.91072845458984,92.36870574951172,40.90678024291992,82.28440856933594
462,462.0,100.44903564453125,51.54667663574219,56.08879089355469,46.93913650512695,75.56590270996094,72.19879913330078,103.25985717773438,93.81422424316406,66.55064392089844,61.92888641357422,42.51742172241211,41.09946823120117,59.78034591674805,56.90272521972656,76.5505142211914,61.509239196777344,79.57426452636719,102.21865844726562,46.6622428894043,87.66419219970703
463,463.0,103.34476470947266,55.58656311035156,61.54231262207031,45.14535140991211,80.03005981445312,78.5986328125,109.18266296386719,98.2945785522461,69.64502716064453,65.96424102783203,48.798519134521484,45.79962921142578,64.17425537109375,57.1789665222168,81.86254119873047,63.45904541015625,82.71522521972656,109.92414093017578,51.262672424316406,92.60063171386719
464,464.0,111.39098358154297,58.76502990722656,64.79244995117188,50.20402145385742,83.09697723388672,86.24369812011719,119.06283569335938,105.75435638427734,75.10011291503906,70.66642761230469,47.881080627441406,45.15420150756836,69.14783477783203,62.875999450683594,90.21522521972656,69.30833435058594,85.24647521972656,112.375244140625,52.114654541015625,95.4699478149414
465,465.0,122.16986083984375,63.840763092041016,68.57400512695312,54.437252044677734,88.50172424316406,90.76219177246094,125.46185302734375,113.44274139404297,77.82470703125,71.52945709228516,52.19281005859375,47.71640396118164,74.3320083618164,65.4847183227539,94.56915283203125,74.30027770996094,90.15338134765625,122.85501098632812,55.998939514160156,103.5890884399414
466,466.0,125.66707611083984,66.17313385009766,72.18505859375,58.64392852783203,96.685791015625,93.48443603515625,131.61888122558594,121.26465606689453,80.9039535522461,79.15938568115234,55.13302993774414,51.04004669189453,78.08197784423828,67.5468978881836,103.19029998779297,79.72162628173828,94.95655822753906,129.92868041992188,59.39822769165039,110.00379180908203
467,467.0,131.67161560058594,69.3632583618164,77.98518371582031,60.94727325439453,100.8091812133789,101.39930725097656,138.9153289794922,127.92457580566406,85.1010513305664,80.72948455810547,63.08731460571289,51.623226165771484,82.35669708251953,75.42679595947266,110.62816619873047,84.56904602050781,99.27216339111328,137.90899658203125,64.0633544921875,117.15581512451172
468,468.0,139.46694946289062,77.77178192138672,83.0284194946289,66.00811767578125,106.7421646118164,107.35443115234375,150.03025817871094,135.68104553222656,90.88970947265625,82.8772964477539,66.65837097167969,55.634742736816406,84.7325439453125,78.83114624023438,119.310791015625,92.55416870117188,101.63076782226562,147.44793701171875,68.04743194580078,124.16413879394531
469,469.0,144.03707885742188,79.27423858642578,89.57154846191406,69.98412322998047,112.24729919433594,115.68515014648438,157.54342651367188,142.26841735839844,92.08759307861328,88.0971908569336,67.97065734863281,59.4146614074707,92.01329040527344,86.1424331665039,123.99344635009766,96.2126235961914,104.68915557861328,154.40313720703125,73.64370727539062,130.11756896972656
470,470.0,153.09530639648438,78.7955093383789,93.73614501953125,73.38016510009766,119.61429595947266,119.42975616455078,162.9862060546875,153.080078125,96.46524047851562,92.52623748779297,72.13359832763672,63.07408142089844,100.32698822021484,91.27644348144531,132.75987243652344,100.67167663574219,111.79281616210938,161.724609375,77.19229888916016,137.2357940673828
471,471.0,156.8793487548828,83.68868255615234,97.07604217529297,79.43864440917969,124.36357116699219,126.44966125488281,175.16477966308594,163.06385803222656,105.21814727783203,97.11465454101562,76.6436538696289,66.77288055419922,105.98341369628906,95.9555435180664,137.0490264892578,105.75856018066406,115.92068481445312,170.35366821289062,77.99221801757812,144.80508422851562
472,472.0,163.46983337402344,88.92668151855469,99.29289245605469,81.88904571533203,132.78294372558594,133.43927001953125,182.32122802734375,170.10447692871094,109.16478729248047,100.60394287109375,76.93698120117188,67.92481994628906,110.49433898925781,99.7330093383789,142.79751586914062,111.33596801757812,124.36959075927734,176.6410369873047,81.30878448486328,151.3768310546875
473,473.0,169.02395629882812,91.89694213867188,105.58084869384766,85.41641235351562,137.7960662841797,139.3343963623047,190.60865783691406,176.50856018066406,113.879638671875,101.21003723144531,80.46280670166016,73.09942626953125,109.84129333496094,103.8642807006836,147.28712463378906,112.77204895019531,123.86913299560547,184.16600036621094,87.22449493408203,157.2758026123047
474,474.0,178.43263244628906,94.3085708618164,108.7178726196289,85.673828125,142.2904510498047,145.35107421875,199.55426025390625,185.71092224121094,116.36544799804688,106.92790222167969,86.46199035644531,78.00554656982422,113.84441375732422,108.51510620117188,156.49842834472656,118.86861419677734,129.94064331054688,191.20242309570312,87.92619323730469,166.15350341796875
475,475.0,181.7949981689453,97.30625915527344,112.18065643310547,93.22615814208984,150.97149658203125,150.84815979003906,206.34852600097656,194.778564453125,118.8160171508789,111.23052215576172,88.864990234375,80.51131439208984,119.70184326171875,110.80916595458984,163.4293670654297,126.41829681396484,134.01539611816406,202.58766174316406,94.64070892333984,172.7966766357422
476,476.0,191.4196014404297,105.0172119140625,119.37535095214844,96.22297668457031,155.63475036621094,153.84722900390625,216.92526245117188,200.93002319335938,125.9466552734375,112.36836242675781,93.58496856689453,80.30115509033203,127.232177734375,115.07423400878906,171.66116333007812,132.63182067871094,135.6603240966797,210.26683044433594,95.39350891113281,180.76373291015625
477,477.0,195.80613708496094,106.93917083740234,122.9278564453125,102.27912902832031,157.2791290283203,163.00961303710938,227.49819946289062,208.4909210205078,130.2584228515625,114.45130920410156,95.10658264160156,83.82515716552734,134.47952270507812,120.053466796875,180.13018798828125,138.06280517578125,142.51596069335938,220.62416076660156,102.10833740234375,185.17718505859375
478,478.0,201.89620971679688,112.27632141113281,127.56714630126953,102.92869567871094,163.40635681152344,168.71337890625,233.76681518554688,215.56414794921875,132.9173126220703,121.08758544921875,98.48342895507812,85.91278839111328,136.2369384765625,127.08226776123047,184.00486755371094,139.74868774414062,144.2708282470703,228.08099365234375,104.80472564697266,192.53697204589844
479,479.0,207.3477325439453,112.81021118164062,131.10025024414062,110.48712158203125,167.85691833496094,176.05191040039062,241.08795166015625,226.08848571777344,136.86334228515625,125.76663208007812,101.40062713623047,89.63072967529297,141.6029815673828,127.26102447509766,191.26638793945312,149.25074768066406,152.27194213867188,232.52362060546875,105.25204467773438,199.91714477539062
480,480.0,213.07260131835938,115.83421325683594,136.97653198242188,110.48967742919922,175.75672912597656,183.33245849609375,248.34991455078125,230.40463256835938,139.67791748046875,127.0321273803711,101.44609832763672,92.66273498535156,144.56890869140625,130.9469451904297,196.19259643554688,149.44761657714844,156.1280517578125,243.6829376220703,108.75331115722656,210.24472045898438
481,481.0,221.89466857910156,117.5826644897461,139.84046936035156,113.78809356689453,183.67645263671875,184.2979736328125,255.27615356445312,236.91380310058594,145.7282257080078,132.37364196777344,104.87274169921875,96.92790222167969,147.8409423828125,135.3507537841797,198.41383361816406,154.48887634277344,158.75048828125,248.2705535888672,113.52157592773438,217.58084106445312
482,482.0,226.83970642089844,123.85720825195312,144.2691192626953,121.6441421508789,187.13694763183594,192.267822265625,265.7195129394531,246.02725219726562,147.45172119140625,132.5784149169922,105.53795623779297,97.72098541259766,153.47535705566406,138.132080078125,208.11402893066406,159.48960876464844,160.63735961914062,253.45904541015625,117.48306274414062,220.69676208496094
483,483.0,230.70809936523438,122.73746490478516,148.9224090576172,123.33955383300781,192.86846923828125,196.0643310546875,272.1167907714844,252.1494598388672,153.94781494140625,135.43186950683594,104.55582427978516,100.11983489990234,160.4236297607422,143.8863067626953,215.3525390625,164.33242797851562,167.48397827148438,262.4383544921875,120.0062026977539,224.8646697998047
484,484.0,234.3532257080078,128.8130340576172,149.9873809814453,123.87605285644531,198.1874542236328,197.81544494628906,278.1355285644531,258.57330322265625,156.5973358154297,137.44615173339844,107.97515106201172,100.35879516601562,162.559326171875,146.439697265625,223.25575256347656,166.3672332763672,171.03009033203125,262.4452819824219,122.24622344970703,229.69412231445312
485,485.0,239.417724609375,127.96895599365234,152.8370361328125,124.31033325195312,201.3978729248047,203.10690307617188,282.95831298828125,264.52117919921875,158.30796813964844,142.0625,109.85466003417969,104.4921646118164,168.46514892578125,149.14407348632812,228.4574737548828,171.0862579345703,170.6817626953125,268.17559814453125,123.55548858642578,235.56085205078125
486,486.0,243.5121612548828,133.0170135498047,155.74310302734375,126.60049438476562,204.79879760742188,207.1971893310547,287.9260559082031,270.25408935546875,160.05880737304688,146.92306518554688,109.71234893798828,108.6788101196289,169.86294555664062,150.789794921875,230.65740966796875,172.68304443359375,173.56797790527344,275.5198669433594,126.79388427734375,244.31312561035156
487,487.0,246.09060668945312,132.87319946289062,156.6881103515625,128.18621826171875,207.8724822998047,210.92312622070312,294.37310791015625,275.3590393066406,160.7080535888672,146.8513946533203,112.77828216552734,109.23841857910156,173.3206329345703,153.67849731445312,234.88473510742188,174.11907958984375,176.0920867919922,282.1667785644531,128.81813049316406,246.00421142578125
488,488.0,247.5680389404297,134.03097534179688,159.04725646972656,129.06582641601562,212.44891357421875,212.4396209716797,297.6167297363281,277.5163879394531,162.78501892089844,149.3291473388672,110.77853393554688,109.13228607177734,175.7223663330078,157.0940399169922,236.52569580078125,174.94332885742188,175.962158203125,281.9764709472656,126.02904510498047,250.63229370117188
489,489.0,251.76490783691406,134.61573791503906,160.28138732910156,129.75180053710938,212.24916076660156,218.8564910888672,301.4066162109375,280.76263427734375,166.38037109375,148.30209350585938,114.40779113769531,111.44664001464844,178.343017578125,155.87815856933594,237.6609649658203,176.56617736816406,176.04307556152344,284.9842224121094,126.47340393066406,251.96096801757812
490,490.0,254.86181640625,134.26783752441406,163.4993438720703,130.07424926757812,213.88088989257812,220.41354370117188,305.6791076660156,281.6704406738281,167.23497009277344,148.9288330078125,115.14164733886719,115.77672576904297,177.78387451171875,158.29417419433594,237.63829040527344,177.75439453125,176.07505798339844,287.3587341308594,131.02467346191406,252.71697998046875
491,491.0,256.2198181152344,136.21279907226562,163.79234313964844,129.75616455078125,217.2617645263672,221.1930389404297,304.27398681640625,285.9890441894531,164.8853302001953,148.70782470703125,113.0094985961914,113.82670593261719,175.58990478515625,159.9640655517578,244.28733825683594,176.67910766601562,180.4452362060547,289.0356750488281,132.1551971435547,256.2342224121094
492,492.0,254.63363647460938,136.45382690429688,164.57730102539062,131.95516967773438,222.3813934326172,222.82508850097656,309.2018127441406,286.3942565917969,166.21839904785156,151.05337524414062,112.46305084228516,115.85224914550781,175.46554565429688,160.24533081054688,243.59954833984375,177.20138549804688,181.0640869140625,292.429931640625,132.6002960205078,258.0381774902344
493,493.0,254.80580139160156,137.5638885498047,167.66732788085938,130.41477966308594,223.3290252685547,222.74195861816406,309.2384033203125,283.78009033203125,165.18508911132812,150.9859619140625,112.4107666015625,116.10964965820312,182.45620727539062,157.7427520751953,244.1680145263672,177.62403869628906,180.07632446289062,289.725830078125,130.4825897216797,256.6798400878906
494,494.0,254.9202880859375,140.4638214111328,165.97312927246094,131.66836547851562,223.25686645507812,222.3253936767578,309.9551696777344,283.13543701171875,165.59439086914062,150.63514709472656,109.27596282958984,116.97596740722656,184.63836669921875,161.4127960205078,242.94268798828125,179.35060119628906,178.06759643554688,293.0216369628906,131.8879852294922,256.5558776855469
495,495.0,251.55990600585938,138.75538635253906,162.50404357910156,133.40478515625,222.28880310058594,222.58290100097656,310.56365966796875,284.7744140625,164.21884155273438,146.67388916015625,111.74781799316406,114.6800308227539,181.36758422851562,162.6853485107422,244.99366760253906,179.25320434570312,177.5481414794922,294.75830078125,131.54638671875,258.72308349609375
496,496.0,251.0673828125,139.03477478027344,164.82757568359375,135.5857696533203,225.82044982910156,223.88009643554688,309.4618225097656,285.73681640625,163.54592895507812,147.4776611328125,110.65849304199219,113.47280883789062,180.1811981201172,162.16043090820312,244.3583221435547,180.8378448486328,175.11865234375,289.3108825683594,131.72337341308594,258.35235595703125
497,497.0,248.6478729248047,135.05056762695312,162.96099853515625,131.01287841796875,224.85400390625,222.953369140625,310.2383117675781,284.4955139160156,161.42640686035156,147.27151489257812,115.05921936035156,115.25700378417969,178.75894165039062,159.432861328125,244.26287841796875,178.9295654296875,173.58738708496094,287.2373962402344,129.75267028808594,255.72525024414062
498,498.0,247.73892211914062,135.5150909423828,162.28631591796875,129.6850128173828,220.91702270507812,220.04071044921875,312.3526306152344,279.3783874511719,160.48252868652344,142.5550537109375,111.5872802734375,116.4211196899414,175.6005096435547,160.2980499267578,245.5993194580078,177.31423950195312,171.82229614257812,285.5530090332031,131.71482849121094,253.67889404296875
499,499.0,244.63613891601562,136.30978393554688,162.67620849609375,127.87950897216797,221.19488525390625,217.36744689941406,308.3222351074219,280.6087646484375,158.0735626220703,140.6450958251953,107.67327117919922,116.99321746826172,175.39895629882812,157.60708618164062,242.37094116210938,176.01577758789062,170.5353546142578,287.6197814941406,128.28173828125,251.74620056152344
500,500.0,244.89297485351562,138.2160186767578,161.71041870117188,123.59927368164062,219.69662475585938,218.26022338867188,303.1227111816406,276.3554992675781,154.9914093017578,137.7591094970703,103.3871078491211,112.31780242919922,172.30398559570312,156.65664672851562,239.4797821044922,172.31158447265625,169.012451171875,282.31170654296875,127.26300048828125,253.01129150390625
